{
	"name": "Sprite",
	"plugin-id": "Sprite",
	"sid": 838414599978154,
	"isGlobal": false,
	"instanceVariables": [
		{
			"name": "IsClickable",
			"type": "string",
			"desc": "",
			"show": true,
			"sid": 301967872882821
		},
		{
			"name": "Goto",
			"type": "string",
			"desc": "",
			"show": true,
			"sid": 197548159460668
		},
		{
			"name": "Item",
			"type": "string",
			"desc": "",
			"show": true,
			"sid": 506719953847510
		}
	],
	"behaviorTypes": [
		{
			"behaviorId": "Tween",
			"name": "Tween",
			"sid": 100504476908924
		}
	],
	"effectTypes": [],
	"animations": {
		"items": [
			{
				"frames": [
					{
						"width": 1644,
						"height": 546,
						"originX": 0.5,
						"originY": 0.5,
						"originalSource": "",
						"exportFormat": "lossless",
						"exportQuality": 0.8,
						"imageSpriteId": 5230546,
						"useCollisionPoly": true,
						"duration": 1,
						"tag": ""
					},
					{
						"width": 402,
						"height": 421,
						"originX": 0.5,
						"originY": 0.5,
						"originalSource": "",
						"exportFormat": "lossless",
						"exportQuality": 0.8,
						"imageSpriteId": 6904593,
						"useCollisionPoly": true,
						"duration": 1,
						"tag": ""
					},
					{
						"width": 399,
						"height": 865,
						"originX": 0.5,
						"originY": 0.5,
						"originalSource": "",
						"exportFormat": "lossless",
						"exportQuality": 0.8,
						"imageSpriteId": 8445621,
						"useCollisionPoly": true,
						"duration": 1,
						"tag": ""
					},
					{
						"width": 1542,
						"height": 700,
						"originX": 0.5,
						"originY": 0.5,
						"originalSource": "",
						"exportFormat": "lossless",
						"exportQuality": 0.8,
						"imageSpriteId": 4050303,
						"useCollisionPoly": true,
						"duration": 1,
						"tag": ""
					},
					{
						"width": 1542,
						"height": 700,
						"originX": 0.5,
						"originY": 0.5,
						"originalSource": "",
						"exportFormat": "lossless",
						"exportQuality": 0.8,
						"imageSpriteId": 2357576,
						"useCollisionPoly": true,
						"duration": 1,
						"tag": ""
					},
					{
						"width": 1542,
						"height": 700,
						"originX": 0.5,
						"originY": 0.5,
						"originalSource": "",
						"exportFormat": "lossless",
						"exportQuality": 0.8,
						"imageSpriteId": 1650817,
						"useCollisionPoly": true,
						"duration": 1,
						"tag": ""
					},
					{
						"width": 610,
						"height": 169,
						"originX": 0.5,
						"originY": 0.5,
						"originalSource": "",
						"exportFormat": "lossless",
						"exportQuality": 0.8,
						"imageSpriteId": 9125350,
						"useCollisionPoly": true,
						"duration": 1,
						"tag": ""
					},
					{
						"width": 420,
						"height": 413,
						"originX": 0.5,
						"originY": 0.5,
						"originalSource": "",
						"exportFormat": "lossless",
						"exportQuality": 0.8,
						"imageSpriteId": 3074697,
						"useCollisionPoly": true,
						"duration": 1,
						"tag": ""
					},
					{
						"width": 420,
						"height": 413,
						"originX": 0.5,
						"originY": 0.5,
						"originalSource": "",
						"exportFormat": "lossless",
						"exportQuality": 0.8,
						"imageSpriteId": 1795725,
						"useCollisionPoly": true,
						"duration": 1,
						"tag": ""
					},
					{
						"width": 420,
						"height": 413,
						"originX": 0.5,
						"originY": 0.5,
						"originalSource": "",
						"exportFormat": "lossless",
						"exportQuality": 0.8,
						"imageSpriteId": 7698959,
						"useCollisionPoly": true,
						"duration": 1,
						"tag": ""
					},
					{
						"width": 1920,
						"height": 1080,
						"originX": 0.5,
						"originY": 0.5,
						"originalSource": "",
						"exportFormat": "lossless",
						"exportQuality": 0.8,
						"imageSpriteId": 7844012,
						"useCollisionPoly": true,
						"duration": 1,
						"tag": ""
					},
					{
						"width": 300,
						"height": 103,
						"originX": 0.5,
						"originY": 0.5,
						"originalSource": "",
						"exportFormat": "lossless",
						"exportQuality": 0.8,
						"imageSpriteId": 1712981,
						"useCollisionPoly": true,
						"duration": 1,
						"tag": ""
					},
					{
						"width": 1332,
						"height": 704,
						"originX": 0.5,
						"originY": 0.5,
						"originalSource": "",
						"exportFormat": "lossless",
						"exportQuality": 0.8,
						"imageSpriteId": 8892507,
						"collisionPoly": {
							"points": [
								0,
								0.0014204545454545455,
								1,
								0.0014204545454545455,
								1,
								1,
								0,
								1
							]
						},
						"useCollisionPoly": true,
						"duration": 1,
						"tag": ""
					},
					{
						"width": 533,
						"height": 297,
						"originX": 0.5,
						"originY": 0.5,
						"originalSource": "",
						"exportFormat": "lossless",
						"exportQuality": 0.8,
						"imageSpriteId": 1251273,
						"useCollisionPoly": true,
						"duration": 1,
						"tag": ""
					},
					{
						"width": 524,
						"height": 291,
						"originX": 0.5,
						"originY": 0.5,
						"originalSource": "",
						"exportFormat": "lossless",
						"exportQuality": 0.8,
						"imageSpriteId": 2333410,
						"useCollisionPoly": true,
						"duration": 1,
						"tag": ""
					},
					{
						"width": 524,
						"height": 326,
						"originX": 0.5,
						"originY": 0.5,
						"originalSource": "",
						"exportFormat": "lossless",
						"exportQuality": 0.8,
						"imageSpriteId": 5565891,
						"useCollisionPoly": true,
						"duration": 1,
						"tag": ""
					},
					{
						"width": 1619,
						"height": 903,
						"originX": 0.5,
						"originY": 0.5,
						"originalSource": "",
						"exportFormat": "lossless",
						"exportQuality": 0.8,
						"imageSpriteId": 6459480,
						"collisionPoly": {
							"points": [
								0,
								0.0011074197120708748,
								1,
								0.0011074197120708748,
								1,
								1,
								0,
								1
							]
						},
						"useCollisionPoly": true,
						"duration": 1,
						"tag": ""
					},
					{
						"width": 205,
						"height": 63,
						"originX": 0.5,
						"originY": 0.5,
						"originalSource": "",
						"exportFormat": "lossless",
						"exportQuality": 0.8,
						"imageSpriteId": 5730572,
						"useCollisionPoly": true,
						"duration": 1,
						"tag": ""
					},
					{
						"width": 1619,
						"height": 892,
						"originX": 0.5,
						"originY": 0.5,
						"originalSource": "",
						"exportFormat": "lossless",
						"exportQuality": 0.8,
						"imageSpriteId": 6787807,
						"useCollisionPoly": true,
						"duration": 1,
						"tag": ""
					},
					{
						"width": 1618,
						"height": 892,
						"originX": 0.5,
						"originY": 0.5,
						"originalSource": "",
						"exportFormat": "lossless",
						"exportQuality": 0.8,
						"imageSpriteId": 4412397,
						"useCollisionPoly": true,
						"duration": 1,
						"tag": ""
					},
					{
						"width": 1618,
						"height": 892,
						"originX": 0.5,
						"originY": 0.5,
						"originalSource": "",
						"exportFormat": "lossless",
						"exportQuality": 0.8,
						"imageSpriteId": 4270034,
						"useCollisionPoly": true,
						"duration": 1,
						"tag": ""
					},
					{
						"width": 1920,
						"height": 1080,
						"originX": 0.5,
						"originY": 0.5,
						"originalSource": "",
						"exportFormat": "lossless",
						"exportQuality": 0.8,
						"imageSpriteId": 9412083,
						"useCollisionPoly": true,
						"duration": 1,
						"tag": ""
					},
					{
						"width": 182,
						"height": 174,
						"originX": 0.5,
						"originY": 0.5,
						"originalSource": "",
						"exportFormat": "lossless",
						"exportQuality": 0.8,
						"imageSpriteId": 270445,
						"useCollisionPoly": true,
						"duration": 1,
						"tag": ""
					},
					{
						"width": 393,
						"height": 143,
						"originX": 0.5,
						"originY": 0.5,
						"originalSource": "",
						"exportFormat": "lossless",
						"exportQuality": 0.8,
						"imageSpriteId": 6293953,
						"useCollisionPoly": true,
						"duration": 1,
						"tag": ""
					},
					{
						"width": 125,
						"height": 124,
						"originX": 0.5,
						"originY": 0.5,
						"originalSource": "",
						"exportFormat": "lossless",
						"exportQuality": 0.8,
						"imageSpriteId": 762873,
						"useCollisionPoly": true,
						"duration": 1,
						"tag": ""
					},
					{
						"width": 362,
						"height": 89,
						"originX": 0.5,
						"originY": 0.5,
						"originalSource": "",
						"exportFormat": "lossless",
						"exportQuality": 0.8,
						"imageSpriteId": 4304721,
						"collisionPoly": {
							"points": [
								0,
								0.011235955056179775,
								1,
								0.011235955056179775,
								1,
								1,
								0,
								1
							]
						},
						"useCollisionPoly": true,
						"duration": 1,
						"tag": ""
					},
					{
						"width": 1705,
						"height": 961,
						"originX": 0.5,
						"originY": 0.5,
						"originalSource": "",
						"exportFormat": "lossless",
						"exportQuality": 0.8,
						"imageSpriteId": 5727891,
						"useCollisionPoly": true,
						"duration": 1,
						"tag": ""
					},
					{
						"width": 1727,
						"height": 973,
						"originX": 0.5,
						"originY": 0.5,
						"originalSource": "",
						"exportFormat": "lossless",
						"exportQuality": 0.8,
						"imageSpriteId": 133581,
						"collisionPoly": {
							"points": [
								0,
								0.0010277492291880781,
								1,
								0.0010277492291880781,
								1,
								1,
								0,
								1
							]
						},
						"useCollisionPoly": true,
						"duration": 1,
						"tag": ""
					},
					{
						"width": 300,
						"height": 104,
						"originX": 0.5,
						"originY": 0.5,
						"originalSource": "",
						"exportFormat": "lossless",
						"exportQuality": 0.8,
						"imageSpriteId": 3030367,
						"useCollisionPoly": true,
						"duration": 1,
						"tag": ""
					},
					{
						"width": 81,
						"height": 83,
						"originX": 0.5,
						"originY": 0.5,
						"originalSource": "",
						"exportFormat": "lossless",
						"exportQuality": 0.8,
						"imageSpriteId": 6164723,
						"collisionPoly": {
							"points": [
								0.012345679012345678,
								0,
								1,
								0,
								1,
								1,
								0.012345679012345678,
								1
							]
						},
						"useCollisionPoly": true,
						"duration": 1,
						"tag": ""
					},
					{
						"width": 599,
						"height": 662,
						"originX": 0.5,
						"originY": 0.5,
						"originalSource": "",
						"exportFormat": "lossless",
						"exportQuality": 0.8,
						"imageSpriteId": 5928876,
						"useCollisionPoly": true,
						"duration": 1,
						"tag": ""
					},
					{
						"width": 626,
						"height": 616,
						"originX": 0.5,
						"originY": 0.5,
						"originalSource": "",
						"exportFormat": "lossless",
						"exportQuality": 0.8,
						"imageSpriteId": 5760365,
						"useCollisionPoly": true,
						"duration": 1,
						"tag": ""
					},
					{
						"width": 664,
						"height": 620,
						"originX": 0.5,
						"originY": 0.5,
						"originalSource": "",
						"exportFormat": "lossless",
						"exportQuality": 0.8,
						"imageSpriteId": 4380752,
						"useCollisionPoly": true,
						"duration": 1,
						"tag": ""
					},
					{
						"width": 663,
						"height": 621,
						"originX": 0.5,
						"originY": 0.5,
						"originalSource": "",
						"exportFormat": "lossless",
						"exportQuality": 0.8,
						"imageSpriteId": 3358493,
						"useCollisionPoly": true,
						"duration": 1,
						"tag": ""
					},
					{
						"width": 654,
						"height": 621,
						"originX": 0.5,
						"originY": 0.5,
						"originalSource": "",
						"exportFormat": "lossless",
						"exportQuality": 0.8,
						"imageSpriteId": 5909964,
						"useCollisionPoly": true,
						"duration": 1,
						"tag": ""
					},
					{
						"width": 641,
						"height": 621,
						"originX": 0.5,
						"originY": 0.5,
						"originalSource": "",
						"exportFormat": "lossless",
						"exportQuality": 0.8,
						"imageSpriteId": 9999121,
						"useCollisionPoly": true,
						"duration": 1,
						"tag": ""
					},
					{
						"width": 771,
						"height": 186,
						"originX": 0.5,
						"originY": 0.5,
						"originalSource": "",
						"exportFormat": "lossless",
						"exportQuality": 0.8,
						"imageSpriteId": 5851841,
						"collisionPoly": {
							"points": [
								1,
								1,
								0,
								1,
								0,
								0,
								1,
								0
							]
						},
						"useCollisionPoly": true,
						"duration": 1,
						"tag": ""
					},
					{
						"width": 1920,
						"height": 1080,
						"originX": 0.5,
						"originY": 0.5,
						"originalSource": "",
						"exportFormat": "lossless",
						"exportQuality": 0.8,
						"imageSpriteId": 8669184,
						"useCollisionPoly": true,
						"duration": 1,
						"tag": ""
					},
					{
						"width": 1920,
						"height": 1080,
						"originX": 0.5,
						"originY": 0.5,
						"originalSource": "",
						"exportFormat": "lossless",
						"exportQuality": 0.8,
						"imageSpriteId": 6899065,
						"useCollisionPoly": true,
						"duration": 1,
						"tag": ""
					},
					{
						"width": 1920,
						"height": 1080,
						"originX": 0.5,
						"originY": 0.5,
						"originalSource": "",
						"exportFormat": "lossless",
						"exportQuality": 0.8,
						"imageSpriteId": 3343508,
						"useCollisionPoly": true,
						"duration": 1,
						"tag": ""
					},
					{
						"width": 167,
						"height": 167,
						"originX": 0.5,
						"originY": 0.5,
						"originalSource": "",
						"exportFormat": "lossless",
						"exportQuality": 0.8,
						"imageSpriteId": 1683413,
						"useCollisionPoly": true,
						"duration": 1,
						"tag": ""
					},
					{
						"width": 42,
						"height": 270,
						"originX": 0.5,
						"originY": 0.5,
						"originalSource": "",
						"exportFormat": "lossless",
						"exportQuality": 0.8,
						"imageSpriteId": 2108716,
						"collisionPoly": {
							"points": [
								0,
								0,
								1,
								0,
								1,
								0.5740740740740742,
								0,
								0.5740740740740742
							]
						},
						"useCollisionPoly": true,
						"duration": 1,
						"tag": ""
					},
					{
						"width": 200,
						"height": 200,
						"originX": 0.5,
						"originY": 0.5,
						"originalSource": "",
						"exportFormat": "lossless",
						"exportQuality": 0.8,
						"imageSpriteId": 1962367,
						"collisionPoly": {
							"points": [
								0,
								0,
								0.21,
								0,
								0.21,
								1,
								0,
								1
							]
						},
						"useCollisionPoly": true,
						"duration": 1,
						"tag": ""
					},
					{
						"width": 200,
						"height": 200,
						"originX": 0.5,
						"originY": 0.5,
						"originalSource": "",
						"exportFormat": "lossless",
						"exportQuality": 0.8,
						"imageSpriteId": 5611244,
						"collisionPoly": {
							"points": [
								0,
								0,
								0.21,
								0,
								0.21,
								1,
								0,
								1
							]
						},
						"useCollisionPoly": true,
						"duration": 1,
						"tag": ""
					},
					{
						"width": 200,
						"height": 200,
						"originX": 0.5,
						"originY": 0.5,
						"originalSource": "",
						"exportFormat": "lossless",
						"exportQuality": 0.8,
						"imageSpriteId": 8583115,
						"collisionPoly": {
							"points": [
								0,
								0,
								0.21,
								0,
								0.21,
								1,
								0,
								1
							]
						},
						"useCollisionPoly": true,
						"duration": 1,
						"tag": ""
					}
				],
				"sid": 257098260863145,
				"name": "Animation 1",
				"isLooping": false,
				"isPingPong": false,
				"repeatCount": 1,
				"repeatTo": 0,
				"speed": 0
			}
		],
		"subfolders": []
	}
}