{
	"name": "Garisan",
	"plugin-id": "TiledBg",
	"sid": 980874230181014,
	"isGlobal": false,
	"instanceVariables": [
		{
			"name": "Jawapan",
			"type": "number",
			"desc": "",
			"show": true,
			"sid": 932021024276596
		},
		{
			"name": "Done",
			"type": "boolean",
			"desc": "",
			"show": true,
			"sid": 249390184228774
		}
	],
	"behaviorTypes": [],
	"effectTypes": [],
	"image": {
		"width": 25,
		"height": 25,
		"originX": 0.5,
		"originY": 0.5,
		"originalSource": "",
		"exportFormat": "lossless",
		"exportQuality": 0.8,
		"imageSpriteId": 3456171,
		"useCollisionPoly": true,
		"tag": ""
	}
}