{
	"name": "layout3",
	"events": [
		{
			"eventType": "block",
			"conditions": [
				{
					"id": "on-start-of-layout",
					"objectClass": "System",
					"sid": 310186822300051
				},
				{
					"id": "compare-instance-variable",
					"objectClass": "Sprite3",
					"sid": 797290733013196,
					"parameters": {
						"instance-variable": "item",
						"comparison": 1,
						"value": "0"
					}
				}
			],
			"actions": [
				{
					"id": "set-opacity",
					"objectClass": "Sprite3",
					"sid": 396480872703803,
					"parameters": {
						"opacity": "0"
					}
				},
				{
					"id": "set-eventvar-value",
					"objectClass": "System",
					"sid": 461234600981518,
					"parameters": {
						"variable": "giliran",
						"value": "1"
					}
				}
			],
			"sid": 231976428215795,
			"children": [
				{
					"eventType": "comment",
					"text": "next layout"
				},
				{
					"eventType": "block",
					"conditions": [],
					"actions": [
						{
							"id": "wait",
							"objectClass": "System",
							"sid": 902693337446767,
							"parameters": {
								"seconds": "5"
							}
						},
						{
							"id": "go-to-layout",
							"objectClass": "System",
							"sid": 470889990200454,
							"parameters": {
								"layout": "Layout 4"
							}
						}
					],
					"sid": 809363526217191
				}
			]
		},
		{
			"eventType": "comment",
			"text": "keluar satu2"
		},
		{
			"eventType": "variable",
			"name": "giliran",
			"type": "number",
			"initialValue": "1",
			"comment": "",
			"isStatic": false,
			"isConstant": false,
			"sid": 838435270919398
		},
		{
			"eventType": "block",
			"conditions": [
				{
					"id": "every-x-seconds",
					"objectClass": "System",
					"sid": 463377446503214,
					"parameters": {
						"interval-seconds": "1.0"
					}
				},
				{
					"id": "compare-instance-variable",
					"objectClass": "Sprite3",
					"sid": 375892228829856,
					"parameters": {
						"instance-variable": "item",
						"comparison": 0,
						"value": "giliran"
					}
				}
			],
			"actions": [
				{
					"id": "tween-one-property",
					"objectClass": "Sprite3",
					"sid": 242200133959516,
					"behaviorType": "Tween",
					"parameters": {
						"tags": "\"\"",
						"property": "offsetOpacity",
						"end-value": "100",
						"time": "1",
						"ease": "default",
						"destroy-on-complete": "no",
						"loop": "no",
						"ping-pong": "no"
					}
				},
				{
					"id": "add-to-eventvar",
					"objectClass": "System",
					"sid": 757012583541220,
					"parameters": {
						"variable": "giliran",
						"value": "1"
					}
				}
			],
			"sid": 841456212102899
		}
	],
	"sid": 958501475678492
}