{
	"name": "layout7",
	"events": [
		{
			"eventType": "block",
			"conditions": [
				{
					"id": "on-start-of-layout",
					"objectClass": "System",
					"sid": 698754516950721
				},
				{
					"id": "compare-instance-variable",
					"objectClass": "Sprite4",
					"sid": 923219301531958,
					"parameters": {
						"instance-variable": "item",
						"comparison": 0,
						"value": "1"
					}
				}
			],
			"actions": [
				{
					"id": "set-animation-frame",
					"objectClass": "Sprite4",
					"sid": 181920231377951,
					"parameters": {
						"frame-number": "characterPilih"
					}
				},
				{
					"id": "set-scale",
					"objectClass": "Sprite4",
					"sid": 735409354979640,
					"parameters": {
						"scale": "0"
					}
				},
				{
					"id": "tween-two-properties",
					"objectClass": "Sprite4",
					"sid": 307765980921159,
					"behaviorType": "Tween",
					"parameters": {
						"tags": "\"\"",
						"property": "scale",
						"end-x": "1.3",
						"end-y": "1.3",
						"time": "0.5",
						"ease": "default",
						"destroy-on-complete": "no",
						"loop": "no",
						"ping-pong": "no"
					}
				},
				{
					"id": "set-css-style",
					"objectClass": "TextBox",
					"sid": 798875519077052,
					"parameters": {
						"property-name": "\"text-align\"",
						"value": "\"center\""
					}
				},
				{
					"id": "set-css-style",
					"objectClass": "TextBox",
					"sid": 348334441390481,
					"parameters": {
						"property-name": "\"font-size\"",
						"value": "\"30px\""
					}
				}
			],
			"sid": 797819672042425
		},
		{
			"eventType": "comment",
			"text": "keluar next kalau ada tulisan"
		},
		{
			"eventType": "block",
			"conditions": [
				{
					"id": "on-text-changed",
					"objectClass": "TextBox",
					"sid": 623300538192622
				}
			],
			"actions": [],
			"sid": 822813381286877,
			"children": [
				{
					"eventType": "block",
					"conditions": [
						{
							"id": "compare-text",
							"objectClass": "TextBox",
							"sid": 155474649417272,
							"parameters": {
								"text": "\"\"",
								"case": "case-insensitive"
							},
							"isInverted": true
						}
					],
					"actions": [
						{
							"id": "set-visible",
							"objectClass": "nextButton",
							"sid": 294706913991752,
							"parameters": {
								"visibility": "visible"
							}
						}
					],
					"sid": 345609651907935
				},
				{
					"eventType": "block",
					"conditions": [
						{
							"id": "else",
							"objectClass": "System",
							"sid": 197648727213925
						}
					],
					"actions": [
						{
							"id": "set-visible",
							"objectClass": "nextButton",
							"sid": 239690058420845,
							"parameters": {
								"visibility": "invisible"
							}
						}
					],
					"sid": 648874768532527
				}
			]
		},
		{
			"eventType": "comment",
			"text": "feedback"
		},
		{
			"eventType": "block",
			"conditions": [
				{
					"id": "on-touched-object",
					"objectClass": "Touch",
					"sid": 251925319497686,
					"parameters": {
						"object": "nextButton"
					}
				},
				{
					"id": "is-visible",
					"objectClass": "nextButton",
					"sid": 529919150034077
				}
			],
			"actions": [
				{
					"id": "set-opacity",
					"objectClass": "nextButton",
					"sid": 266264641677348,
					"parameters": {
						"opacity": "80"
					}
				}
			],
			"sid": 221541915161056
		},
		{
			"eventType": "block",
			"conditions": [
				{
					"id": "on-any-touch-end",
					"objectClass": "Touch",
					"sid": 177196819061658
				},
				{
					"id": "is-visible",
					"objectClass": "nextButton",
					"sid": 495674286715174
				}
			],
			"actions": [
				{
					"id": "set-opacity",
					"objectClass": "nextButton",
					"sid": 286561419947113,
					"parameters": {
						"opacity": "100"
					}
				}
			],
			"sid": 996326070789889
		},
		{
			"eventType": "block",
			"conditions": [
				{
					"id": "on-tap-object",
					"objectClass": "Touch",
					"sid": 646864864097384,
					"parameters": {
						"object": "nextButton"
					}
				},
				{
					"id": "is-visible",
					"objectClass": "nextButton",
					"sid": 557628394246259
				}
			],
			"actions": [
				{
					"id": "go-to-layout",
					"objectClass": "System",
					"sid": 706724203174479,
					"parameters": {
						"layout": "Layout 8"
					}
				}
			],
			"sid": 946599912962655
		}
	],
	"sid": 582734680446477
}