{
	"name": "layout6",
	"events": [
		{
			"eventType": "variable",
			"name": "characterPilih",
			"type": "number",
			"initialValue": "1",
			"comment": "",
			"isStatic": false,
			"isConstant": false,
			"sid": 393744197173276
		},
		{
			"eventType": "block",
			"conditions": [
				{
					"id": "on-tap-object",
					"objectClass": "Touch",
					"sid": 314270368963383,
					"parameters": {
						"object": "Sprite4"
					}
				},
				{
					"id": "compare-instance-variable",
					"objectClass": "Sprite4",
					"sid": 530891026872954,
					"parameters": {
						"instance-variable": "item",
						"comparison": 0,
						"value": "1"
					}
				}
			],
			"actions": [
				{
					"id": "set-eventvar-value",
					"objectClass": "System",
					"sid": 106721859853244,
					"parameters": {
						"variable": "characterPilih",
						"value": "Sprite4.AnimationFrame"
					}
				},
				{
					"id": "go-to-layout",
					"objectClass": "System",
					"sid": 963586188281086,
					"parameters": {
						"layout": "Layout 7"
					}
				}
			],
			"sid": 193295874095307
		},
		{
			"eventType": "block",
			"conditions": [
				{
					"id": "on-touched-object",
					"objectClass": "Touch",
					"sid": 317668581165658,
					"parameters": {
						"object": "Sprite4"
					}
				},
				{
					"id": "compare-instance-variable",
					"objectClass": "Sprite4",
					"sid": 991718227919436,
					"parameters": {
						"instance-variable": "item",
						"comparison": 0,
						"value": "1"
					}
				}
			],
			"actions": [
				{
					"id": "set-opacity",
					"objectClass": "Sprite4",
					"sid": 887490309159291,
					"parameters": {
						"opacity": "80"
					}
				}
			],
			"sid": 248387423997077
		},
		{
			"eventType": "block",
			"conditions": [
				{
					"id": "on-any-touch-end",
					"objectClass": "Touch",
					"sid": 874948024866463
				}
			],
			"actions": [
				{
					"id": "set-opacity",
					"objectClass": "Sprite4",
					"sid": 731149211389597,
					"parameters": {
						"opacity": "100"
					}
				}
			],
			"sid": 785543169567910
		}
	],
	"sid": 773449793892595
}