{
	"name": "Event sheet 2",
	"events": [
		{
			"eventType": "block",
			"conditions": [
				{
					"id": "on-start-of-layout",
					"objectClass": "System",
					"sid": 487571019329565
				}
			],
			"actions": [
				{
					"id": "set-size",
					"objectClass": "Sprite",
					"sid": 750501793659513,
					"parameters": {
						"width": "1",
						"height": "1"
					}
				},
				{
					"id": "set-eventvar-value",
					"objectClass": "System",
					"sid": 910383504207778,
					"parameters": {
						"variable": "number",
						"value": "1"
					}
				},
				{
					"id": "set-size",
					"objectClass": "Sprite2",
					"sid": 878388524970943,
					"parameters": {
						"width": "0",
						"height": "0"
					}
				}
			],
			"sid": 184936678307007
		},
		{
			"eventType": "variable",
			"name": "number",
			"type": "number",
			"initialValue": "1",
			"comment": "",
			"isStatic": false,
			"isConstant": false,
			"sid": 732789511266064
		},
		{
			"eventType": "variable",
			"name": "animationES2dah",
			"type": "boolean",
			"initialValue": "false",
			"comment": "",
			"isStatic": false,
			"isConstant": false,
			"sid": 396060867490419
		},
		{
			"eventType": "comment",
			"text": "animation first"
		},
		{
			"eventType": "block",
			"conditions": [
				{
					"id": "compare-eventvar",
					"objectClass": "System",
					"sid": 126611071999541,
					"parameters": {
						"variable": "number",
						"comparison": 3,
						"value": "5"
					}
				},
				{
					"id": "every-x-seconds",
					"objectClass": "System",
					"sid": 219691188726846,
					"parameters": {
						"interval-seconds": "1.0"
					}
				}
			],
			"actions": [],
			"sid": 132602458471845,
			"children": [
				{
					"eventType": "block",
					"conditions": [
						{
							"id": "compare-instance-variable",
							"objectClass": "Sprite",
							"sid": 421321313780669,
							"parameters": {
								"instance-variable": "item",
								"comparison": 0,
								"value": "number"
							}
						}
					],
					"actions": [
						{
							"id": "tween-two-properties",
							"objectClass": "Sprite",
							"sid": 571950255857681,
							"behaviorType": "Tween",
							"parameters": {
								"tags": "\"\"",
								"property": "size",
								"end-x": "77.721",
								"end-y": "125.282",
								"time": "1",
								"ease": "easeoutelastic",
								"destroy-on-complete": "no",
								"loop": "no",
								"ping-pong": "no"
							}
						},
						{
							"id": "add-to-eventvar",
							"objectClass": "System",
							"sid": 406855145418894,
							"parameters": {
								"variable": "number",
								"value": "1"
							}
						}
					],
					"sid": 735523393938007
				},
				{
					"eventType": "comment",
					"text": "habis Count"
				},
				{
					"eventType": "block",
					"conditions": [
						{
							"id": "compare-eventvar",
							"objectClass": "System",
							"sid": 873917091868990,
							"parameters": {
								"variable": "number",
								"comparison": 0,
								"value": "6"
							}
						},
						{
							"id": "trigger-once-while-true",
							"objectClass": "System",
							"sid": 640345891637006
						}
					],
					"actions": [
						{
							"id": "wait",
							"objectClass": "System",
							"sid": 106144013757370,
							"parameters": {
								"seconds": "1.0"
							}
						},
						{
							"id": "tween-two-properties",
							"objectClass": "camera",
							"sid": 287075399453059,
							"behaviorType": "Tween",
							"parameters": {
								"tags": "\"\"",
								"property": "position",
								"end-x": "2880",
								"end-y": "487",
								"time": "1",
								"ease": "default",
								"destroy-on-complete": "no",
								"loop": "no",
								"ping-pong": "no"
							}
						},
						{
							"id": "wait",
							"objectClass": "System",
							"sid": 942732879887481,
							"parameters": {
								"seconds": "1.5"
							}
						},
						{
							"id": "call-function",
							"objectClass": "Function",
							"sid": 474981481941468,
							"parameters": {
								"name": "\"animationPrincess\"",
								"parameter-n": []
							}
						}
					],
					"sid": 675771387147949
				}
			]
		},
		{
			"eventType": "comment",
			"text": "anim princess"
		},
		{
			"eventType": "block",
			"conditions": [
				{
					"id": "every-x-seconds",
					"objectClass": "System",
					"sid": 336773013943944,
					"parameters": {
						"interval-seconds": "1.0"
					}
				},
				{
					"id": "compare-eventvar",
					"objectClass": "System",
					"sid": 650055830359620,
					"parameters": {
						"variable": "number",
						"comparison": 4,
						"value": "6"
					}
				},
				{
					"id": "compare-eventvar",
					"objectClass": "System",
					"sid": 394269081320925,
					"parameters": {
						"variable": "number",
						"comparison": 3,
						"value": "10"
					}
				}
			],
			"actions": [],
			"sid": 129604630673915,
			"children": [
				{
					"eventType": "block",
					"conditions": [
						{
							"id": "compare-instance-variable",
							"objectClass": "Sprite2",
							"sid": 285404696159786,
							"parameters": {
								"instance-variable": "item",
								"comparison": 0,
								"value": "number"
							}
						}
					],
					"actions": [
						{
							"id": "add-to-eventvar",
							"objectClass": "System",
							"sid": 949623493497556,
							"parameters": {
								"variable": "number",
								"value": "1"
							}
						},
						{
							"id": "tween-two-properties",
							"objectClass": "Sprite2",
							"sid": 400580419409513,
							"behaviorType": "Tween",
							"parameters": {
								"tags": "\"\"",
								"property": "scale",
								"end-x": "1",
								"end-y": "1",
								"time": "1",
								"ease": "default",
								"destroy-on-complete": "no",
								"loop": "no",
								"ping-pong": "no"
							}
						}
					],
					"sid": 831077232560738
				},
				{
					"eventType": "block",
					"conditions": [
						{
							"id": "compare-eventvar",
							"objectClass": "System",
							"sid": 793520087948856,
							"parameters": {
								"variable": "number",
								"comparison": 5,
								"value": "9"
							}
						}
					],
					"actions": [
						{
							"id": "set-boolean-eventvar",
							"objectClass": "System",
							"sid": 930219122153833,
							"parameters": {
								"variable": "animationES2dah",
								"value": "true"
							}
						}
					],
					"sid": 471679213335368
				}
			]
		},
		{
			"eventType": "comment",
			"text": "animation princess plak"
		},
		{
			"eventType": "block",
			"conditions": [
				{
					"id": "on-function",
					"objectClass": "Function",
					"sid": 583380430639971,
					"parameters": {
						"name": "\"animationPrincess\""
					}
				}
			],
			"actions": [
				{
					"id": "set-eventvar-value",
					"objectClass": "System",
					"sid": 826484589867132,
					"parameters": {
						"variable": "number",
						"value": "7"
					}
				}
			],
			"sid": 257930654300920
		},
		{
			"eventType": "comment",
			"text": "next layout"
		},
		{
			"eventType": "block",
			"conditions": [
				{
					"id": "on-tap",
					"objectClass": "Touch",
					"sid": 418542188624047
				},
				{
					"id": "compare-boolean-eventvar",
					"objectClass": "System",
					"sid": 981438895324320,
					"parameters": {
						"variable": "animationES2dah"
					}
				}
			],
			"actions": [
				{
					"id": "go-to-layout",
					"objectClass": "System",
					"sid": 638595646303480,
					"parameters": {
						"layout": "Layout 3"
					}
				}
			],
			"sid": 506499457584282
		}
	],
	"sid": 316423213143772
}