{
	"name": "layout4",
	"events": [
		{
			"eventType": "block",
			"conditions": [
				{
					"id": "on-start-of-layout",
					"objectClass": "System",
					"sid": 155170831747703
				},
				{
					"id": "compare-instance-variable",
					"objectClass": "Sprite3",
					"sid": 422735167323563,
					"parameters": {
						"instance-variable": "item",
						"comparison": 1,
						"value": "0"
					}
				}
			],
			"actions": [
				{
					"id": "set-opacity",
					"objectClass": "Sprite3",
					"sid": 218412866139423,
					"parameters": {
						"opacity": "0"
					}
				},
				{
					"id": "set-eventvar-value",
					"objectClass": "System",
					"sid": 293841663740635,
					"parameters": {
						"variable": "giliran",
						"value": "1"
					}
				}
			],
			"sid": 408700578962570,
			"children": [
				{
					"eventType": "comment",
					"text": "next layout"
				},
				{
					"eventType": "block",
					"conditions": [],
					"actions": [
						{
							"id": "wait",
							"objectClass": "System",
							"sid": 487246889281476,
							"parameters": {
								"seconds": "5"
							}
						},
						{
							"id": "go-to-layout",
							"objectClass": "System",
							"sid": 475381932447289,
							"parameters": {
								"layout": "Layout 6"
							}
						}
					],
					"sid": 621868930456952
				}
			]
		},
		{
			"eventType": "block",
			"conditions": [
				{
					"id": "every-x-seconds",
					"objectClass": "System",
					"sid": 233226730147394,
					"parameters": {
						"interval-seconds": "1.0"
					}
				},
				{
					"id": "compare-instance-variable",
					"objectClass": "Sprite3",
					"sid": 924366400930230,
					"parameters": {
						"instance-variable": "item",
						"comparison": 0,
						"value": "giliran"
					}
				}
			],
			"actions": [
				{
					"id": "tween-one-property",
					"objectClass": "Sprite3",
					"sid": 168051644236933,
					"behaviorType": "Tween",
					"parameters": {
						"tags": "\"\"",
						"property": "offsetOpacity",
						"end-value": "100",
						"time": "1",
						"ease": "default",
						"destroy-on-complete": "no",
						"loop": "no",
						"ping-pong": "no"
					}
				},
				{
					"id": "add-to-eventvar",
					"objectClass": "System",
					"sid": 329314739650080,
					"parameters": {
						"variable": "giliran",
						"value": "1"
					}
				}
			],
			"sid": 959229400108978
		}
	],
	"sid": 819348018825648
}