{
	"name": "Layout 6",
	"layers": [
		{
			"name": "Layer 0",
			"overriden": 0,
			"subLayers": [],
			"instances": [
				{
					"type": "Sprite4",
					"properties": {
						"initially-visible": true,
						"initial-animation": "Default",
						"initial-frame": 0,
						"enable-collisions": true,
						"live-preview": false
					},
					"uid": 23,
					"instanceVariables": {
						"item": 0
					},
					"behaviors": {
						"Tween": {
							"properties": {
								"enabled": true
							}
						}
					},
					"world": {
						"x": 960,
						"y": 541,
						"width": 1920,
						"height": 1080,
						"originX": 0.5,
						"originY": 0.5,
						"color": [
							1,
							1,
							1,
							1
						],
						"angle": 0,
						"zElevation": 0
					}
				},
				{
					"type": "Sprite4",
					"properties": {
						"initially-visible": true,
						"initial-animation": "Default",
						"initial-frame": 1,
						"enable-collisions": true,
						"live-preview": false
					},
					"uid": 24,
					"instanceVariables": {
						"item": 1
					},
					"behaviors": {
						"Tween": {
							"properties": {
								"enabled": true
							}
						}
					},
					"world": {
						"x": 356,
						"y": 414,
						"width": 192,
						"height": 174,
						"originX": 0.5,
						"originY": 0.5,
						"color": [
							1,
							1,
							1,
							1
						],
						"angle": 0,
						"zElevation": 0
					}
				},
				{
					"type": "Sprite4",
					"properties": {
						"initially-visible": true,
						"initial-animation": "Default",
						"initial-frame": 2,
						"enable-collisions": true,
						"live-preview": false
					},
					"uid": 25,
					"instanceVariables": {
						"item": 1
					},
					"behaviors": {
						"Tween": {
							"properties": {
								"enabled": true
							}
						}
					},
					"world": {
						"x": 586,
						"y": 425,
						"width": 198,
						"height": 185,
						"originX": 0.5,
						"originY": 0.502703,
						"color": [
							1,
							1,
							1,
							1
						],
						"angle": 0,
						"zElevation": 0
					}
				},
				{
					"type": "Sprite4",
					"properties": {
						"initially-visible": true,
						"initial-animation": "Default",
						"initial-frame": 3,
						"enable-collisions": true,
						"live-preview": false
					},
					"uid": 26,
					"instanceVariables": {
						"item": 1
					},
					"behaviors": {
						"Tween": {
							"properties": {
								"enabled": true
							}
						}
					},
					"world": {
						"x": 831,
						"y": 428,
						"width": 205,
						"height": 185,
						"originX": 0.502439,
						"originY": 0.502703,
						"color": [
							1,
							1,
							1,
							1
						],
						"angle": 0,
						"zElevation": 0
					}
				},
				{
					"type": "Sprite4",
					"properties": {
						"initially-visible": true,
						"initial-animation": "Default",
						"initial-frame": 4,
						"enable-collisions": true,
						"live-preview": false
					},
					"uid": 28,
					"instanceVariables": {
						"item": 1
					},
					"behaviors": {
						"Tween": {
							"properties": {
								"enabled": true
							}
						}
					},
					"world": {
						"x": 1075,
						"y": 434,
						"width": 210,
						"height": 186,
						"originX": 0.5,
						"originY": 0.5,
						"color": [
							1,
							1,
							1,
							1
						],
						"angle": 0,
						"zElevation": 0
					}
				},
				{
					"type": "Sprite4",
					"properties": {
						"initially-visible": true,
						"initial-animation": "Default",
						"initial-frame": 5,
						"enable-collisions": true,
						"live-preview": false
					},
					"uid": 29,
					"instanceVariables": {
						"item": 1
					},
					"behaviors": {
						"Tween": {
							"properties": {
								"enabled": true
							}
						}
					},
					"world": {
						"x": 1323,
						"y": 435,
						"width": 209,
						"height": 185,
						"originX": 0.502392,
						"originY": 0.502703,
						"color": [
							1,
							1,
							1,
							1
						],
						"angle": 0,
						"zElevation": 0
					}
				},
				{
					"type": "Sprite4",
					"properties": {
						"initially-visible": true,
						"initial-animation": "Default",
						"initial-frame": 6,
						"enable-collisions": true,
						"live-preview": false
					},
					"uid": 30,
					"instanceVariables": {
						"item": 1
					},
					"behaviors": {
						"Tween": {
							"properties": {
								"enabled": true
							}
						}
					},
					"world": {
						"x": 1565,
						"y": 430,
						"width": 206,
						"height": 190,
						"originX": 0.5,
						"originY": 0.5,
						"color": [
							1,
							1,
							1,
							1
						],
						"angle": 0,
						"zElevation": 0
					}
				},
				{
					"type": "Sprite4",
					"properties": {
						"initially-visible": true,
						"initial-animation": "Default",
						"initial-frame": 7,
						"enable-collisions": true,
						"live-preview": false
					},
					"uid": 31,
					"instanceVariables": {
						"item": 1
					},
					"behaviors": {
						"Tween": {
							"properties": {
								"enabled": true
							}
						}
					},
					"world": {
						"x": 353,
						"y": 666,
						"width": 192,
						"height": 157,
						"originX": 0.5,
						"originY": 0.503185,
						"color": [
							1,
							1,
							1,
							1
						],
						"angle": 0,
						"zElevation": 0
					}
				},
				{
					"type": "Sprite4",
					"properties": {
						"initially-visible": true,
						"initial-animation": "Default",
						"initial-frame": 8,
						"enable-collisions": true,
						"live-preview": false
					},
					"uid": 32,
					"instanceVariables": {
						"item": 1
					},
					"behaviors": {
						"Tween": {
							"properties": {
								"enabled": true
							}
						}
					},
					"world": {
						"x": 582,
						"y": 662,
						"width": 200,
						"height": 188,
						"originX": 0.5,
						"originY": 0.5,
						"color": [
							1,
							1,
							1,
							1
						],
						"angle": 0,
						"zElevation": 0
					}
				},
				{
					"type": "Sprite4",
					"properties": {
						"initially-visible": true,
						"initial-animation": "Default",
						"initial-frame": 9,
						"enable-collisions": true,
						"live-preview": false
					},
					"uid": 33,
					"instanceVariables": {
						"item": 1
					},
					"behaviors": {
						"Tween": {
							"properties": {
								"enabled": true
							}
						}
					},
					"world": {
						"x": 828,
						"y": 663,
						"width": 196,
						"height": 181,
						"originX": 0.5,
						"originY": 0.502762,
						"color": [
							1,
							1,
							1,
							1
						],
						"angle": 0,
						"zElevation": 0
					}
				},
				{
					"type": "Sprite4",
					"properties": {
						"initially-visible": true,
						"initial-animation": "Default",
						"initial-frame": 10,
						"enable-collisions": true,
						"live-preview": false
					},
					"uid": 34,
					"instanceVariables": {
						"item": 1
					},
					"behaviors": {
						"Tween": {
							"properties": {
								"enabled": true
							}
						}
					},
					"world": {
						"x": 1073,
						"y": 674,
						"width": 198,
						"height": 181,
						"originX": 0.5,
						"originY": 0.502762,
						"color": [
							1,
							1,
							1,
							1
						],
						"angle": 0,
						"zElevation": 0
					}
				},
				{
					"type": "Sprite4",
					"properties": {
						"initially-visible": true,
						"initial-animation": "Default",
						"initial-frame": 11,
						"enable-collisions": true,
						"live-preview": false
					},
					"uid": 35,
					"instanceVariables": {
						"item": 1
					},
					"behaviors": {
						"Tween": {
							"properties": {
								"enabled": true
							}
						}
					},
					"world": {
						"x": 1313,
						"y": 666,
						"width": 203,
						"height": 190,
						"originX": 0.502463,
						"originY": 0.5,
						"color": [
							1,
							1,
							1,
							1
						],
						"angle": 0,
						"zElevation": 0
					}
				},
				{
					"type": "Sprite4",
					"properties": {
						"initially-visible": true,
						"initial-animation": "Default",
						"initial-frame": 12,
						"enable-collisions": true,
						"live-preview": false
					},
					"uid": 36,
					"instanceVariables": {
						"item": 1
					},
					"behaviors": {
						"Tween": {
							"properties": {
								"enabled": true
							}
						}
					},
					"world": {
						"x": 1562,
						"y": 672,
						"width": 213,
						"height": 187,
						"originX": 0.502347,
						"originY": 0.502674,
						"color": [
							1,
							1,
							1,
							1
						],
						"angle": 0,
						"zElevation": 0
					}
				},
				{
					"type": "Sprite4",
					"properties": {
						"initially-visible": true,
						"initial-animation": "Default",
						"initial-frame": 13,
						"enable-collisions": true,
						"live-preview": false
					},
					"uid": 51,
					"instanceVariables": {
						"item": 0
					},
					"behaviors": {
						"Tween": {
							"properties": {
								"enabled": true
							}
						}
					},
					"world": {
						"x": 969,
						"y": 208,
						"width": 635,
						"height": 39,
						"originX": 0.500787,
						"originY": 0.512821,
						"color": [
							1,
							1,
							1,
							1
						],
						"angle": 0,
						"zElevation": 0
					}
				}
			],
			"sid": 663978283723974,
			"effectTypes": [],
			"isInitiallyVisible": true,
			"isInitiallyInteractive": true,
			"color": [
				1,
				1,
				1,
				1
			],
			"backgroundColor": [
				0.9411764705882353,
				0.9215686274509803,
				0.8784313725490196,
				1
			],
			"isTransparent": false,
			"parallaxX": 1,
			"parallaxY": 1,
			"scaleRate": 1,
			"forceOwnTexture": false,
			"renderingMode": "3d",
			"drawOrder": "z-order",
			"useRenderCells": false,
			"blendMode": "normal",
			"zElevation": 0,
			"global": false
		}
	],
	"sid": 191245030012215,
	"nonworld-instances": [],
	"effectTypes": [],
	"width": 1920,
	"height": 1080,
	"unboundedScrolling": false,
	"vpX": 0.5,
	"vpY": 0.5,
	"projection": "perspective",
	"eventSheet": "layout6"
}