{
	"name": "Layout 8",
	"layers": [
		{
			"name": "Layer 0",
			"overriden": 0,
			"subLayers": [],
			"instances": [
				{
					"type": "Sprite6",
					"properties": {
						"initially-visible": true,
						"initial-animation": "Default",
						"initial-frame": 0,
						"enable-collisions": true,
						"live-preview": false
					},
					"uid": 46,
					"instanceVariables": {},
					"behaviors": {},
					"world": {
						"x": 960,
						"y": 545,
						"width": 1920,
						"height": 1080,
						"originX": 0.5,
						"originY": 0.5,
						"color": [
							1,
							1,
							1,
							1
						],
						"angle": 0,
						"zElevation": 0
					}
				},
				{
					"type": "Sprite5",
					"properties": {
						"initially-visible": true,
						"initial-animation": "Default",
						"initial-frame": 1,
						"enable-collisions": true,
						"live-preview": false
					},
					"uid": 45,
					"instanceVariables": {
						"item": 1
					},
					"behaviors": {},
					"world": {
						"x": 766,
						"y": 507,
						"width": 952,
						"height": 514,
						"originX": 0.5,
						"originY": 0.5,
						"color": [
							1,
							1,
							1,
							1
						],
						"angle": 0,
						"zElevation": 0
					}
				},
				{
					"type": "Sprite5",
					"properties": {
						"initially-visible": false,
						"initial-animation": "Default",
						"initial-frame": 3,
						"enable-collisions": true,
						"live-preview": false
					},
					"uid": 44,
					"instanceVariables": {
						"item": 2
					},
					"behaviors": {},
					"world": {
						"x": 1601,
						"y": 900,
						"width": 300,
						"height": 152,
						"originX": 0.5,
						"originY": 0.5,
						"color": [
							1,
							1,
							1,
							1
						],
						"angle": 0,
						"zElevation": 0
					}
				}
			],
			"sid": 930662331174270,
			"effectTypes": [],
			"isInitiallyVisible": true,
			"isInitiallyInteractive": true,
			"color": [
				1,
				1,
				1,
				1
			],
			"backgroundColor": [
				0.9411764705882353,
				0.9215686274509803,
				0.8784313725490196,
				1
			],
			"isTransparent": false,
			"parallaxX": 1,
			"parallaxY": 1,
			"scaleRate": 1,
			"forceOwnTexture": false,
			"renderingMode": "3d",
			"drawOrder": "z-order",
			"useRenderCells": false,
			"blendMode": "normal",
			"zElevation": 0,
			"global": false
		}
	],
	"sid": 865246098584307,
	"nonworld-instances": [],
	"effectTypes": [],
	"width": 1920,
	"height": 1080,
	"unboundedScrolling": false,
	"vpX": 0.5,
	"vpY": 0.5,
	"projection": "perspective",
	"eventSheet": "layout 8"
}