{
	"name": "Layout 11",
	"layers": [
		{
			"name": "Layer 0",
			"overriden": 0,
			"subLayers": [],
			"instances": [
				{
					"type": "Sprite7",
					"properties": {
						"initially-visible": true,
						"initial-animation": "Default",
						"initial-frame": 1,
						"enable-collisions": true,
						"live-preview": false
					},
					"uid": 65,
					"instanceVariables": {},
					"behaviors": {},
					"world": {
						"x": 1009,
						"y": 544,
						"width": 1884.222045898,
						"height": 1059.875,
						"originX": 0.535417,
						"originY": 0.500926,
						"color": [
							1,
							1,
							1,
							1
						],
						"angle": 0,
						"zElevation": 0
					}
				},
				{
					"type": "tutup",
					"properties": {
						"initially-visible": true,
						"initial-animation": "Default",
						"initial-frame": 0,
						"enable-collisions": true,
						"live-preview": false
					},
					"uid": 67,
					"instanceVariables": {
						"item": 1,
						"data": ""
					},
					"behaviors": {
						"Fade": {
							"properties": {
								"fade-in-time": 0,
								"wait-time": 0,
								"fade-out-time": 0.5,
								"destroy": false,
								"enabled": false,
								"live-preview": false
							}
						}
					},
					"world": {
						"x": 742,
						"y": 172,
						"width": 632,
						"height": 102,
						"originX": 0.5,
						"originY": 0.5,
						"color": [
							1,
							1,
							1,
							0.300000012
						],
						"angle": 0,
						"zElevation": 0
					}
				},
				{
					"type": "tutup",
					"properties": {
						"initially-visible": true,
						"initial-animation": "Default",
						"initial-frame": 0,
						"enable-collisions": true,
						"live-preview": false
					},
					"uid": 68,
					"instanceVariables": {
						"item": 2,
						"data": ""
					},
					"behaviors": {
						"Fade": {
							"properties": {
								"fade-in-time": 0,
								"wait-time": 0,
								"fade-out-time": 0.5,
								"destroy": false,
								"enabled": false,
								"live-preview": false
							}
						}
					},
					"world": {
						"x": 1438.5,
						"y": 166,
						"width": 661,
						"height": 215,
						"originX": 0.5,
						"originY": 0.5,
						"color": [
							1,
							1,
							1,
							0.300000012
						],
						"angle": 0,
						"zElevation": 0
					}
				},
				{
					"type": "tutup",
					"properties": {
						"initially-visible": true,
						"initial-animation": "Default",
						"initial-frame": 0,
						"enable-collisions": true,
						"live-preview": false
					},
					"uid": 69,
					"instanceVariables": {
						"item": 3,
						"data": ""
					},
					"behaviors": {
						"Fade": {
							"properties": {
								"fade-in-time": 0,
								"wait-time": 0,
								"fade-out-time": 0.5,
								"destroy": false,
								"enabled": false,
								"live-preview": false
							}
						}
					},
					"world": {
						"x": 598.5,
						"y": 394.5,
						"width": 845,
						"height": 265,
						"originX": 0.5,
						"originY": 0.5,
						"color": [
							1,
							1,
							1,
							0.300000012
						],
						"angle": 0,
						"zElevation": 0
					}
				},
				{
					"type": "tutup",
					"properties": {
						"initially-visible": true,
						"initial-animation": "Default",
						"initial-frame": 0,
						"enable-collisions": true,
						"live-preview": false
					},
					"uid": 70,
					"instanceVariables": {
						"item": 4,
						"data": ""
					},
					"behaviors": {
						"Fade": {
							"properties": {
								"fade-in-time": 0,
								"wait-time": 0,
								"fade-out-time": 0.5,
								"destroy": false,
								"enabled": false,
								"live-preview": false
							}
						}
					},
					"world": {
						"x": 1243.5,
						"y": 388.5,
						"width": 604,
						"height": 189,
						"originX": 0.5,
						"originY": 0.5,
						"color": [
							1,
							1,
							1,
							0.300000012
						],
						"angle": 0,
						"zElevation": 0
					}
				},
				{
					"type": "tutup",
					"properties": {
						"initially-visible": true,
						"initial-animation": "Default",
						"initial-frame": 0,
						"enable-collisions": true,
						"live-preview": false
					},
					"uid": 72,
					"instanceVariables": {
						"item": 5,
						"data": ""
					},
					"behaviors": {
						"Fade": {
							"properties": {
								"fade-in-time": 0,
								"wait-time": 0,
								"fade-out-time": 0.5,
								"destroy": false,
								"enabled": false,
								"live-preview": false
							}
						}
					},
					"world": {
						"x": 660.5,
						"y": 639.5,
						"width": 739,
						"height": 199,
						"originX": 0.5,
						"originY": 0.5,
						"color": [
							1,
							1,
							1,
							0.300000012
						],
						"angle": 0,
						"zElevation": 0
					}
				},
				{
					"type": "tutup",
					"properties": {
						"initially-visible": true,
						"initial-animation": "Default",
						"initial-frame": 0,
						"enable-collisions": true,
						"live-preview": false
					},
					"uid": 73,
					"instanceVariables": {
						"item": 6,
						"data": ""
					},
					"behaviors": {
						"Fade": {
							"properties": {
								"fade-in-time": 0,
								"wait-time": 0,
								"fade-out-time": 0.5,
								"destroy": false,
								"enabled": false,
								"live-preview": false
							}
						}
					},
					"world": {
						"x": 1307,
						"y": 637,
						"width": 420,
						"height": 288,
						"originX": 0.5,
						"originY": 0.5,
						"color": [
							1,
							1,
							1,
							0.300000012
						],
						"angle": 0,
						"zElevation": 0
					}
				},
				{
					"type": "tutup",
					"properties": {
						"initially-visible": true,
						"initial-animation": "Default",
						"initial-frame": 0,
						"enable-collisions": true,
						"live-preview": false
					},
					"uid": 74,
					"instanceVariables": {
						"item": 7,
						"data": ""
					},
					"behaviors": {
						"Fade": {
							"properties": {
								"fade-in-time": 0,
								"wait-time": 0,
								"fade-out-time": 0.5,
								"destroy": false,
								"enabled": false,
								"live-preview": false
							}
						}
					},
					"world": {
						"x": 589,
						"y": 904,
						"width": 804,
						"height": 314,
						"originX": 0.5,
						"originY": 0.5,
						"color": [
							1,
							1,
							1,
							0.300000012
						],
						"angle": 0,
						"zElevation": 0
					}
				},
				{
					"type": "tutup",
					"properties": {
						"initially-visible": true,
						"initial-animation": "Default",
						"initial-frame": 0,
						"enable-collisions": true,
						"live-preview": false
					},
					"uid": 75,
					"instanceVariables": {
						"item": 8,
						"data": ""
					},
					"behaviors": {
						"Fade": {
							"properties": {
								"fade-in-time": 0,
								"wait-time": 0,
								"fade-out-time": 0.5,
								"destroy": false,
								"enabled": false,
								"live-preview": false
							}
						}
					},
					"world": {
						"x": 1322,
						"y": 899,
						"width": 608,
						"height": 144,
						"originX": 0.5,
						"originY": 0.5,
						"color": [
							1,
							1,
							1,
							0.300000012
						],
						"angle": 0,
						"zElevation": 0
					}
				},
				{
					"type": "gameSaveData",
					"properties": {
						"initially-visible": true,
						"initial-animation": "Default",
						"initial-frame": 0,
						"enable-collisions": true,
						"live-preview": false
					},
					"uid": 66,
					"instanceVariables": {
						"data": "shenme,mingzi,wo,ne,,Layout 12"
					},
					"behaviors": {},
					"world": {
						"x": 907.312683105,
						"y": -142.687347412,
						"width": 174.625320435,
						"height": 174.625320435,
						"originX": 0.5,
						"originY": 0.5,
						"color": [
							1,
							1,
							1,
							1
						],
						"angle": 0,
						"zElevation": 0
					}
				}
			],
			"sid": 573300673449120,
			"effectTypes": [],
			"isInitiallyVisible": true,
			"isInitiallyInteractive": true,
			"color": [
				1,
				1,
				1,
				1
			],
			"backgroundColor": [
				0.9411764705882353,
				0.9215686274509803,
				0.8784313725490196,
				1
			],
			"isTransparent": false,
			"parallaxX": 1,
			"parallaxY": 1,
			"scaleRate": 1,
			"forceOwnTexture": false,
			"renderingMode": "3d",
			"drawOrder": "z-order",
			"useRenderCells": false,
			"blendMode": "normal",
			"zElevation": 0,
			"global": false
		}
	],
	"sid": 531366352585334,
	"nonworld-instances": [],
	"effectTypes": [],
	"width": 1920,
	"height": 1080,
	"unboundedScrolling": false,
	"vpX": 0.5,
	"vpY": 0.5,
	"projection": "perspective",
	"eventSheet": "layout10"
}