{
	"name": "GmbrDrag",
	"plugin-id": "Sprite",
	"sid": 950425255502947,
	"isGlobal": false,
	"instanceVariables": [
		{
			"name": "startX",
			"type": "number",
			"desc": "",
			"show": true,
			"sid": 127922521698379
		},
		{
			"name": "startY",
			"type": "number",
			"desc": "",
			"show": true,
			"sid": 873326109694930
		},
		{
			"name": "item",
			"type": "number",
			"desc": "",
			"show": true,
			"sid": 395278431458412
		},
		{
			"name": "nameSound",
			"type": "string",
			"desc": "",
			"show": true,
			"sid": 516796194181548
		}
	],
	"behaviorTypes": [
		{
			"behaviorId": "DragnDrop",
			"name": "DragDrop",
			"sid": 862687016656457
		}
	],
	"effectTypes": [],
	"animations": {
		"items": [
			{
				"frames": [
					{
						"width": 110,
						"height": 88,
						"originX": 0.5,
						"originY": 0.5,
						"originalSource": "",
						"exportFormat": "lossless",
						"exportQuality": 0.8,
						"imageSpriteId": 401053,
						"useCollisionPoly": true,
						"duration": 1
					},
					{
						"width": 157,
						"height": 96,
						"originX": 0.5,
						"originY": 0.5,
						"originalSource": "",
						"exportFormat": "lossless",
						"exportQuality": 0.8,
						"imageSpriteId": 4422213,
						"useCollisionPoly": true,
						"duration": 1
					},
					{
						"width": 105,
						"height": 92,
						"originX": 0.5,
						"originY": 0.5,
						"originalSource": "",
						"exportFormat": "lossless",
						"exportQuality": 0.8,
						"imageSpriteId": 2474520,
						"useCollisionPoly": true,
						"duration": 1
					},
					{
						"width": 160,
						"height": 98,
						"originX": 0.5,
						"originY": 0.5,
						"originalSource": "",
						"exportFormat": "lossless",
						"exportQuality": 0.8,
						"imageSpriteId": 9672703,
						"useCollisionPoly": true,
						"duration": 1
					},
					{
						"width": 140,
						"height": 94,
						"originX": 0.5,
						"originY": 0.5,
						"originalSource": "",
						"exportFormat": "lossless",
						"exportQuality": 0.8,
						"imageSpriteId": 1804152,
						"useCollisionPoly": true,
						"duration": 1
					},
					{
						"width": 193,
						"height": 219,
						"originX": 0.5,
						"originY": 0.5,
						"originalSource": "",
						"exportFormat": "lossless",
						"exportQuality": 0.8,
						"imageSpriteId": 7748733,
						"useCollisionPoly": true,
						"duration": 1
					},
					{
						"width": 200,
						"height": 234,
						"originX": 0.5,
						"originY": 0.5,
						"originalSource": "",
						"exportFormat": "lossless",
						"exportQuality": 0.8,
						"imageSpriteId": 4825573,
						"useCollisionPoly": true,
						"duration": 1
					},
					{
						"width": 146,
						"height": 281,
						"originX": 0.5,
						"originY": 0.5,
						"originalSource": "",
						"exportFormat": "lossless",
						"exportQuality": 0.8,
						"imageSpriteId": 1229632,
						"useCollisionPoly": true,
						"duration": 1
					},
					{
						"width": 150,
						"height": 135,
						"originX": 0.5,
						"originY": 0.5,
						"originalSource": "",
						"exportFormat": "lossless",
						"exportQuality": 0.8,
						"imageSpriteId": 2379377,
						"collisionPoly": {
							"points": [
								0.07333333333333333,
								0.07037037037037037,
								0.9266666666666666,
								0.07037037037037037,
								0.9266666666666666,
								0.9296296296296296,
								0.07333333333333333,
								0.9296296296296296
							]
						},
						"useCollisionPoly": true,
						"duration": 1
					},
					{
						"width": 130,
						"height": 108,
						"originX": 0.5,
						"originY": 0.5,
						"originalSource": "",
						"exportFormat": "lossless",
						"exportQuality": 0.8,
						"imageSpriteId": 1840516,
						"collisionPoly": {
							"points": [
								0.12307692307692308,
								0.12037037037037036,
								0.8769230769230769,
								0.12037037037037036,
								0.8769230769230769,
								0.8796296296296298,
								0.12307692307692308,
								0.8796296296296298
							]
						},
						"useCollisionPoly": true,
						"duration": 1
					}
				],
				"sid": 531017946702411,
				"name": "Animation 1",
				"isLooping": false,
				"isPingPong": false,
				"repeatCount": 1,
				"repeatTo": 0,
				"speed": 0
			}
		],
		"subfolders": []
	}
}