{
	"name": "Sprite8",
	"plugin-id": "Sprite",
	"sid": 294799670966767,
	"isGlobal": false,
	"instanceVariables": [],
	"behaviorTypes": [],
	"effectTypes": [],
	"animations": {
		"items": [
			{
				"frames": [
					{
						"width": 265,
						"height": 268,
						"originX": 0,
						"originY": 0,
						"originalSource": "",
						"exportFormat": "lossless",
						"exportQuality": 0.8,
						"imageSpriteId": 1966322,
						"useCollisionPoly": true,
						"duration": 1
					},
					{
						"width": 268,
						"height": 269,
						"originX": 0,
						"originY": 0,
						"originalSource": "",
						"exportFormat": "lossless",
						"exportQuality": 0.8,
						"imageSpriteId": 6228712,
						"useCollisionPoly": true,
						"duration": 1
					},
					{
						"width": 269,
						"height": 266,
						"originX": 0,
						"originY": 0,
						"originalSource": "",
						"exportFormat": "lossless",
						"exportQuality": 0.8,
						"imageSpriteId": 6301178,
						"useCollisionPoly": true,
						"duration": 1
					},
					{
						"width": 267,
						"height": 266,
						"originX": 0,
						"originY": 0,
						"originalSource": "",
						"exportFormat": "lossless",
						"exportQuality": 0.8,
						"imageSpriteId": 1179544,
						"useCollisionPoly": true,
						"duration": 1
					},
					{
						"width": 262,
						"height": 265,
						"originX": 0,
						"originY": 0,
						"originalSource": "",
						"exportFormat": "lossless",
						"exportQuality": 0.8,
						"imageSpriteId": 8239934,
						"useCollisionPoly": true,
						"duration": 1
					},
					{
						"width": 254,
						"height": 264,
						"originX": 0,
						"originY": 0,
						"originalSource": "",
						"exportFormat": "lossless",
						"exportQuality": 0.8,
						"imageSpriteId": 7208288,
						"useCollisionPoly": true,
						"duration": 1
					},
					{
						"width": 249,
						"height": 262,
						"originX": 0,
						"originY": 0,
						"originalSource": "",
						"exportFormat": "lossless",
						"exportQuality": 0.8,
						"imageSpriteId": 4656005,
						"useCollisionPoly": true,
						"duration": 1
					},
					{
						"width": 249,
						"height": 260,
						"originX": 0,
						"originY": 0,
						"originalSource": "",
						"exportFormat": "lossless",
						"exportQuality": 0.8,
						"imageSpriteId": 4718435,
						"useCollisionPoly": true,
						"duration": 1
					},
					{
						"width": 249,
						"height": 260,
						"originX": 0,
						"originY": 0,
						"originalSource": "",
						"exportFormat": "lossless",
						"exportQuality": 0.8,
						"imageSpriteId": 7939536,
						"useCollisionPoly": true,
						"duration": 1
					},
					{
						"width": 250,
						"height": 260,
						"originX": 0,
						"originY": 0,
						"originalSource": "",
						"exportFormat": "lossless",
						"exportQuality": 0.8,
						"imageSpriteId": 1731136,
						"useCollisionPoly": true,
						"duration": 1
					}
				],
				"sid": 971875503180420,
				"name": "Default",
				"isLooping": true,
				"isPingPong": true,
				"repeatCount": 1,
				"repeatTo": 0,
				"speed": 10
			}
		],
		"subfolders": []
	}
}