{
	"name": "tutup",
	"plugin-id": "Sprite",
	"sid": 323175544145224,
	"isGlobal": false,
	"instanceVariables": [
		{
			"name": "item",
			"type": "number",
			"desc": "",
			"show": true,
			"sid": 864634638794798
		},
		{
			"name": "data",
			"type": "string",
			"desc": "",
			"show": true,
			"sid": 519564990905292
		}
	],
	"behaviorTypes": [
		{
			"behaviorId": "Fade",
			"name": "Fade",
			"sid": 682118319908605
		}
	],
	"effectTypes": [],
	"animations": {
		"items": [
			{
				"frames": [
					{
						"width": 250,
						"height": 250,
						"originX": 0.5,
						"originY": 0.5,
						"originalSource": "",
						"exportFormat": "lossless",
						"exportQuality": 0.8,
						"imageSpriteId": 5044569,
						"useCollisionPoly": true,
						"duration": 1
					}
				],
				"sid": 557223611732302,
				"name": "Default",
				"isLooping": false,
				"isPingPong": false,
				"repeatCount": 1,
				"repeatTo": 0,
				"speed": 5
			}
		],
		"subfolders": []
	}
}