{
	"name": "Peta",
	"plugin-id": "Sprite",
	"sid": 624801730570891,
	"isGlobal": false,
	"instanceVariables": [],
	"behaviorTypes": [
		{
			"behaviorId": "Tween",
			"name": "Tween",
			"sid": 141146275633628
		}
	],
	"effectTypes": [],
	"animations": {
		"items": [
			{
				"frames": [
					{
						"width": 1084,
						"height": 769,
						"originX": 0.5,
						"originY": 0.50065,
						"originalSource": "",
						"exportFormat": "lossless",
						"exportQuality": 0.8,
						"imageSpriteId": 6545474,
						"useCollisionPoly": true,
						"duration": 1
					}
				],
				"sid": 770509366463077,
				"name": "Default",
				"isLooping": false,
				"isPingPong": false,
				"repeatCount": 1,
				"repeatTo": 0,
				"speed": 5
			}
		],
		"subfolders": []
	}
}