{"propertiesBar":{"properties":[{"name":"About","expanded":true,"children":[]},{"name":"Colors","expanded":true,"children":[]},{"name":"Startup","expanded":true,"children":[]},{"name":"Display","expanded":true,"children":[{"name":"Viewport size","expanded":false,"children":[]}]},{"name":"Advanced","expanded":false,"children":[]},{"name":"Editor","expanded":true,"children":[]}],"scrollPosition":0},"openTabs":{"active":{"name":"Layout13","type":"eventSheet"},"open":[{"name":"Layout 1","type":"layout"},{"name":"Event sheet 1","type":"eventSheet"},{"name":"Layout 2","type":"layout"},{"name":"Event sheet 2","type":"eventSheet"},{"name":"Layout 3","type":"layout"},{"name":"layout3","type":"eventSheet"},{"name":"Layout 4","type":"layout"},{"name":"layout4","type":"eventSheet"},{"name":"Layout 5","type":"layout"},{"name":"Layout 6","type":"layout"},{"name":"layout6","type":"eventSheet"},{"name":"Layout 7","type":"layout"},{"name":"layout7","type":"eventSheet"},{"name":"Layout 10","type":"layout"},{"name":"Layout 11","type":"layout"},{"name":"Layout 12","type":"layout"},{"name":"layout10","type":"eventSheet"},{"name":"Layout 13","type":"layout"},{"name":"Layout13","type":"eventSheet"}]},"previewEffects":true,"previewBrowser":"chrome","pauseOnUnfocus":false,"projectBar":{"name":"<root>","children":[{"name":"GongZhu Island","expanded":true,"children":[{"name":"Layouts","expanded":true,"children":[{"name":"Layout 1","expanded":true,"children":[]},{"name":"Layout 2","expanded":true,"children":[]},{"name":"Layout 3","expanded":true,"children":[]},{"name":"Layout 4","expanded":true,"children":[]},{"name":"Layout 5","expanded":true,"children":[]},{"name":"Layout 6","expanded":true,"children":[]},{"name":"Layout 7","expanded":true,"children":[]},{"name":"Layout 8","expanded":true,"children":[]},{"name":"Layout 10","expanded":true,"children":[]},{"name":"Layout 11","expanded":true,"children":[]},{"name":"Layout 12","expanded":true,"children":[]},{"name":"Layout 13","expanded":true,"children":[]}]},{"name":"Event sheets","expanded":true,"children":[{"name":"Event sheet 1","expanded":true,"children":[]},{"name":"Event sheet 2","expanded":true,"children":[]},{"name":"layout 8","expanded":true,"children":[]},{"name":"layout10","expanded":true,"children":[]},{"name":"Layout13","expanded":true,"children":[]},{"name":"layout3","expanded":true,"children":[]},{"name":"layout4","expanded":true,"children":[]},{"name":"layout6","expanded":true,"children":[]},{"name":"layout7","expanded":true,"children":[]}]},{"name":"Scripts","expanded":true,"children":[]},{"name":"Object types","expanded":true,"children":[{"name":"Audio","expanded":true,"children":[]},{"name":"Button","expanded":true,"children":[]},{"name":"camera","expanded":true,"children":[]},{"name":"Function","expanded":true,"children":[]},{"name":"gameSaveData","expanded":true,"children":[]},{"name":"GmbrDrag","expanded":true,"children":[]},{"name":"GmbrDrag2","expanded":true,"children":[]},{"name":"nextButton","expanded":true,"children":[]},{"name":"Peta","expanded":true,"children":[]},{"name":"Sprite","expanded":true,"children":[]},{"name":"Sprite2","expanded":true,"children":[]},{"name":"Sprite3","expanded":true,"children":[]},{"name":"Sprite4","expanded":true,"children":[]},{"name":"Sprite5","expanded":true,"children":[]},{"name":"Sprite6","expanded":true,"children":[]},{"name":"Sprite7","expanded":true,"children":[]},{"name":"Sprite8","expanded":true,"children":[]},{"name":"TextBox","expanded":true,"children":[]},{"name":"Touch","expanded":true,"children":[]},{"name":"tutup","expanded":true,"children":[]}]},{"name":"Families","expanded":true,"children":[]},{"name":"Timelines","expanded":true,"children":[{"name":"Eases","expanded":false,"children":[]}]},{"name":"Sounds","expanded":true,"children":[{"name":"oggfile","expanded":false,"children":[{"name":"1nihao.m4a","expanded":true,"children":[]},{"name":"1nihao.ogg","expanded":true,"children":[]},{"name":"2xiaojie.m4a","expanded":true,"children":[]},{"name":"2xiaojie.ogg","expanded":true,"children":[]},{"name":"3xiansheng.m4a","expanded":true,"children":[]},{"name":"3xiansheng.ogg","expanded":true,"children":[]},{"name":"4jiao.m4a","expanded":true,"children":[]},{"name":"4ni.m4a","expanded":true,"children":[]},{"name":"4ni.ogg","expanded":true,"children":[]},{"name":"5jiao.m4a","expanded":true,"children":[]},{"name":"5jiao.ogg","expanded":true,"children":[]}]},{"name":"6-1.webm","expanded":true,"children":[]},{"name":"6-2.webm","expanded":true,"children":[]},{"name":"6-3.webm","expanded":true,"children":[]},{"name":"6-4.webm","expanded":true,"children":[]},{"name":"6-5.webm","expanded":true,"children":[]},{"name":"bukeqi.webm","expanded":true,"children":[]},{"name":"duibuqi.webm","expanded":true,"children":[]},{"name":"henmang.webm","expanded":true,"children":[]},{"name":"meiguanxi.webm","expanded":true,"children":[]},{"name":"mingzi.webm","expanded":true,"children":[]},{"name":"ne.webm","expanded":true,"children":[]},{"name":"shenme.webm","expanded":true,"children":[]},{"name":"wo.webm","expanded":true,"children":[]},{"name":"xiexie.webm","expanded":true,"children":[]}]},{"name":"Music","expanded":true,"children":[]},{"name":"Videos","expanded":true,"children":[]},{"name":"Fonts","expanded":true,"children":[]},{"name":"Icons","expanded":false,"children":[{"name":"icon-114.png","expanded":true,"children":[]},{"name":"icon-128.png","expanded":true,"children":[]},{"name":"icon-16.png","expanded":true,"children":[]},{"name":"icon-256.png","expanded":true,"children":[]},{"name":"icon-32.png","expanded":true,"children":[]},{"name":"loading-logo.png","expanded":true,"children":[]}]},{"name":"Files","expanded":true,"children":[]}]}]},"propertiesBarActiveObject":{"name":"instances","type":"array"}}