{
	"name": "Layout 14",
	"events": [
		{
			"eventType": "block",
			"conditions": [
				{
					"id": "on-start-of-layout",
					"objectClass": "System",
					"sid": 896629814513233
				}
			],
			"actions": [
				{
					"id": "set-instvar-value",
					"objectClass": "SpriteLayout14",
					"sid": 133424975106418,
					"parameters": {
						"instance-variable": "startX",
						"value": "Self.x"
					}
				},
				{
					"id": "set-instvar-value",
					"objectClass": "SpriteLayout14",
					"sid": 186776160808272,
					"parameters": {
						"instance-variable": "startY",
						"value": "Self.y"
					}
				},
				{
					"id": "set-eventvar-value",
					"objectClass": "System",
					"sid": 719600250894107,
					"parameters": {
						"variable": "numberBetul",
						"value": "0"
					}
				}
			],
			"sid": 680554971238675
		},
		{
			"eventType": "block",
			"conditions": [
				{
					"id": "on-drag-start",
					"objectClass": "SpriteLayout14",
					"sid": 846503463222055,
					"behaviorType": "DragDrop"
				}
			],
			"actions": [
				{
					"id": "set-eventvar-value",
					"objectClass": "System",
					"sid": 510502650356460,
					"parameters": {
						"variable": "draggingItem",
						"value": "SpriteLayout14.item"
					}
				}
			],
			"sid": 120357357727744
		},
		{
			"eventType": "block",
			"conditions": [
				{
					"id": "on-drop",
					"objectClass": "SpriteLayout14",
					"sid": 823068942047086,
					"behaviorType": "DragDrop"
				},
				{
					"id": "pick-nearestfurthest",
					"objectClass": "SpriteLayout14_2",
					"sid": 199702036223846,
					"parameters": {
						"which": "nearest",
						"x": "SpriteLayout14.X",
						"y": "SpriteLayout14.Y"
					}
				}
			],
			"actions": [],
			"sid": 167758254427300,
			"children": [
				{
					"eventType": "comment",
					"text": "Betul"
				},
				{
					"eventType": "block",
					"conditions": [
						{
							"id": "compare-instance-variable",
							"objectClass": "SpriteLayout14_2",
							"sid": 973709671348799,
							"parameters": {
								"instance-variable": "item",
								"comparison": 0,
								"value": "Draggingitem"
							}
						}
					],
					"actions": [
						{
							"id": "set-position",
							"objectClass": "SpriteLayout14",
							"sid": 910919494729706,
							"parameters": {
								"x": "SpriteLayout14_2.X",
								"y": "570"
							}
						},
						{
							"id": "stop",
							"objectClass": "Audio",
							"sid": 897287078632992,
							"parameters": {
								"tag": "\"s\""
							}
						},
						{
							"id": "add-to-eventvar",
							"objectClass": "System",
							"sid": 866677553567107,
							"parameters": {
								"variable": "numberBetul",
								"value": "1"
							}
						}
					],
					"sid": 994802544270041,
					"children": [
						{
							"eventType": "block",
							"conditions": [
								{
									"id": "compare-eventvar",
									"objectClass": "System",
									"sid": 219266253575708,
									"parameters": {
										"variable": "numberBetul",
										"comparison": 5,
										"value": "5"
									}
								}
							],
							"actions": [
								{
									"id": "set-visible",
									"objectClass": "nextButton",
									"sid": 867503047254361,
									"parameters": {
										"visibility": "visible"
									}
								}
							],
							"sid": 219709949106635
						},
						{
							"eventType": "block",
							"conditions": [
								{
									"id": "compare-instance-variable",
									"objectClass": "SpriteLayout14",
									"sid": 266932044678251,
									"parameters": {
										"instance-variable": "item",
										"comparison": 0,
										"value": "draggingItem"
									}
								}
							],
							"actions": [
								{
									"id": "set-enabled",
									"objectClass": "SpriteLayout14",
									"sid": 725919829281288,
									"behaviorType": "DragDrop",
									"parameters": {
										"state": "disabled"
									}
								},
								{
									"id": "play-by-name",
									"objectClass": "Audio",
									"sid": 749663613934578,
									"parameters": {
										"folder": "sounds",
										"audio-file-name": "SpriteLayout14.data",
										"loop": "not-looping",
										"volume": "20",
										"stereo-pan": "0",
										"tag-optional": "\"say\""
									}
								}
							],
							"sid": 544256127554016
						}
					]
				},
				{
					"eventType": "comment",
					"text": "Salah"
				},
				{
					"eventType": "block",
					"conditions": [
						{
							"id": "else",
							"objectClass": "System",
							"sid": 785222444618940
						}
					],
					"actions": [
						{
							"id": "set-position",
							"objectClass": "SpriteLayout14",
							"sid": 767592602905343,
							"parameters": {
								"x": "Self.startx",
								"y": "Self.starty"
							}
						}
					],
					"sid": 304186788988162
				}
			]
		},
		{
			"eventType": "block",
			"conditions": [
				{
					"id": "on-tap-object",
					"objectClass": "Touch",
					"sid": 524229096391470,
					"parameters": {
						"object": "SpriteLayout14"
					}
				}
			],
			"actions": [
				{
					"id": "play-by-name",
					"objectClass": "Audio",
					"sid": 138124813645809,
					"parameters": {
						"folder": "sounds",
						"audio-file-name": "SpriteLayout14.data",
						"loop": "not-looping",
						"volume": "20",
						"stereo-pan": "0",
						"tag-optional": "\"say\""
					}
				}
			],
			"sid": 210348447084407
		}
	],
	"sid": 646471134451993
}