{
	"name": "layout7",
	"events": [
		{
			"eventType": "variable",
			"name": "nama",
			"type": "string",
			"initialValue": "Wangzi",
			"comment": "",
			"isStatic": false,
			"isConstant": false,
			"sid": 386091513582083
		},
		{
			"eventType": "include",
			"includeSheet": "DefaultButton"
		},
		{
			"eventType": "block",
			"conditions": [
				{
					"id": "on-start-of-layout",
					"objectClass": "System",
					"sid": 698754516950721
				},
				{
					"id": "compare-instance-variable",
					"objectClass": "Sprite4",
					"sid": 923219301531958,
					"parameters": {
						"instance-variable": "item",
						"comparison": 0,
						"value": "1"
					}
				}
			],
			"actions": [
				{
					"id": "set-animation-frame",
					"objectClass": "Sprite4",
					"sid": 181920231377951,
					"parameters": {
						"frame-number": "characterPilih"
					}
				},
				{
					"id": "set-scale",
					"objectClass": "Sprite4",
					"sid": 735409354979640,
					"parameters": {
						"scale": "0"
					}
				},
				{
					"id": "tween-two-properties",
					"objectClass": "Sprite4",
					"sid": 307765980921159,
					"behaviorType": "Tween",
					"parameters": {
						"tags": "\"\"",
						"property": "scale",
						"end-x": "1.3",
						"end-y": "1.3",
						"time": "0.5",
						"ease": "default",
						"destroy-on-complete": "no",
						"loop": "no",
						"ping-pong": "no"
					}
				},
				{
					"id": "set-css-style",
					"objectClass": "TextBox",
					"sid": 798875519077052,
					"parameters": {
						"property-name": "\"text-align\"",
						"value": "\"center\""
					}
				},
				{
					"id": "set-css-style",
					"objectClass": "TextBox",
					"sid": 681938206357684,
					"parameters": {
						"property-name": "\"font-size\"",
						"value": "\"25px\""
					}
				},
				{
					"id": "set-max-length",
					"objectClass": "TextBox",
					"sid": 360604351985243,
					"parameters": {
						"max-length": "15"
					}
				},
				{
					"id": "set-visible",
					"objectClass": "nextButton",
					"sid": 449681175847333,
					"parameters": {
						"visibility": "visible"
					}
				}
			],
			"sid": 797819672042425
		},
		{
			"eventType": "comment",
			"text": "keluar next kalau ada tulisan"
		},
		{
			"eventType": "block",
			"conditions": [
				{
					"id": "on-text-changed",
					"objectClass": "TextBox",
					"sid": 623300538192622
				}
			],
			"actions": [
				{
					"id": "set-eventvar-value",
					"objectClass": "System",
					"sid": 197385483493591,
					"parameters": {
						"variable": "nama",
						"value": "TextBox.Text"
					}
				}
			],
			"sid": 822813381286877,
			"children": [
				{
					"eventType": "block",
					"conditions": [
						{
							"id": "compare-text",
							"objectClass": "TextBox",
							"sid": 155474649417272,
							"parameters": {
								"text": "\"\"",
								"case": "case-insensitive"
							},
							"isInverted": true
						}
					],
					"actions": [
						{
							"id": "set-visible",
							"objectClass": "nextButton",
							"sid": 294706913991752,
							"parameters": {
								"visibility": "visible"
							}
						}
					],
					"sid": 345609651907935
				},
				{
					"eventType": "block",
					"conditions": [
						{
							"id": "else",
							"objectClass": "System",
							"sid": 197648727213925
						}
					],
					"actions": [
						{
							"id": "set-visible",
							"objectClass": "nextButton",
							"sid": 239690058420845,
							"parameters": {
								"visibility": "invisible"
							}
						}
					],
					"sid": 648874768532527
				}
			]
		}
	],
	"sid": 582734680446477
}