{
	"name": "Layout 9",
	"events": [
		{
			"eventType": "include",
			"includeSheet": "DefaultButton"
		},
		{
			"eventType": "block",
			"conditions": [
				{
					"id": "on-touched-object",
					"objectClass": "Touch",
					"sid": 981437855334256,
					"parameters": {
						"object": "BtnLetsGo"
					}
				}
			],
			"actions": [
				{
					"id": "set-opacity",
					"objectClass": "BtnLetsGo",
					"sid": 504711724898733,
					"parameters": {
						"opacity": "80"
					}
				}
			],
			"sid": 325363800042938
		},
		{
			"eventType": "block",
			"conditions": [
				{
					"id": "on-tap-object",
					"objectClass": "Touch",
					"sid": 682232925743222,
					"parameters": {
						"object": "BtnLetsGo"
					}
				}
			],
			"actions": [
				{
					"id": "play",
					"objectClass": "Audio",
					"sid": 330335721769146,
					"parameters": {
						"audio-file": "Pop",
						"loop": "not-looping",
						"volume": "-10",
						"stereo-pan": "0",
						"tag-optional": "\"\""
					}
				},
				{
					"id": "go-to-layout",
					"objectClass": "System",
					"sid": 218845798750661,
					"parameters": {
						"layout": "Layout 10"
					}
				}
			],
			"sid": 419971850975967
		},
		{
			"eventType": "block",
			"conditions": [
				{
					"id": "on-any-touch-end",
					"objectClass": "Touch",
					"sid": 127842824082971
				}
			],
			"actions": [
				{
					"id": "set-opacity",
					"objectClass": "BtnLetsGo",
					"sid": 976253139689531,
					"parameters": {
						"opacity": "100"
					}
				}
			],
			"sid": 340403317619837
		}
	],
	"sid": 454383778814343
}