{
	"name": "Kandungan",
	"events": [
		{
			"eventType": "include",
			"includeSheet": "DefaultButton"
		},
		{
			"eventType": "block",
			"conditions": [
				{
					"id": "on-start-of-layout",
					"objectClass": "System",
					"sid": 148104963557770
				},
				{
					"id": "compare-instance-variable",
					"objectClass": "Sprite3",
					"sid": 302832271536199,
					"parameters": {
						"instance-variable": "item",
						"comparison": 1,
						"value": "0"
					}
				}
			],
			"actions": [
				{
					"id": "set-opacity",
					"objectClass": "Sprite3",
					"sid": 786122902225180,
					"parameters": {
						"opacity": "0"
					}
				},
				{
					"id": "play",
					"objectClass": "Audio",
					"sid": 179897882593222,
					"parameters": {
						"audio-file": "Appear",
						"loop": "not-looping",
						"volume": "0",
						"stereo-pan": "0",
						"tag-optional": "\"\""
					}
				}
			],
			"sid": 339521491042345,
			"children": [
				{
					"eventType": "block",
					"conditions": [
						{
							"id": "compare-instance-variable",
							"objectClass": "Sprite3",
							"sid": 403242382547945,
							"parameters": {
								"instance-variable": "item",
								"comparison": 0,
								"value": "giliran"
							}
						}
					],
					"actions": [
						{
							"id": "wait",
							"objectClass": "System",
							"sid": 890617714406718,
							"parameters": {
								"seconds": "0.3"
							}
						},
						{
							"id": "tween-one-property",
							"objectClass": "Sprite3",
							"sid": 831107754376551,
							"behaviorType": "Tween",
							"parameters": {
								"tags": "\"\"",
								"property": "offsetOpacity",
								"end-value": "100",
								"time": "1",
								"ease": "default",
								"destroy-on-complete": "no",
								"loop": "no",
								"ping-pong": "no"
							}
						}
					],
					"sid": 352232262596916
				},
				{
					"eventType": "block",
					"conditions": [],
					"actions": [
						{
							"id": "wait",
							"objectClass": "System",
							"sid": 277761519167734,
							"parameters": {
								"seconds": "3"
							}
						},
						{
							"id": "set-visible",
							"objectClass": "nextButton",
							"sid": 493384222963398,
							"parameters": {
								"visibility": "visible"
							}
						}
					],
					"sid": 427060372395906
				}
			]
		},
		{
			"eventType": "block",
			"conditions": [
				{
					"id": "every-x-seconds",
					"objectClass": "System",
					"sid": 296997640084925,
					"parameters": {
						"interval-seconds": "1.0"
					}
				},
				{
					"id": "compare-instance-variable",
					"objectClass": "Sprite3",
					"sid": 728508801412249,
					"parameters": {
						"instance-variable": "item",
						"comparison": 0,
						"value": "giliran"
					}
				}
			],
			"actions": [
				{
					"id": "tween-one-property",
					"objectClass": "Sprite3",
					"sid": 183889233947821,
					"behaviorType": "Tween",
					"parameters": {
						"tags": "\"\"",
						"property": "offsetOpacity",
						"end-value": "100",
						"time": "1",
						"ease": "default",
						"destroy-on-complete": "no",
						"loop": "no",
						"ping-pong": "no"
					}
				}
			],
			"sid": 537870292229630,
			"disabled": true,
			"children": [
				{
					"eventType": "block",
					"conditions": [
						{
							"id": "compare-eventvar",
							"objectClass": "System",
							"sid": 155879781754447,
							"parameters": {
								"variable": "giliran",
								"comparison": 2,
								"value": "4"
							}
						}
					],
					"actions": [
						{
							"id": "play",
							"objectClass": "Audio",
							"sid": 312148523810446,
							"parameters": {
								"audio-file": "Appear",
								"loop": "not-looping",
								"volume": "0",
								"stereo-pan": "0",
								"tag-optional": "\"\""
							}
						},
						{
							"id": "add-to-eventvar",
							"objectClass": "System",
							"sid": 875936131837528,
							"parameters": {
								"variable": "giliran",
								"value": "1"
							}
						}
					],
					"sid": 255081583836175,
					"disabled": true
				}
			]
		}
	],
	"sid": 903575929619374
}