{
	"name": "layout3",
	"events": [
		{
			"eventType": "include",
			"includeSheet": "DefaultButton"
		},
		{
			"eventType": "block",
			"conditions": [
				{
					"id": "on-start-of-layout",
					"objectClass": "System",
					"sid": 310186822300051
				},
				{
					"id": "compare-instance-variable",
					"objectClass": "Sprite3",
					"sid": 797290733013196,
					"parameters": {
						"instance-variable": "item",
						"comparison": 1,
						"value": "0"
					}
				}
			],
			"actions": [
				{
					"id": "play",
					"objectClass": "Audio",
					"sid": 435878800197309,
					"parameters": {
						"audio-file": "Appear",
						"loop": "not-looping",
						"volume": "0",
						"stereo-pan": "0",
						"tag-optional": "\"\""
					}
				},
				{
					"id": "set-opacity",
					"objectClass": "Sprite3",
					"sid": 396480872703803,
					"parameters": {
						"opacity": "0"
					}
				},
				{
					"id": "set-eventvar-value",
					"objectClass": "System",
					"sid": 461234600981518,
					"parameters": {
						"variable": "giliran",
						"value": "1"
					}
				}
			],
			"sid": 231976428215795,
			"children": [
				{
					"eventType": "block",
					"conditions": [],
					"actions": [
						{
							"id": "wait",
							"objectClass": "System",
							"sid": 119639954606997,
							"parameters": {
								"seconds": "3"
							}
						},
						{
							"id": "set-visible",
							"objectClass": "nextButton",
							"sid": 862848460229545,
							"parameters": {
								"visibility": "visible"
							}
						}
					],
					"sid": 925222311890973
				}
			]
		},
		{
			"eventType": "comment",
			"text": "keluar satu2"
		},
		{
			"eventType": "variable",
			"name": "giliran",
			"type": "number",
			"initialValue": "1",
			"comment": "",
			"isStatic": false,
			"isConstant": false,
			"sid": 838435270919398
		},
		{
			"eventType": "block",
			"conditions": [
				{
					"id": "every-x-seconds",
					"objectClass": "System",
					"sid": 463377446503214,
					"parameters": {
						"interval-seconds": "1.0"
					}
				},
				{
					"id": "compare-instance-variable",
					"objectClass": "Sprite3",
					"sid": 866594462393903,
					"parameters": {
						"instance-variable": "item",
						"comparison": 0,
						"value": "giliran"
					}
				}
			],
			"actions": [
				{
					"id": "tween-one-property",
					"objectClass": "Sprite3",
					"sid": 242200133959516,
					"behaviorType": "Tween",
					"parameters": {
						"tags": "\"\"",
						"property": "offsetOpacity",
						"end-value": "100",
						"time": "1",
						"ease": "default",
						"destroy-on-complete": "no",
						"loop": "no",
						"ping-pong": "no"
					}
				}
			],
			"sid": 841456212102899,
			"children": [
				{
					"eventType": "block",
					"conditions": [
						{
							"id": "compare-eventvar",
							"objectClass": "System",
							"sid": 826571839332898,
							"parameters": {
								"variable": "giliran",
								"comparison": 2,
								"value": "4"
							}
						}
					],
					"actions": [
						{
							"id": "play",
							"objectClass": "Audio",
							"sid": 855545244423311,
							"parameters": {
								"audio-file": "Appear",
								"loop": "not-looping",
								"volume": "0",
								"stereo-pan": "0",
								"tag-optional": "\"\""
							}
						},
						{
							"id": "add-to-eventvar",
							"objectClass": "System",
							"sid": 169639046043081,
							"parameters": {
								"variable": "giliran",
								"value": "1"
							}
						}
					],
					"sid": 465788637105974
				}
			]
		}
	],
	"sid": 958501475678492
}