{
	"name": "MainStory",
	"events": [
		{
			"eventType": "include",
			"includeSheet": "DefaultButton"
		},
		{
			"eventType": "block",
			"conditions": [
				{
					"id": "on-start-of-layout",
					"objectClass": "System",
					"sid": 791740174127725
				}
			],
			"actions": [],
			"sid": 235860756106968,
			"children": [
				{
					"eventType": "block",
					"conditions": [
						{
							"id": "is-boolean-instance-variable-set",
							"objectClass": "pembukaanCerita",
							"sid": 276437709439857,
							"parameters": {
								"instance-variable": "besarkan"
							}
						}
					],
					"actions": [
						{
							"id": "set-instvar-value",
							"objectClass": "pembukaanCerita",
							"sid": 400662830281592,
							"parameters": {
								"instance-variable": "sizeX",
								"value": "Self.Width"
							}
						},
						{
							"id": "set-instvar-value",
							"objectClass": "pembukaanCerita",
							"sid": 429692814198935,
							"parameters": {
								"instance-variable": "sizeY",
								"value": "Self.Height"
							}
						},
						{
							"id": "set-size",
							"objectClass": "pembukaanCerita",
							"sid": 916052546051944,
							"parameters": {
								"width": "0",
								"height": "0"
							}
						}
					],
					"sid": 191148501637122
				},
				{
					"eventType": "block",
					"conditions": [
						{
							"id": "is-boolean-instance-variable-set",
							"objectClass": "pembukaanCerita",
							"sid": 395817720663596,
							"parameters": {
								"instance-variable": "datangkan"
							}
						}
					],
					"actions": [
						{
							"id": "move-to-position",
							"objectClass": "pembukaanCerita",
							"sid": 137302717199618,
							"behaviorType": "MoveTo",
							"parameters": {
								"x": "Self.posX",
								"y": "Self.posY",
								"mode": "direct"
							}
						}
					],
					"sid": 402170906248525
				},
				{
					"eventType": "block",
					"conditions": [],
					"actions": [
						{
							"id": "wait",
							"objectClass": "System",
							"sid": 498263309158702,
							"parameters": {
								"seconds": "5"
							}
						},
						{
							"id": "set-visible",
							"objectClass": "nextButton",
							"sid": 153074639747675,
							"parameters": {
								"visibility": "visible"
							}
						}
					],
					"sid": 272302861257622
				}
			]
		},
		{
			"eventType": "block",
			"conditions": [
				{
					"id": "every-x-seconds",
					"objectClass": "System",
					"sid": 457353460964209,
					"parameters": {
						"interval-seconds": "1.0"
					}
				},
				{
					"id": "is-boolean-instance-variable-set",
					"objectClass": "pembukaanCerita",
					"sid": 814801189038415,
					"parameters": {
						"instance-variable": "besarkan"
					}
				}
			],
			"actions": [],
			"sid": 389423440850796,
			"children": [
				{
					"eventType": "block",
					"conditions": [
						{
							"id": "pick-random-instance",
							"objectClass": "System",
							"sid": 726548684511596,
							"parameters": {
								"object": "pembukaanCerita"
							}
						}
					],
					"actions": [
						{
							"id": "set-boolean-instvar",
							"objectClass": "pembukaanCerita",
							"sid": 790661153130332,
							"parameters": {
								"instance-variable": "besarkan",
								"value": "false"
							}
						},
						{
							"id": "tween-two-properties",
							"objectClass": "pembukaanCerita",
							"sid": 633256609868345,
							"behaviorType": "Tween",
							"parameters": {
								"tags": "\"\"",
								"property": "size",
								"end-x": "Self.sizeX",
								"end-y": "Self.sizeY",
								"time": "1",
								"ease": "default",
								"destroy-on-complete": "no",
								"loop": "no",
								"ping-pong": "no"
							}
						},
						{
							"id": "play",
							"objectClass": "Audio",
							"sid": 284266512305605,
							"parameters": {
								"audio-file": "Pop",
								"loop": "not-looping",
								"volume": "-10",
								"stereo-pan": "0",
								"tag-optional": "\"\""
							}
						}
					],
					"sid": 687764863976308
				}
			]
		}
	],
	"sid": 307956113842342
}