{
	"name": "Kandungan2",
	"events": [
		{
			"eventType": "include",
			"includeSheet": "DefaultButton"
		},
		{
			"eventType": "block",
			"conditions": [
				{
					"id": "on-start-of-layout",
					"objectClass": "System",
					"sid": 155170831747703
				},
				{
					"id": "compare-instance-variable",
					"objectClass": "Sprite3",
					"sid": 422735167323563,
					"parameters": {
						"instance-variable": "item",
						"comparison": 1,
						"value": "0"
					}
				}
			],
			"actions": [
				{
					"id": "set-opacity",
					"objectClass": "Sprite3",
					"sid": 218412866139423,
					"parameters": {
						"opacity": "0"
					}
				},
				{
					"id": "play",
					"objectClass": "Audio",
					"sid": 653896490813757,
					"parameters": {
						"audio-file": "Appear",
						"loop": "not-looping",
						"volume": "0",
						"stereo-pan": "0",
						"tag-optional": "\"\""
					}
				}
			],
			"sid": 408700578962570,
			"children": [
				{
					"eventType": "block",
					"conditions": [
						{
							"id": "compare-instance-variable",
							"objectClass": "Sprite3",
							"sid": 800763766253781,
							"parameters": {
								"instance-variable": "item",
								"comparison": 0,
								"value": "1"
							}
						}
					],
					"actions": [
						{
							"id": "wait",
							"objectClass": "System",
							"sid": 936876663928390,
							"parameters": {
								"seconds": "1.0"
							}
						},
						{
							"id": "set-animation-frame",
							"objectClass": "Sprite3",
							"sid": 712117017225611,
							"parameters": {
								"frame-number": "giliran+1"
							}
						},
						{
							"id": "tween-one-property",
							"objectClass": "Sprite3",
							"sid": 617428963694554,
							"behaviorType": "Tween",
							"parameters": {
								"tags": "\"\"",
								"property": "offsetOpacity",
								"end-value": "100",
								"time": "1",
								"ease": "default",
								"destroy-on-complete": "no",
								"loop": "no",
								"ping-pong": "no"
							}
						}
					],
					"sid": 381230181427499
				},
				{
					"eventType": "comment",
					"text": "next layout"
				},
				{
					"eventType": "block",
					"conditions": [],
					"actions": [
						{
							"id": "wait",
							"objectClass": "System",
							"sid": 878148241081814,
							"parameters": {
								"seconds": "3"
							}
						},
						{
							"id": "set-visible",
							"objectClass": "nextButton",
							"sid": 568364394897731,
							"parameters": {
								"visibility": "visible"
							}
						}
					],
					"sid": 621868930456952
				}
			]
		},
		{
			"eventType": "block",
			"conditions": [
				{
					"id": "every-x-seconds",
					"objectClass": "System",
					"sid": 233226730147394,
					"parameters": {
						"interval-seconds": "1.0"
					}
				},
				{
					"id": "compare-instance-variable",
					"objectClass": "Sprite3",
					"sid": 924366400930230,
					"parameters": {
						"instance-variable": "item",
						"comparison": 0,
						"value": "giliran"
					}
				}
			],
			"actions": [
				{
					"id": "tween-one-property",
					"objectClass": "Sprite3",
					"sid": 168051644236933,
					"behaviorType": "Tween",
					"parameters": {
						"tags": "\"\"",
						"property": "offsetOpacity",
						"end-value": "100",
						"time": "1",
						"ease": "default",
						"destroy-on-complete": "no",
						"loop": "no",
						"ping-pong": "no"
					}
				},
				{
					"id": "add-to-eventvar",
					"objectClass": "System",
					"sid": 329314739650080,
					"parameters": {
						"variable": "giliran",
						"value": "1"
					}
				}
			],
			"sid": 959229400108978,
			"disabled": true
		}
	],
	"sid": 819348018825648
}