{
	"name": "Layout 13",
	"layers": [
		{
			"name": "Layer 0",
			"overriden": 0,
			"subLayers": [],
			"instances": [
				{
					"type": "Sprite7",
					"properties": {
						"initially-visible": true,
						"initial-animation": "Default",
						"initial-frame": 3,
						"enable-collisions": true,
						"live-preview": false
					},
					"uid": 87,
					"instanceVariables": {},
					"behaviors": {},
					"world": {
						"x": 318,
						"y": 186,
						"width": 512.3910603204677,
						"height": 264.9266038359788,
						"originX": 0.5,
						"originY": 0.5,
						"color": [
							1,
							1,
							1,
							1
						],
						"angle": 0,
						"zElevation": 0
					}
				},
				{
					"type": "tutup",
					"properties": {
						"initially-visible": true,
						"initial-animation": "Default",
						"initial-frame": 0,
						"enable-collisions": true,
						"live-preview": false
					},
					"uid": 93,
					"instanceVariables": {
						"item": 6,
						"data": ""
					},
					"behaviors": {
						"Fade": {
							"properties": {
								"fade-in-time": 0,
								"wait-time": 0,
								"fade-out-time": 0.5,
								"destroy": false,
								"enabled": false,
								"live-preview": false
							}
						}
					},
					"world": {
						"x": 1564,
						"y": 1303,
						"width": 420,
						"height": 288,
						"originX": 0.5,
						"originY": 0.5,
						"color": [
							1,
							1,
							1,
							0.300000012
						],
						"angle": 0,
						"zElevation": 0
					}
				},
				{
					"type": "tutup",
					"properties": {
						"initially-visible": true,
						"initial-animation": "Default",
						"initial-frame": 0,
						"enable-collisions": true,
						"live-preview": false
					},
					"uid": 94,
					"instanceVariables": {
						"item": 7,
						"data": ""
					},
					"behaviors": {
						"Fade": {
							"properties": {
								"fade-in-time": 0,
								"wait-time": 0,
								"fade-out-time": 0.5,
								"destroy": false,
								"enabled": false,
								"live-preview": false
							}
						}
					},
					"world": {
						"x": 633,
						"y": 1344,
						"width": 804,
						"height": 314,
						"originX": 0.5,
						"originY": 0.5,
						"color": [
							1,
							1,
							1,
							0.300000012
						],
						"angle": 0,
						"zElevation": 0
					}
				},
				{
					"type": "tutup",
					"properties": {
						"initially-visible": true,
						"initial-animation": "Default",
						"initial-frame": 0,
						"enable-collisions": true,
						"live-preview": false
					},
					"uid": 95,
					"instanceVariables": {
						"item": 8,
						"data": ""
					},
					"behaviors": {
						"Fade": {
							"properties": {
								"fade-in-time": 0,
								"wait-time": 0,
								"fade-out-time": 0.5,
								"destroy": false,
								"enabled": false,
								"live-preview": false
							}
						}
					},
					"world": {
						"x": 1198,
						"y": 1212,
						"width": 608,
						"height": 144,
						"originX": 0.5,
						"originY": 0.5,
						"color": [
							1,
							1,
							1,
							0.300000012
						],
						"angle": 0,
						"zElevation": 0
					}
				},
				{
					"type": "gameSaveData",
					"properties": {
						"initially-visible": true,
						"initial-animation": "Default",
						"initial-frame": 0,
						"enable-collisions": true,
						"live-preview": false
					},
					"uid": 96,
					"instanceVariables": {
						"data": "xiexie,bukeqi2,duibuqi2,meiguanxi2,henmang2"
					},
					"behaviors": {},
					"world": {
						"x": 907.312683105,
						"y": -142.687347412,
						"width": 174.625320435,
						"height": 174.625320435,
						"originX": 0.5,
						"originY": 0.5,
						"color": [
							1,
							1,
							1,
							1
						],
						"angle": 0,
						"zElevation": 0
					}
				},
				{
					"type": "GmbrDrag2",
					"properties": {
						"initially-visible": true,
						"initial-animation": "Animation 1",
						"initial-frame": 9,
						"enable-collisions": true,
						"live-preview": false
					},
					"uid": 102,
					"instanceVariables": {
						"startX": 0,
						"startY": 0,
						"item": 1
					},
					"behaviors": {
						"DragDrop": {
							"properties": {
								"axes": "both",
								"enabled": false
							}
						}
					},
					"world": {
						"x": 220,
						"y": 460,
						"width": 234.95238532953394,
						"height": 199.92857142857142,
						"originX": 0.5,
						"originY": 0.5,
						"color": [
							1,
							1,
							1,
							1
						],
						"angle": 6.27226167292283,
						"zElevation": 0
					}
				},
				{
					"type": "GmbrDrag2",
					"properties": {
						"initially-visible": true,
						"initial-animation": "Animation 1",
						"initial-frame": 8,
						"enable-collisions": true,
						"live-preview": false
					},
					"uid": 97,
					"instanceVariables": {
						"startX": 0,
						"startY": 0,
						"item": 2
					},
					"behaviors": {
						"DragDrop": {
							"properties": {
								"axes": "both",
								"enabled": false
							}
						}
					},
					"world": {
						"x": 554,
						"y": 445,
						"width": 271.0989061494622,
						"height": 249.91071428571428,
						"originX": 0.5,
						"originY": 0.5,
						"color": [
							1,
							1,
							1,
							1
						],
						"angle": 0,
						"zElevation": 0
					}
				},
				{
					"type": "GmbrDrag2",
					"properties": {
						"initially-visible": true,
						"initial-animation": "Animation 1",
						"initial-frame": 7,
						"enable-collisions": true,
						"live-preview": false
					},
					"uid": 98,
					"instanceVariables": {
						"startX": 0,
						"startY": 0,
						"item": 3
					},
					"behaviors": {
						"DragDrop": {
							"properties": {
								"axes": "both",
								"enabled": false
							}
						}
					},
					"world": {
						"x": 869,
						"y": 399,
						"width": 263.86960198547655,
						"height": 520.1845238095237,
						"originX": 0.5,
						"originY": 0.5,
						"color": [
							1,
							1,
							1,
							1
						],
						"angle": 0,
						"zElevation": 0
					}
				},
				{
					"type": "GmbrDrag2",
					"properties": {
						"initially-visible": true,
						"initial-animation": "Animation 1",
						"initial-frame": 6,
						"enable-collisions": true,
						"live-preview": false
					},
					"uid": 99,
					"instanceVariables": {
						"startX": 0,
						"startY": 0,
						"item": 4
					},
					"behaviors": {
						"DragDrop": {
							"properties": {
								"axes": "both",
								"enabled": false
							}
						}
					},
					"world": {
						"x": 1207,
						"y": 432,
						"width": 361.4652081992829,
						"height": 433.17857142857133,
						"originX": 0.5,
						"originY": 0.5,
						"color": [
							1,
							1,
							1,
							1
						],
						"angle": 0,
						"zElevation": 0
					}
				},
				{
					"type": "GmbrDrag2",
					"properties": {
						"initially-visible": true,
						"initial-animation": "Animation 1",
						"initial-frame": 5,
						"enable-collisions": true,
						"live-preview": false
					},
					"uid": 100,
					"instanceVariables": {
						"startX": 0,
						"startY": 0,
						"item": 5
					},
					"behaviors": {
						"DragDrop": {
							"properties": {
								"axes": "both",
								"enabled": false
							}
						}
					},
					"world": {
						"x": 1616,
						"y": 421,
						"width": 348.81392591230804,
						"height": 405.4107142857143,
						"originX": 0.5,
						"originY": 0.5,
						"color": [
							1,
							1,
							1,
							1
						],
						"angle": 0,
						"zElevation": 0
					}
				},
				{
					"type": "GmbrDrag",
					"properties": {
						"initially-visible": true,
						"initial-animation": "Animation 1",
						"initial-frame": 4,
						"enable-collisions": true,
						"live-preview": false
					},
					"uid": 91,
					"instanceVariables": {
						"startX": 0,
						"startY": 0,
						"item": 2,
						"nameSound": "bukeqi2",
						"locked": false
					},
					"behaviors": {
						"DragDrop": {
							"properties": {
								"axes": "both",
								"enabled": true
							}
						}
					},
					"world": {
						"x": 228,
						"y": 889,
						"width": 253.0256457394981,
						"height": 174.01190476190476,
						"originX": 0.5,
						"originY": 0.5,
						"color": [
							1,
							1,
							1,
							1
						],
						"angle": 0,
						"zElevation": 0
					}
				},
				{
					"type": "GmbrDrag",
					"properties": {
						"initially-visible": true,
						"initial-animation": "Animation 1",
						"initial-frame": 3,
						"enable-collisions": true,
						"live-preview": false
					},
					"uid": 92,
					"instanceVariables": {
						"startX": 0,
						"startY": 0,
						"item": 4,
						"nameSound": "meiguanxi2",
						"locked": false
					},
					"behaviors": {
						"DragDrop": {
							"properties": {
								"axes": "both",
								"enabled": true
							}
						}
					},
					"world": {
						"x": 549,
						"y": 873,
						"width": 289.1721665594264,
						"height": 181.41666666666666,
						"originX": 0.5,
						"originY": 0.5,
						"color": [
							1,
							1,
							1,
							1
						],
						"angle": 0,
						"zElevation": 0
					}
				},
				{
					"type": "GmbrDrag",
					"properties": {
						"initially-visible": true,
						"initial-animation": "Animation 1",
						"initial-frame": 2,
						"enable-collisions": true,
						"live-preview": false
					},
					"uid": 90,
					"instanceVariables": {
						"startX": 0,
						"startY": 0,
						"item": 1,
						"nameSound": "xiexie2",
						"locked": false
					},
					"behaviors": {
						"DragDrop": {
							"properties": {
								"axes": "both",
								"enabled": true
							}
						}
					},
					"world": {
						"x": 875,
						"y": 880,
						"width": 189.76923430462358,
						"height": 170.3095238095238,
						"originX": 0.5,
						"originY": 0.5,
						"color": [
							1,
							1,
							1,
							1
						],
						"angle": 0,
						"zElevation": 0
					}
				},
				{
					"type": "GmbrDrag",
					"properties": {
						"initially-visible": true,
						"initial-animation": "Animation 1",
						"initial-frame": 1,
						"enable-collisions": true,
						"live-preview": false
					},
					"uid": 89,
					"instanceVariables": {
						"startX": 0,
						"startY": 0,
						"item": 5,
						"nameSound": "henmang2",
						"locked": false
					},
					"behaviors": {
						"DragDrop": {
							"properties": {
								"axes": "both",
								"enabled": true
							}
						}
					},
					"world": {
						"x": 1218,
						"y": 873,
						"width": 283.75018843643716,
						"height": 177.7142857142857,
						"originX": 0.5,
						"originY": 0.5,
						"color": [
							1,
							1,
							1,
							1
						],
						"angle": 0,
						"zElevation": 0
					}
				},
				{
					"type": "GmbrDrag",
					"properties": {
						"initially-visible": true,
						"initial-animation": "Animation 1",
						"initial-frame": 0,
						"enable-collisions": true,
						"live-preview": false
					},
					"uid": 88,
					"instanceVariables": {
						"startX": 0,
						"startY": 0,
						"item": 3,
						"nameSound": "duibuqi2",
						"locked": false
					},
					"behaviors": {
						"DragDrop": {
							"properties": {
								"axes": "both",
								"enabled": true
							}
						}
					},
					"world": {
						"x": 1606,
						"y": 860,
						"width": 198.80586450960567,
						"height": 162.9047619047619,
						"originX": 0.5,
						"originY": 0.5,
						"color": [
							1,
							1,
							1,
							1
						],
						"angle": 0,
						"zElevation": 0
					}
				},
				{
					"type": "backButton",
					"properties": {
						"initially-visible": true,
						"initial-animation": "Default",
						"initial-frame": 0,
						"enable-collisions": true,
						"live-preview": false
					},
					"uid": 110,
					"instanceVariables": {
						"goTo": "Layout 12"
					},
					"behaviors": {},
					"world": {
						"x": 37.87726199019019,
						"y": 37.08568748898283,
						"width": 56.584925515866786,
						"height": 55.20296175429829,
						"originX": 0.5,
						"originY": 0.5,
						"color": [
							1,
							1,
							1,
							1
						],
						"angle": 0,
						"zElevation": 0
					}
				},
				{
					"type": "nextButton",
					"properties": {
						"initially-visible": false,
						"initial-animation": "Default",
						"initial-frame": 0,
						"enable-collisions": true,
						"live-preview": false
					},
					"uid": 167,
					"instanceVariables": {
						"goTo": "Layout 14"
					},
					"behaviors": {},
					"world": {
						"x": 1800,
						"y": 969,
						"width": 144.913772583,
						"height": 144.913772583,
						"originX": 0.5,
						"originY": 0.5,
						"color": [
							1,
							1,
							1,
							1
						],
						"angle": 0,
						"zElevation": 0
					}
				}
			],
			"sid": 251135239612799,
			"effectTypes": [],
			"isInitiallyVisible": true,
			"isInitiallyInteractive": true,
			"color": [
				1,
				1,
				1,
				1
			],
			"backgroundColor": [
				0.9411764705882353,
				0.9215686274509803,
				0.8784313725490196,
				1
			],
			"isTransparent": false,
			"parallaxX": 1,
			"parallaxY": 1,
			"scaleRate": 1,
			"forceOwnTexture": false,
			"renderingMode": "3d",
			"drawOrder": "z-order",
			"useRenderCells": false,
			"blendMode": "normal",
			"zElevation": 0,
			"global": false
		}
	],
	"sid": 211897721838646,
	"nonworld-instances": [],
	"effectTypes": [],
	"width": 1920,
	"height": 1080,
	"unboundedScrolling": false,
	"vpX": 0.5,
	"vpY": 0.5,
	"projection": "perspective",
	"eventSheet": "Layout13"
}