{
	"name": "Layout 12",
	"layers": [
		{
			"name": "Layer 0",
			"overriden": 0,
			"subLayers": [],
			"instances": [
				{
					"type": "Sprite7",
					"properties": {
						"initially-visible": true,
						"initial-animation": "Default",
						"initial-frame": 2,
						"enable-collisions": true,
						"live-preview": false
					},
					"uid": 76,
					"instanceVariables": {},
					"behaviors": {},
					"world": {
						"x": 966,
						"y": 551,
						"width": 1743.8867581045554,
						"height": 971.5520833333334,
						"originX": 0.5104109848058525,
						"originY": 0.5021325252525252,
						"color": [
							1,
							1,
							1,
							1
						],
						"angle": 0,
						"zElevation": 0
					}
				},
				{
					"type": "tutup",
					"properties": {
						"initially-visible": true,
						"initial-animation": "Default",
						"initial-frame": 0,
						"enable-collisions": true,
						"live-preview": false
					},
					"uid": 77,
					"instanceVariables": {
						"item": 1,
						"data": "xiexie2"
					},
					"behaviors": {
						"Fade": {
							"properties": {
								"fade-in-time": 0,
								"wait-time": 0,
								"fade-out-time": 0.5,
								"destroy": false,
								"enabled": false,
								"live-preview": false
							}
						}
					},
					"world": {
						"x": 534,
						"y": 215.5,
						"width": 442,
						"height": 265,
						"originX": 0.5,
						"originY": 0.5,
						"color": [
							1,
							1,
							1,
							0.300000012
						],
						"angle": 0,
						"zElevation": 0
					}
				},
				{
					"type": "tutup",
					"properties": {
						"initially-visible": true,
						"initial-animation": "Default",
						"initial-frame": 0,
						"enable-collisions": true,
						"live-preview": false
					},
					"uid": 78,
					"instanceVariables": {
						"item": 3,
						"data": "bukeqi2"
					},
					"behaviors": {
						"Fade": {
							"properties": {
								"fade-in-time": 0,
								"wait-time": 0,
								"fade-out-time": 0.5,
								"destroy": false,
								"enabled": false,
								"live-preview": false
							}
						}
					},
					"world": {
						"x": 1074.5,
						"y": 221,
						"width": 454,
						"height": 325,
						"originX": 0.5,
						"originY": 0.5,
						"color": [
							1,
							1,
							1,
							0.300000012
						],
						"angle": 0,
						"zElevation": 0
					}
				},
				{
					"type": "tutup",
					"properties": {
						"initially-visible": true,
						"initial-animation": "Default",
						"initial-frame": 0,
						"enable-collisions": true,
						"live-preview": false
					},
					"uid": 79,
					"instanceVariables": {
						"item": 5,
						"data": "duibuqi2"
					},
					"behaviors": {
						"Fade": {
							"properties": {
								"fade-in-time": 0,
								"wait-time": 0,
								"fade-out-time": 0.5,
								"destroy": false,
								"enabled": false,
								"live-preview": false
							}
						}
					},
					"world": {
						"x": 544,
						"y": 725.5,
						"width": 553,
						"height": 620,
						"originX": 0.5,
						"originY": 0.5,
						"color": [
							1,
							1,
							1,
							0.300000012
						],
						"angle": 0,
						"zElevation": 0
					}
				},
				{
					"type": "tutup",
					"properties": {
						"initially-visible": true,
						"initial-animation": "Default",
						"initial-frame": 0,
						"enable-collisions": true,
						"live-preview": false
					},
					"uid": 80,
					"instanceVariables": {
						"item": 7,
						"data": "meiguanxi2"
					},
					"behaviors": {
						"Fade": {
							"properties": {
								"fade-in-time": 0,
								"wait-time": 0,
								"fade-out-time": 0.5,
								"destroy": false,
								"enabled": false,
								"live-preview": false
							}
						}
					},
					"world": {
						"x": 1109.0052285924564,
						"y": 717.8932922077421,
						"width": 364.0101923495613,
						"height": 644,
						"originX": 0.5,
						"originY": 0.5,
						"color": [
							1,
							1,
							1,
							0.300000012
						],
						"angle": 0.002481873252692845,
						"zElevation": 0
					}
				},
				{
					"type": "tutup",
					"properties": {
						"initially-visible": true,
						"initial-animation": "Default",
						"initial-frame": 0,
						"enable-collisions": true,
						"live-preview": false
					},
					"uid": 81,
					"instanceVariables": {
						"item": 9,
						"data": "henmang2"
					},
					"behaviors": {
						"Fade": {
							"properties": {
								"fade-in-time": 0,
								"wait-time": 0,
								"fade-out-time": 0.5,
								"destroy": false,
								"enabled": false,
								"live-preview": false
							}
						}
					},
					"world": {
						"x": 1568,
						"y": 563,
						"width": 363,
						"height": 698,
						"originX": 0.5,
						"originY": 0.5,
						"color": [
							1,
							1,
							1,
							0.300000012
						],
						"angle": 0,
						"zElevation": 0
					}
				},
				{
					"type": "tutup",
					"properties": {
						"initially-visible": true,
						"initial-animation": "Default",
						"initial-frame": 0,
						"enable-collisions": true,
						"live-preview": false
					},
					"uid": 82,
					"instanceVariables": {
						"item": 6,
						"data": ""
					},
					"behaviors": {
						"Fade": {
							"properties": {
								"fade-in-time": 0,
								"wait-time": 0,
								"fade-out-time": 0.5,
								"destroy": false,
								"enabled": false,
								"live-preview": false
							}
						}
					},
					"world": {
						"x": 1564,
						"y": 1303,
						"width": 420,
						"height": 288,
						"originX": 0.5,
						"originY": 0.5,
						"color": [
							1,
							1,
							1,
							0.300000012
						],
						"angle": 0,
						"zElevation": 0
					}
				},
				{
					"type": "tutup",
					"properties": {
						"initially-visible": true,
						"initial-animation": "Default",
						"initial-frame": 0,
						"enable-collisions": true,
						"live-preview": false
					},
					"uid": 83,
					"instanceVariables": {
						"item": 7,
						"data": ""
					},
					"behaviors": {
						"Fade": {
							"properties": {
								"fade-in-time": 0,
								"wait-time": 0,
								"fade-out-time": 0.5,
								"destroy": false,
								"enabled": false,
								"live-preview": false
							}
						}
					},
					"world": {
						"x": 633,
						"y": 1344,
						"width": 804,
						"height": 314,
						"originX": 0.5,
						"originY": 0.5,
						"color": [
							1,
							1,
							1,
							0.300000012
						],
						"angle": 0,
						"zElevation": 0
					}
				},
				{
					"type": "tutup",
					"properties": {
						"initially-visible": true,
						"initial-animation": "Default",
						"initial-frame": 0,
						"enable-collisions": true,
						"live-preview": false
					},
					"uid": 84,
					"instanceVariables": {
						"item": 8,
						"data": ""
					},
					"behaviors": {
						"Fade": {
							"properties": {
								"fade-in-time": 0,
								"wait-time": 0,
								"fade-out-time": 0.5,
								"destroy": false,
								"enabled": false,
								"live-preview": false
							}
						}
					},
					"world": {
						"x": 1198,
						"y": 1212,
						"width": 608,
						"height": 144,
						"originX": 0.5,
						"originY": 0.5,
						"color": [
							1,
							1,
							1,
							0.300000012
						],
						"angle": 0,
						"zElevation": 0
					}
				},
				{
					"type": "gameSaveData",
					"properties": {
						"initially-visible": true,
						"initial-animation": "Default",
						"initial-frame": 0,
						"enable-collisions": true,
						"live-preview": false
					},
					"uid": 85,
					"instanceVariables": {
						"data": "xiexie2,bukeqi2,duibuqi2,meiguanxi2,henmang2"
					},
					"behaviors": {},
					"world": {
						"x": 907.312683105,
						"y": -142.687347412,
						"width": 174.625320435,
						"height": 174.625320435,
						"originX": 0.5,
						"originY": 0.5,
						"color": [
							1,
							1,
							1,
							1
						],
						"angle": 0,
						"zElevation": 0
					}
				},
				{
					"type": "nextButton",
					"properties": {
						"initially-visible": false,
						"initial-animation": "Default",
						"initial-frame": 0,
						"enable-collisions": true,
						"live-preview": false
					},
					"uid": 103,
					"instanceVariables": {
						"goTo": "Layout 13"
					},
					"behaviors": {},
					"world": {
						"x": 1800,
						"y": 969,
						"width": 144.913772583,
						"height": 144.913772583,
						"originX": 0.5,
						"originY": 0.5,
						"color": [
							1,
							1,
							1,
							1
						],
						"angle": 0,
						"zElevation": 0
					}
				},
				{
					"type": "backButton",
					"properties": {
						"initially-visible": true,
						"initial-animation": "Default",
						"initial-frame": 0,
						"enable-collisions": true,
						"live-preview": false
					},
					"uid": 109,
					"instanceVariables": {
						"goTo": "Layout 11"
					},
					"behaviors": {},
					"world": {
						"x": 35.682644870816944,
						"y": 31.562457002845576,
						"width": 56.584925515866786,
						"height": 55.20296175429829,
						"originX": 0.5,
						"originY": 0.5,
						"color": [
							1,
							1,
							1,
							1
						],
						"angle": 0,
						"zElevation": 0
					}
				}
			],
			"sid": 812630856092325,
			"effectTypes": [],
			"isInitiallyVisible": true,
			"isInitiallyInteractive": true,
			"color": [
				1,
				1,
				1,
				1
			],
			"backgroundColor": [
				0.9411764705882353,
				0.9215686274509803,
				0.8784313725490196,
				1
			],
			"isTransparent": false,
			"parallaxX": 1,
			"parallaxY": 1,
			"scaleRate": 1,
			"forceOwnTexture": false,
			"renderingMode": "3d",
			"drawOrder": "z-order",
			"useRenderCells": false,
			"blendMode": "normal",
			"zElevation": 0,
			"global": false
		}
	],
	"sid": 482824767489452,
	"nonworld-instances": [],
	"effectTypes": [],
	"width": 1920,
	"height": 1080,
	"unboundedScrolling": false,
	"vpX": 0.5,
	"vpY": 0.5,
	"projection": "perspective",
	"eventSheet": "layout10"
}