{
	"name": "Layout 8",
	"layers": [
		{
			"name": "Layer 0",
			"overriden": 0,
			"subLayers": [],
			"instances": [
				{
					"type": "Sprite6",
					"properties": {
						"initially-visible": true,
						"initial-animation": "Default",
						"initial-frame": 0,
						"enable-collisions": true,
						"live-preview": false
					},
					"uid": 46,
					"instanceVariables": {},
					"behaviors": {},
					"world": {
						"x": 1483,
						"y": 1703,
						"width": 1920,
						"height": 1080,
						"originX": 0.5,
						"originY": 0.5,
						"color": [
							1,
							1,
							1,
							1
						],
						"angle": 0,
						"zElevation": 0
					}
				},
				{
					"type": "Sprite5",
					"properties": {
						"initially-visible": true,
						"initial-animation": "Default",
						"initial-frame": 1,
						"enable-collisions": true,
						"live-preview": false
					},
					"uid": 45,
					"instanceVariables": {
						"item": 1
					},
					"behaviors": {},
					"world": {
						"x": 1289,
						"y": 1665,
						"width": 952,
						"height": 514,
						"originX": 0.5,
						"originY": 0.5,
						"color": [
							1,
							1,
							1,
							1
						],
						"angle": 0,
						"zElevation": 0
					}
				},
				{
					"type": "Sprite5",
					"properties": {
						"initially-visible": false,
						"initial-animation": "Default",
						"initial-frame": 3,
						"enable-collisions": true,
						"live-preview": false
					},
					"uid": 44,
					"instanceVariables": {
						"item": 2
					},
					"behaviors": {},
					"world": {
						"x": 1692,
						"y": 965,
						"width": 300,
						"height": 152,
						"originX": 0.5,
						"originY": 0.5,
						"color": [
							1,
							1,
							1,
							1
						],
						"angle": 0,
						"zElevation": 0
					}
				},
				{
					"type": "Cerita",
					"properties": {
						"initially-visible": true,
						"initial-animation": "Animation 1",
						"initial-frame": 0,
						"enable-collisions": true,
						"live-preview": false
					},
					"uid": 131,
					"instanceVariables": {},
					"behaviors": {},
					"world": {
						"x": 827,
						"y": 244,
						"width": 1019,
						"height": 629,
						"originX": 0.35305201177625123,
						"originY": 0.3049284578696343,
						"color": [
							1,
							1,
							1,
							1
						],
						"angle": 0,
						"zElevation": 0
					}
				},
				{
					"type": "Text",
					"properties": {
						"text": "Putera perlu melengkapkan permainan bahasa untuk melepasi semua halangan untuk mendapatkan kembali jiwa hati puteri.",
						"enable-bbcode": true,
						"font": "system-ui",
						"size": 45,
						"line-height": 0,
						"bold": true,
						"italic": false,
						"color": [
							0.5411764705882353,
							0,
							0,
							1
						],
						"horizontal-alignment": "center",
						"vertical-alignment": "top",
						"wrapping": "word",
						"initially-visible": true,
						"origin": "center"
					},
					"uid": 119,
					"instanceVariables": {},
					"behaviors": {},
					"world": {
						"x": 964,
						"y": 822,
						"width": 1346,
						"height": 288,
						"originX": 0.5,
						"originY": 0.5,
						"color": [
							1,
							1,
							1,
							1
						],
						"angle": 0,
						"zElevation": 0
					}
				},
				{
					"type": "notakecil",
					"properties": {
						"initially-visible": false,
						"initial-animation": "Animation 1",
						"initial-frame": 0,
						"enable-collisions": true,
						"live-preview": false
					},
					"uid": 132,
					"instanceVariables": {},
					"behaviors": {},
					"world": {
						"x": 963,
						"y": 949,
						"width": 458.1538093735315,
						"height": 206.61838461943577,
						"originX": 0.5118679050567595,
						"originY": 0.4874141876430206,
						"color": [
							1,
							1,
							1,
							1
						],
						"angle": 0,
						"zElevation": 0
					}
				},
				{
					"type": "backButton",
					"properties": {
						"initially-visible": true,
						"initial-animation": "Default",
						"initial-frame": 0,
						"enable-collisions": true,
						"live-preview": false
					},
					"uid": 138,
					"instanceVariables": {
						"goTo": "Layout 7"
					},
					"behaviors": {},
					"world": {
						"x": 42,
						"y": 41,
						"width": 56.584925515866786,
						"height": 55.20296175429829,
						"originX": 0.5,
						"originY": 0.5,
						"color": [
							1,
							1,
							1,
							1
						],
						"angle": 0,
						"zElevation": 0
					}
				}
			],
			"sid": 930662331174270,
			"effectTypes": [],
			"isInitiallyVisible": true,
			"isInitiallyInteractive": true,
			"color": [
				1,
				1,
				1,
				1
			],
			"backgroundColor": [
				0.9411764705882353,
				0.9215686274509803,
				0.8784313725490196,
				1
			],
			"isTransparent": false,
			"parallaxX": 1,
			"parallaxY": 1,
			"scaleRate": 1,
			"forceOwnTexture": false,
			"renderingMode": "3d",
			"drawOrder": "z-order",
			"useRenderCells": false,
			"blendMode": "normal",
			"zElevation": 0,
			"global": false
		}
	],
	"sid": 865246098584307,
	"nonworld-instances": [],
	"effectTypes": [],
	"width": 1920,
	"height": 1080,
	"unboundedScrolling": false,
	"vpX": 0.5,
	"vpY": 0.5,
	"projection": "perspective",
	"eventSheet": "layout 8"
}