{
	"name": "Layout 9",
	"layers": [
		{
			"name": "Layer 0",
			"overriden": 0,
			"subLayers": [],
			"instances": [
				{
					"type": "SpriteBaru",
					"properties": {
						"initially-visible": true,
						"initial-animation": "Animation 1",
						"initial-frame": 3,
						"enable-collisions": true,
						"live-preview": false
					},
					"uid": 118,
					"instanceVariables": {},
					"behaviors": {},
					"world": {
						"x": 961,
						"y": 544,
						"width": 1844.7452872429851,
						"height": 1034.407299329733,
						"originX": 0.5,
						"originY": 0.5,
						"color": [
							1,
							1,
							1,
							1
						],
						"angle": 6.2786533537819,
						"zElevation": 0
					}
				},
				{
					"type": "BtnLetsGo",
					"properties": {
						"initially-visible": true,
						"initial-animation": "Animation 1",
						"initial-frame": 0,
						"enable-collisions": true,
						"live-preview": false
					},
					"uid": 115,
					"instanceVariables": {},
					"behaviors": {},
					"world": {
						"x": 969,
						"y": 769,
						"width": 280,
						"height": 280,
						"originX": 0.5071428571428571,
						"originY": 0.4928571428571429,
						"color": [
							1,
							1,
							1,
							1
						],
						"angle": 0,
						"zElevation": 0
					}
				},
				{
					"type": "backButton",
					"properties": {
						"initially-visible": true,
						"initial-animation": "Default",
						"initial-frame": 0,
						"enable-collisions": true,
						"live-preview": false
					},
					"uid": 116,
					"instanceVariables": {
						"goTo": "Layout 8"
					},
					"behaviors": {},
					"world": {
						"x": 44,
						"y": 39,
						"width": 56.584925515866786,
						"height": 55.20296175429829,
						"originX": 0.5,
						"originY": 0.5,
						"color": [
							1,
							1,
							1,
							1
						],
						"angle": 0,
						"zElevation": 0
					}
				}
			],
			"sid": 556263425999642,
			"effectTypes": [],
			"isInitiallyVisible": true,
			"isInitiallyInteractive": true,
			"color": [
				1,
				1,
				1,
				1
			],
			"backgroundColor": [
				0.3215686274509804,
				0.44313725490196076,
				1,
				1
			],
			"isTransparent": false,
			"parallaxX": 1,
			"parallaxY": 1,
			"scaleRate": 1,
			"forceOwnTexture": false,
			"renderingMode": "3d",
			"drawOrder": "z-order",
			"useRenderCells": false,
			"blendMode": "normal",
			"zElevation": 0,
			"global": false
		}
	],
	"sid": 349468888046109,
	"nonworld-instances": [],
	"effectTypes": [],
	"width": 1920,
	"height": 1080,
	"unboundedScrolling": false,
	"vpX": 0.5,
	"vpY": 0.5,
	"projection": "perspective",
	"eventSheet": "Layout 9"
}