{
	"name": "Layout 10",
	"layers": [
		{
			"name": "Layer 0",
			"overriden": 0,
			"subLayers": [],
			"instances": [
				{
					"type": "Sprite7",
					"properties": {
						"initially-visible": true,
						"initial-animation": "Default",
						"initial-frame": 0,
						"enable-collisions": true,
						"live-preview": false
					},
					"uid": 47,
					"instanceVariables": {},
					"behaviors": {},
					"world": {
						"x": 961.62322998,
						"y": 540.878967285,
						"width": 1884.222045898,
						"height": 1059.875,
						"originX": 0.5,
						"originY": 0.500926,
						"color": [
							1,
							1,
							1,
							1
						],
						"angle": 0,
						"zElevation": 0
					}
				},
				{
					"type": "Sprite8",
					"properties": {
						"initially-visible": true,
						"initial-animation": "Default",
						"initial-frame": 0,
						"enable-collisions": true,
						"live-preview": false
					},
					"uid": 52,
					"instanceVariables": {},
					"behaviors": {},
					"world": {
						"x": 1349,
						"y": 75,
						"width": 174.014938354,
						"height": 175.984909058,
						"originX": 0,
						"originY": 0,
						"color": [
							1,
							1,
							1,
							1
						],
						"angle": 0,
						"zElevation": 0
					}
				},
				{
					"type": "tutup",
					"properties": {
						"initially-visible": true,
						"initial-animation": "Default",
						"initial-frame": 0,
						"enable-collisions": true,
						"live-preview": false
					},
					"uid": 53,
					"instanceVariables": {
						"item": 1,
						"data": ""
					},
					"behaviors": {
						"Fade": {
							"properties": {
								"fade-in-time": 0,
								"wait-time": 0,
								"fade-out-time": 0.5,
								"destroy": false,
								"enabled": false,
								"live-preview": false
							}
						}
					},
					"world": {
						"x": 693,
						"y": 180,
						"width": 390,
						"height": 86,
						"originX": 0.5,
						"originY": 0.5,
						"color": [
							1,
							1,
							1,
							0.300000012
						],
						"angle": 0,
						"zElevation": 0
					}
				},
				{
					"type": "tutup",
					"properties": {
						"initially-visible": true,
						"initial-animation": "Default",
						"initial-frame": 0,
						"enable-collisions": true,
						"live-preview": false
					},
					"uid": 54,
					"instanceVariables": {
						"item": 2,
						"data": "1nihao"
					},
					"behaviors": {
						"Fade": {
							"properties": {
								"fade-in-time": 0,
								"wait-time": 0,
								"fade-out-time": 0.5,
								"destroy": false,
								"enabled": false,
								"live-preview": false
							}
						}
					},
					"world": {
						"x": 1343,
						"y": 160.5,
						"width": 846,
						"height": 215,
						"originX": 0.5,
						"originY": 0.5,
						"color": [
							1,
							1,
							1,
							0.300000012
						],
						"angle": 0,
						"zElevation": 0
					}
				},
				{
					"type": "tutup",
					"properties": {
						"initially-visible": true,
						"initial-animation": "Default",
						"initial-frame": 0,
						"enable-collisions": true,
						"live-preview": false
					},
					"uid": 55,
					"instanceVariables": {
						"item": 3,
						"data": "2xiaojie"
					},
					"behaviors": {
						"Fade": {
							"properties": {
								"fade-in-time": 0,
								"wait-time": 0,
								"fade-out-time": 0.5,
								"destroy": false,
								"enabled": false,
								"live-preview": false
							}
						}
					},
					"world": {
						"x": 679,
						"y": 345.5,
						"width": 892,
						"height": 161,
						"originX": 0.5,
						"originY": 0.5,
						"color": [
							1,
							1,
							1,
							0.300000012
						],
						"angle": 0,
						"zElevation": 0
					}
				},
				{
					"type": "tutup",
					"properties": {
						"initially-visible": true,
						"initial-animation": "Default",
						"initial-frame": 0,
						"enable-collisions": true,
						"live-preview": false
					},
					"uid": 56,
					"instanceVariables": {
						"item": 4,
						"data": ""
					},
					"behaviors": {
						"Fade": {
							"properties": {
								"fade-in-time": 0,
								"wait-time": 0,
								"fade-out-time": 0.5,
								"destroy": false,
								"enabled": false,
								"live-preview": false
							}
						}
					},
					"world": {
						"x": 1230.5,
						"y": 305,
						"width": 177,
						"height": 86,
						"originX": 0.5,
						"originY": 0.5,
						"color": [
							1,
							1,
							1,
							0.300000012
						],
						"angle": 0,
						"zElevation": 0
					}
				},
				{
					"type": "tutup",
					"properties": {
						"initially-visible": true,
						"initial-animation": "Default",
						"initial-frame": 0,
						"enable-collisions": true,
						"live-preview": false
					},
					"uid": 58,
					"instanceVariables": {
						"item": 5,
						"data": ""
					},
					"behaviors": {
						"Fade": {
							"properties": {
								"fade-in-time": 0,
								"wait-time": 0,
								"fade-out-time": 0.5,
								"destroy": false,
								"enabled": false,
								"live-preview": false
							}
						}
					},
					"world": {
						"x": 693,
						"y": 489,
						"width": 390,
						"height": 86,
						"originX": 0.5,
						"originY": 0.5,
						"color": [
							1,
							1,
							1,
							0.300000012
						],
						"angle": 0,
						"zElevation": 0
					}
				},
				{
					"type": "tutup",
					"properties": {
						"initially-visible": true,
						"initial-animation": "Default",
						"initial-frame": 0,
						"enable-collisions": true,
						"live-preview": false
					},
					"uid": 59,
					"instanceVariables": {
						"item": 6,
						"data": "3xiansheng"
					},
					"behaviors": {
						"Fade": {
							"properties": {
								"fade-in-time": 0,
								"wait-time": 0,
								"fade-out-time": 0.5,
								"destroy": false,
								"enabled": false,
								"live-preview": false
							}
						}
					},
					"world": {
						"x": 1197,
						"y": 486,
						"width": 546,
						"height": 156,
						"originX": 0.5,
						"originY": 0.5,
						"color": [
							1,
							1,
							1,
							0.300000012
						],
						"angle": 0,
						"zElevation": 0
					}
				},
				{
					"type": "tutup",
					"properties": {
						"initially-visible": true,
						"initial-animation": "Default",
						"initial-frame": 0,
						"enable-collisions": true,
						"live-preview": false
					},
					"uid": 60,
					"instanceVariables": {
						"item": 7,
						"data": "4ni"
					},
					"behaviors": {
						"Fade": {
							"properties": {
								"fade-in-time": 0,
								"wait-time": 0,
								"fade-out-time": 0.5,
								"destroy": false,
								"enabled": false,
								"live-preview": false
							}
						}
					},
					"world": {
						"x": 752.5,
						"y": 670,
						"width": 961,
						"height": 248,
						"originX": 0.5,
						"originY": 0.5,
						"color": [
							1,
							1,
							1,
							0.300000012
						],
						"angle": 0,
						"zElevation": 0
					}
				},
				{
					"type": "tutup",
					"properties": {
						"initially-visible": true,
						"initial-animation": "Default",
						"initial-frame": 0,
						"enable-collisions": true,
						"live-preview": false
					},
					"uid": 61,
					"instanceVariables": {
						"item": 8,
						"data": ""
					},
					"behaviors": {
						"Fade": {
							"properties": {
								"fade-in-time": 0,
								"wait-time": 0,
								"fade-out-time": 0.5,
								"destroy": false,
								"enabled": false,
								"live-preview": false
							}
						}
					},
					"world": {
						"x": 1426,
						"y": 668,
						"width": 281,
						"height": 84,
						"originX": 0.5,
						"originY": 0.5,
						"color": [
							1,
							1,
							1,
							0.300000012
						],
						"angle": 0,
						"zElevation": 0
					}
				},
				{
					"type": "tutup",
					"properties": {
						"initially-visible": true,
						"initial-animation": "Default",
						"initial-frame": 0,
						"enable-collisions": true,
						"live-preview": false
					},
					"uid": 62,
					"instanceVariables": {
						"item": 9,
						"data": ""
					},
					"behaviors": {
						"Fade": {
							"properties": {
								"fade-in-time": 0,
								"wait-time": 0,
								"fade-out-time": 0.5,
								"destroy": false,
								"enabled": false,
								"live-preview": false
							}
						}
					},
					"world": {
						"x": 689,
						"y": 848,
						"width": 393,
						"height": 84,
						"originX": 0.5,
						"originY": 0.5,
						"color": [
							1,
							1,
							1,
							0.300000012
						],
						"angle": 0,
						"zElevation": 0
					}
				},
				{
					"type": "tutup",
					"properties": {
						"initially-visible": true,
						"initial-animation": "Default",
						"initial-frame": 0,
						"enable-collisions": true,
						"live-preview": false
					},
					"uid": 63,
					"instanceVariables": {
						"item": 10,
						"data": "5jiao"
					},
					"behaviors": {
						"Fade": {
							"properties": {
								"fade-in-time": 0,
								"wait-time": 0,
								"fade-out-time": 0.5,
								"destroy": false,
								"enabled": false,
								"live-preview": false
							}
						}
					},
					"world": {
						"x": 1334,
						"y": 833.5,
						"width": 799,
						"height": 223,
						"originX": 0.5,
						"originY": 0.5,
						"color": [
							1,
							1,
							1,
							0.300000012
						],
						"angle": 0,
						"zElevation": 0
					}
				},
				{
					"type": "gameSaveData",
					"properties": {
						"initially-visible": true,
						"initial-animation": "Default",
						"initial-frame": 0,
						"enable-collisions": true,
						"live-preview": false
					},
					"uid": 71,
					"instanceVariables": {
						"data": "1nihao,2xiaojie,3xiansheng,4ni,5jiao,Layout 11"
					},
					"behaviors": {},
					"world": {
						"x": 908,
						"y": -188,
						"width": 174.625320435,
						"height": 174.625320435,
						"originX": 0.5,
						"originY": 0.5,
						"color": [
							1,
							1,
							1,
							1
						],
						"angle": 0,
						"zElevation": 0
					}
				},
				{
					"type": "nextButton",
					"properties": {
						"initially-visible": false,
						"initial-animation": "Default",
						"initial-frame": 0,
						"enable-collisions": true,
						"live-preview": false
					},
					"uid": 101,
					"instanceVariables": {
						"goTo": "Layout 11"
					},
					"behaviors": {},
					"world": {
						"x": 1763,
						"y": 955,
						"width": 144.913772583,
						"height": 144.913772583,
						"originX": 0.5,
						"originY": 0.5,
						"color": [
							1,
							1,
							1,
							1
						],
						"angle": 0,
						"zElevation": 0
					}
				},
				{
					"type": "backButton",
					"properties": {
						"initially-visible": true,
						"initial-animation": "Default",
						"initial-frame": 0,
						"enable-collisions": true,
						"live-preview": false
					},
					"uid": 107,
					"instanceVariables": {
						"goTo": "Layout 9"
					},
					"behaviors": {},
					"world": {
						"x": 44.33361362957376,
						"y": 38.98580516849794,
						"width": 56.584925515866786,
						"height": 55.20296175429829,
						"originX": 0.5,
						"originY": 0.5,
						"color": [
							1,
							1,
							1,
							1
						],
						"angle": 0,
						"zElevation": 0
					}
				}
			],
			"sid": 565738968186048,
			"effectTypes": [],
			"isInitiallyVisible": true,
			"isInitiallyInteractive": true,
			"color": [
				1,
				1,
				1,
				1
			],
			"backgroundColor": [
				0.9411764705882353,
				0.9215686274509803,
				0.8784313725490196,
				1
			],
			"isTransparent": false,
			"parallaxX": 1,
			"parallaxY": 1,
			"scaleRate": 1,
			"forceOwnTexture": false,
			"renderingMode": "3d",
			"drawOrder": "z-order",
			"useRenderCells": false,
			"blendMode": "normal",
			"zElevation": 0,
			"global": false
		}
	],
	"sid": 275736512359701,
	"nonworld-instances": [],
	"effectTypes": [],
	"width": 1920,
	"height": 1080,
	"unboundedScrolling": false,
	"vpX": 0.5,
	"vpY": 0.5,
	"projection": "perspective",
	"eventSheet": "layout10"
}