{
	"name": "MainStory",
	"layers": [
		{
			"name": "Layer 0",
			"overriden": 0,
			"subLayers": [],
			"instances": [
				{
					"type": "pembukaanCerita",
					"properties": {
						"initially-visible": true,
						"initial-animation": "Animation 1",
						"initial-frame": 9,
						"enable-collisions": true,
						"live-preview": false
					},
					"uid": 129,
					"instanceVariables": {
						"posX": 0,
						"posY": 0,
						"sizeX": 0,
						"sizeY": 0,
						"besarkan": false,
						"datangkan": false
					},
					"behaviors": {
						"Tween": {
							"properties": {
								"enabled": true
							}
						},
						"MoveTo": {
							"properties": {
								"max-speed": 200,
								"acceleration": 600,
								"deceleration": 600,
								"rotate-speed": 0,
								"set-angle": false,
								"stop-on-solids": false,
								"enabled": true
							}
						}
					},
					"world": {
						"x": 1137,
						"y": 277,
						"width": 544,
						"height": 521,
						"originX": 0.5,
						"originY": 0.5,
						"color": [
							1,
							1,
							1,
							1
						],
						"angle": 0,
						"zElevation": 0
					}
				},
				{
					"type": "SpriteBaru",
					"properties": {
						"initially-visible": true,
						"initial-animation": "Animation 1",
						"initial-frame": 7,
						"enable-collisions": true,
						"live-preview": false
					},
					"uid": 117,
					"instanceVariables": {},
					"behaviors": {},
					"world": {
						"x": 2919,
						"y": 893,
						"width": 1844.7452872429851,
						"height": 1034.407299329733,
						"originX": 0.5,
						"originY": 0.5,
						"color": [
							1,
							1,
							1,
							1
						],
						"angle": 6.2786533537819,
						"zElevation": 0
					}
				},
				{
					"type": "SpriteFont",
					"properties": {
						"text": "Text",
						"enable-bbcode": true,
						"character-width": 16,
						"character-height": 16,
						"character-set": "ABCDEFGHIJKLMNOPQRSTUVWXYZabcdefghijklmnopqrstuvwxyz0123456789.,;:?!-_~#\"'&()[]|`\\/@°+=*$£€<>",
						"spacing-data": "",
						"scale": 4,
						"character-spacing": 0,
						"line-height": 0,
						"horizontal-alignment": "left",
						"vertical-alignment": "top",
						"wrapping": "word",
						"initially-visible": true,
						"origin": "top-left"
					},
					"uid": 120,
					"instanceVariables": {},
					"behaviors": {},
					"world": {
						"x": 206,
						"y": 1214,
						"width": 694,
						"height": 242,
						"originX": 0,
						"originY": 0,
						"color": [
							0,
							0,
							1,
							1
						],
						"angle": 0,
						"zElevation": 0
					}
				},
				{
					"type": "pembukaanCerita",
					"properties": {
						"initially-visible": true,
						"initial-animation": "Animation 1",
						"initial-frame": 0,
						"enable-collisions": true,
						"live-preview": false
					},
					"uid": 121,
					"instanceVariables": {
						"posX": 250,
						"posY": 524,
						"sizeX": 0,
						"sizeY": 0,
						"besarkan": false,
						"datangkan": true
					},
					"behaviors": {
						"Tween": {
							"properties": {
								"enabled": true
							}
						},
						"MoveTo": {
							"properties": {
								"max-speed": 200,
								"acceleration": 600,
								"deceleration": 600,
								"rotate-speed": 0,
								"set-angle": false,
								"stop-on-solids": false,
								"enabled": true
							}
						}
					},
					"world": {
						"x": -292,
						"y": 502,
						"width": 322,
						"height": 938,
						"originX": 0.5,
						"originY": 0.5,
						"color": [
							1,
							1,
							1,
							1
						],
						"angle": 0,
						"zElevation": 0
					}
				},
				{
					"type": "pembukaanCerita",
					"properties": {
						"initially-visible": true,
						"initial-animation": "Animation 1",
						"initial-frame": 1,
						"enable-collisions": true,
						"live-preview": false
					},
					"uid": 122,
					"instanceVariables": {
						"posX": 1665,
						"posY": 389,
						"sizeX": 0,
						"sizeY": 0,
						"besarkan": false,
						"datangkan": true
					},
					"behaviors": {
						"Tween": {
							"properties": {
								"enabled": true
							}
						},
						"MoveTo": {
							"properties": {
								"max-speed": 200,
								"acceleration": 600,
								"deceleration": 600,
								"rotate-speed": 0,
								"set-angle": false,
								"stop-on-solids": false,
								"enabled": true
							}
						}
					},
					"world": {
						"x": 2237,
						"y": 381,
						"width": 414,
						"height": 656,
						"originX": 0.5,
						"originY": 0.5,
						"color": [
							1,
							1,
							1,
							1
						],
						"angle": 0,
						"zElevation": 0
					}
				},
				{
					"type": "pembukaanCerita",
					"properties": {
						"initially-visible": true,
						"initial-animation": "Animation 1",
						"initial-frame": 2,
						"enable-collisions": true,
						"live-preview": false
					},
					"uid": 123,
					"instanceVariables": {
						"posX": 0,
						"posY": 0,
						"sizeX": 0,
						"sizeY": 0,
						"besarkan": false,
						"datangkan": false
					},
					"behaviors": {
						"Tween": {
							"properties": {
								"enabled": true
							}
						},
						"MoveTo": {
							"properties": {
								"max-speed": 200,
								"acceleration": 600,
								"deceleration": 600,
								"rotate-speed": 0,
								"set-angle": false,
								"stop-on-solids": false,
								"enabled": true
							}
						}
					},
					"world": {
						"x": 969,
						"y": 815,
						"width": 1022,
						"height": 485,
						"originX": 0.5,
						"originY": 0.5,
						"color": [
							1,
							1,
							1,
							1
						],
						"angle": 0,
						"zElevation": 0
					}
				},
				{
					"type": "pembukaanCerita",
					"properties": {
						"initially-visible": true,
						"initial-animation": "Animation 1",
						"initial-frame": 4,
						"enable-collisions": true,
						"live-preview": false
					},
					"uid": 124,
					"instanceVariables": {
						"posX": 0,
						"posY": 0,
						"sizeX": 0,
						"sizeY": 0,
						"besarkan": true,
						"datangkan": false
					},
					"behaviors": {
						"Tween": {
							"properties": {
								"enabled": true
							}
						},
						"MoveTo": {
							"properties": {
								"max-speed": 200,
								"acceleration": 600,
								"deceleration": 600,
								"rotate-speed": 0,
								"set-angle": false,
								"stop-on-solids": false,
								"enabled": true
							}
						}
					},
					"world": {
						"x": 852,
						"y": 96,
						"width": 173,
						"height": 106,
						"originX": 0.5,
						"originY": 0.5,
						"color": [
							1,
							1,
							1,
							1
						],
						"angle": 0,
						"zElevation": 0
					}
				},
				{
					"type": "pembukaanCerita",
					"properties": {
						"initially-visible": true,
						"initial-animation": "Animation 1",
						"initial-frame": 5,
						"enable-collisions": true,
						"live-preview": false
					},
					"uid": 125,
					"instanceVariables": {
						"posX": 0,
						"posY": 0,
						"sizeX": 0,
						"sizeY": 0,
						"besarkan": true,
						"datangkan": false
					},
					"behaviors": {
						"Tween": {
							"properties": {
								"enabled": true
							}
						},
						"MoveTo": {
							"properties": {
								"max-speed": 200,
								"acceleration": 600,
								"deceleration": 600,
								"rotate-speed": 0,
								"set-angle": false,
								"stop-on-solids": false,
								"enabled": true
							}
						}
					},
					"world": {
						"x": 644,
						"y": 141,
						"width": 135,
						"height": 208,
						"originX": 0.5,
						"originY": 0.5,
						"color": [
							1,
							1,
							1,
							1
						],
						"angle": 0,
						"zElevation": 0
					}
				},
				{
					"type": "pembukaanCerita",
					"properties": {
						"initially-visible": true,
						"initial-animation": "Animation 1",
						"initial-frame": 6,
						"enable-collisions": true,
						"live-preview": false
					},
					"uid": 126,
					"instanceVariables": {
						"posX": 0,
						"posY": 0,
						"sizeX": 0,
						"sizeY": 0,
						"besarkan": true,
						"datangkan": false
					},
					"behaviors": {
						"Tween": {
							"properties": {
								"enabled": true
							}
						},
						"MoveTo": {
							"properties": {
								"max-speed": 200,
								"acceleration": 600,
								"deceleration": 600,
								"rotate-speed": 0,
								"set-angle": false,
								"stop-on-solids": false,
								"enabled": true
							}
						}
					},
					"world": {
						"x": 716,
						"y": 434,
						"width": 219,
						"height": 158,
						"originX": 0.5,
						"originY": 0.5,
						"color": [
							1,
							1,
							1,
							1
						],
						"angle": 0,
						"zElevation": 0
					}
				},
				{
					"type": "pembukaanCerita",
					"properties": {
						"initially-visible": true,
						"initial-animation": "Animation 1",
						"initial-frame": 7,
						"enable-collisions": true,
						"live-preview": false
					},
					"uid": 127,
					"instanceVariables": {
						"posX": 0,
						"posY": 0,
						"sizeX": 0,
						"sizeY": 0,
						"besarkan": true,
						"datangkan": false
					},
					"behaviors": {
						"Tween": {
							"properties": {
								"enabled": true
							}
						},
						"MoveTo": {
							"properties": {
								"max-speed": 200,
								"acceleration": 600,
								"deceleration": 600,
								"rotate-speed": 0,
								"set-angle": false,
								"stop-on-solids": false,
								"enabled": true
							}
						}
					},
					"world": {
						"x": 779,
						"y": 257,
						"width": 203,
						"height": 178,
						"originX": 0.5,
						"originY": 0.5,
						"color": [
							1,
							1,
							1,
							1
						],
						"angle": 0,
						"zElevation": 0
					}
				},
				{
					"type": "pembukaanCerita",
					"properties": {
						"initially-visible": true,
						"initial-animation": "Animation 1",
						"initial-frame": 8,
						"enable-collisions": true,
						"live-preview": false
					},
					"uid": 128,
					"instanceVariables": {
						"posX": 0,
						"posY": 0,
						"sizeX": 0,
						"sizeY": 0,
						"besarkan": true,
						"datangkan": false
					},
					"behaviors": {
						"Tween": {
							"properties": {
								"enabled": true
							}
						},
						"MoveTo": {
							"properties": {
								"max-speed": 200,
								"acceleration": 600,
								"deceleration": 600,
								"rotate-speed": 0,
								"set-angle": false,
								"stop-on-solids": false,
								"enabled": true
							}
						}
					},
					"world": {
						"x": 977,
						"y": 323,
						"width": 191,
						"height": 107,
						"originX": 0.5,
						"originY": 0.5,
						"color": [
							1,
							1,
							1,
							1
						],
						"angle": 0,
						"zElevation": 0
					}
				},
				{
					"type": "nextButton",
					"properties": {
						"initially-visible": false,
						"initial-animation": "Default",
						"initial-frame": 0,
						"enable-collisions": true,
						"live-preview": false
					},
					"uid": 130,
					"instanceVariables": {
						"goTo": "Layout 1"
					},
					"behaviors": {},
					"world": {
						"x": 1763,
						"y": 955,
						"width": 144.913772583,
						"height": 144.913772583,
						"originX": 0.5,
						"originY": 0.5,
						"color": [
							1,
							1,
							1,
							1
						],
						"angle": 0,
						"zElevation": 0
					}
				}
			],
			"sid": 801203402014825,
			"effectTypes": [],
			"isInitiallyVisible": true,
			"isInitiallyInteractive": true,
			"color": [
				1,
				1,
				1,
				1
			],
			"backgroundColor": [
				0.9411764705882353,
				0.9215686274509803,
				0.8784313725490196,
				1
			],
			"isTransparent": false,
			"parallaxX": 1,
			"parallaxY": 1,
			"scaleRate": 1,
			"forceOwnTexture": false,
			"renderingMode": "3d",
			"drawOrder": "z-order",
			"useRenderCells": false,
			"blendMode": "normal",
			"zElevation": 0,
			"global": false
		}
	],
	"sid": 642764152124439,
	"nonworld-instances": [],
	"effectTypes": [],
	"width": 3840,
	"height": 2160,
	"unboundedScrolling": false,
	"vpX": 0.5,
	"vpY": 0.5,
	"projection": "perspective",
	"eventSheet": "MainStory"
}