{
	"name": "Layout 14",
	"layers": [
		{
			"name": "Layer 0",
			"overriden": 0,
			"subLayers": [],
			"instances": [
				{
					"type": "Sprite9",
					"properties": {
						"initially-visible": true,
						"initial-animation": "Animation 1",
						"initial-frame": 0,
						"enable-collisions": true,
						"live-preview": false
					},
					"uid": 168,
					"instanceVariables": {},
					"behaviors": {},
					"world": {
						"x": 945,
						"y": 311,
						"width": 1494,
						"height": 355,
						"originX": 0.5,
						"originY": 0.5,
						"color": [
							1,
							1,
							1,
							1
						],
						"angle": 0,
						"zElevation": 0
					}
				},
				{
					"type": "SpriteLayout14_2",
					"properties": {
						"initially-visible": true,
						"initial-animation": "Animation 1",
						"initial-frame": 0,
						"enable-collisions": true,
						"live-preview": false
					},
					"uid": 163,
					"instanceVariables": {
						"item": 0
					},
					"behaviors": {},
					"world": {
						"x": 943,
						"y": 314,
						"width": 213,
						"height": 223,
						"originX": 0.5,
						"originY": 0.5,
						"color": [
							1,
							1,
							1,
							1
						],
						"angle": 0,
						"zElevation": 0
					}
				},
				{
					"type": "Sprite8",
					"properties": {
						"initially-visible": true,
						"initial-animation": "Default",
						"initial-frame": 0,
						"enable-collisions": true,
						"live-preview": false
					},
					"uid": 155,
					"instanceVariables": {},
					"behaviors": {},
					"world": {
						"x": 838,
						"y": 248,
						"width": 174.014938354,
						"height": 175.984909058,
						"originX": 0,
						"originY": 0,
						"color": [
							1,
							1,
							1,
							1
						],
						"angle": 0,
						"zElevation": 0
					}
				},
				{
					"type": "SpriteLayout14",
					"properties": {
						"initially-visible": true,
						"initial-animation": "Animation 1",
						"initial-frame": 1,
						"enable-collisions": true,
						"live-preview": false
					},
					"uid": 157,
					"instanceVariables": {
						"item": 3,
						"data": "1nihao",
						"startX": 0,
						"startY": 0
					},
					"behaviors": {
						"DragDrop": {
							"properties": {
								"axes": "both",
								"enabled": true
							}
						}
					},
					"world": {
						"x": 339,
						"y": 891,
						"width": 259,
						"height": 288,
						"originX": 0.43243243243243246,
						"originY": 0.4930555555555556,
						"color": [
							1,
							1,
							1,
							1
						],
						"angle": 0,
						"zElevation": 0
					}
				},
				{
					"type": "SpriteLayout14",
					"properties": {
						"initially-visible": true,
						"initial-animation": "Animation 1",
						"initial-frame": 2,
						"enable-collisions": true,
						"live-preview": false
					},
					"uid": 158,
					"instanceVariables": {
						"item": 1,
						"data": "2xiaojie",
						"startX": 0,
						"startY": 0
					},
					"behaviors": {
						"DragDrop": {
							"properties": {
								"axes": "both",
								"enabled": true
							}
						}
					},
					"world": {
						"x": 633,
						"y": 896,
						"width": 245,
						"height": 238,
						"originX": 0.47346938775510206,
						"originY": 0.5168067226890757,
						"color": [
							1,
							1,
							1,
							1
						],
						"angle": 0,
						"zElevation": 0
					}
				},
				{
					"type": "SpriteLayout14",
					"properties": {
						"initially-visible": true,
						"initial-animation": "Animation 1",
						"initial-frame": 3,
						"enable-collisions": true,
						"live-preview": false
					},
					"uid": 159,
					"instanceVariables": {
						"item": 4,
						"data": "4ni",
						"startX": 0,
						"startY": 0
					},
					"behaviors": {
						"DragDrop": {
							"properties": {
								"axes": "both",
								"enabled": true
							}
						}
					},
					"world": {
						"x": 929,
						"y": 895,
						"width": 236,
						"height": 241,
						"originX": 0.4745762711864407,
						"originY": 0.5311203319502075,
						"color": [
							1,
							1,
							1,
							1
						],
						"angle": 0,
						"zElevation": 0
					}
				},
				{
					"type": "SpriteLayout14",
					"properties": {
						"initially-visible": true,
						"initial-animation": "Animation 1",
						"initial-frame": 4,
						"enable-collisions": true,
						"live-preview": false
					},
					"uid": 160,
					"instanceVariables": {
						"item": 2,
						"data": "3xiansheng",
						"startX": 0,
						"startY": 0
					},
					"behaviors": {
						"DragDrop": {
							"properties": {
								"axes": "both",
								"enabled": true
							}
						}
					},
					"world": {
						"x": 1225,
						"y": 889,
						"width": 226,
						"height": 235,
						"originX": 0.4911504424778761,
						"originY": 0.5276595744680851,
						"color": [
							1,
							1,
							1,
							1
						],
						"angle": 6.276631777757537,
						"zElevation": 0
					}
				},
				{
					"type": "SpriteLayout14",
					"properties": {
						"initially-visible": true,
						"initial-animation": "Animation 1",
						"initial-frame": 5,
						"enable-collisions": true,
						"live-preview": false
					},
					"uid": 161,
					"instanceVariables": {
						"item": 5,
						"data": "5jiao",
						"startX": 0,
						"startY": 0
					},
					"behaviors": {
						"DragDrop": {
							"properties": {
								"axes": "both",
								"enabled": true
							}
						}
					},
					"world": {
						"x": 1539,
						"y": 891,
						"width": 238,
						"height": 232,
						"originX": 0.47478991596638653,
						"originY": 0.5387931034482759,
						"color": [
							1,
							1,
							1,
							1
						],
						"angle": 0,
						"zElevation": 0
					}
				},
				{
					"type": "SpriteLayout14_2",
					"properties": {
						"initially-visible": true,
						"initial-animation": "Animation 1",
						"initial-frame": 0,
						"enable-collisions": true,
						"live-preview": false
					},
					"uid": 156,
					"instanceVariables": {
						"item": 1
					},
					"behaviors": {},
					"world": {
						"x": 351,
						"y": 351,
						"width": 220,
						"height": 216,
						"originX": 0.5,
						"originY": 0.5,
						"color": [
							1,
							1,
							1,
							1
						],
						"angle": 0,
						"zElevation": 0
					}
				},
				{
					"type": "SpriteLayout14_2",
					"properties": {
						"initially-visible": true,
						"initial-animation": "Animation 1",
						"initial-frame": 0,
						"enable-collisions": true,
						"live-preview": false
					},
					"uid": 162,
					"instanceVariables": {
						"item": 2
					},
					"behaviors": {},
					"world": {
						"x": 626,
						"y": 344,
						"width": 220,
						"height": 216,
						"originX": 0.5,
						"originY": 0.5,
						"color": [
							1,
							1,
							1,
							1
						],
						"angle": 0,
						"zElevation": 0
					}
				},
				{
					"type": "SpriteLayout14_2",
					"properties": {
						"initially-visible": true,
						"initial-animation": "Animation 1",
						"initial-frame": 0,
						"enable-collisions": true,
						"live-preview": false
					},
					"uid": 164,
					"instanceVariables": {
						"item": 3
					},
					"behaviors": {},
					"world": {
						"x": 929,
						"y": 336,
						"width": 220,
						"height": 216,
						"originX": 0.5,
						"originY": 0.5,
						"color": [
							1,
							1,
							1,
							1
						],
						"angle": 0,
						"zElevation": 0
					}
				},
				{
					"type": "SpriteLayout14_2",
					"properties": {
						"initially-visible": true,
						"initial-animation": "Animation 1",
						"initial-frame": 0,
						"enable-collisions": true,
						"live-preview": false
					},
					"uid": 165,
					"instanceVariables": {
						"item": 4
					},
					"behaviors": {},
					"world": {
						"x": 1195,
						"y": 332,
						"width": 255,
						"height": 260,
						"originX": 0.5,
						"originY": 0.5,
						"color": [
							1,
							1,
							1,
							1
						],
						"angle": 0,
						"zElevation": 0
					}
				},
				{
					"type": "SpriteLayout14_2",
					"properties": {
						"initially-visible": true,
						"initial-animation": "Animation 1",
						"initial-frame": 0,
						"enable-collisions": true,
						"live-preview": false
					},
					"uid": 166,
					"instanceVariables": {
						"item": 5
					},
					"behaviors": {},
					"world": {
						"x": 1557,
						"y": 331,
						"width": 288,
						"height": 287,
						"originX": 0.5,
						"originY": 0.5,
						"color": [
							1,
							1,
							1,
							1
						],
						"angle": 0,
						"zElevation": 0
					}
				},
				{
					"type": "backButton",
					"properties": {
						"initially-visible": true,
						"initial-animation": "Default",
						"initial-frame": 0,
						"enable-collisions": true,
						"live-preview": false
					},
					"uid": 169,
					"instanceVariables": {
						"goTo": "Layout 13"
					},
					"behaviors": {},
					"world": {
						"x": 38,
						"y": 37,
						"width": 56.584925515866786,
						"height": 55.20296175429829,
						"originX": 0.5,
						"originY": 0.5,
						"color": [
							1,
							1,
							1,
							1
						],
						"angle": 0,
						"zElevation": 0
					}
				}
			],
			"sid": 579001276800042,
			"effectTypes": [],
			"isInitiallyVisible": true,
			"isInitiallyInteractive": true,
			"color": [
				1,
				1,
				1,
				1
			],
			"backgroundColor": [
				0.9411764705882353,
				0.9215686274509803,
				0.8784313725490196,
				1
			],
			"isTransparent": false,
			"parallaxX": 1,
			"parallaxY": 1,
			"scaleRate": 1,
			"forceOwnTexture": false,
			"renderingMode": "3d",
			"drawOrder": "z-order",
			"useRenderCells": false,
			"blendMode": "normal",
			"zElevation": 0,
			"global": false
		}
	],
	"sid": 387709686047184,
	"nonworld-instances": [],
	"effectTypes": [],
	"width": 3840,
	"height": 2160,
	"unboundedScrolling": false,
	"vpX": 0.5,
	"vpY": 0.5,
	"projection": "perspective",
	"eventSheet": "Layout 14"
}