{
	"name": "Layout 3",
	"layers": [
		{
			"name": "Layer 0",
			"overriden": 0,
			"subLayers": [],
			"instances": [
				{
					"type": "Sprite3",
					"properties": {
						"initially-visible": true,
						"initial-animation": "Default",
						"initial-frame": 7,
						"enable-collisions": true,
						"live-preview": false
					},
					"uid": 40,
					"instanceVariables": {
						"item": 1
					},
					"behaviors": {
						"Tween": {
							"properties": {
								"enabled": true
							}
						}
					},
					"world": {
						"x": 250,
						"y": 226,
						"width": 371,
						"height": 316,
						"originX": 0.501348,
						"originY": 0.5,
						"color": [
							1,
							1,
							1,
							1
						],
						"angle": 0,
						"zElevation": 0
					}
				},
				{
					"type": "Sprite3",
					"properties": {
						"initially-visible": true,
						"initial-animation": "Default",
						"initial-frame": 8,
						"enable-collisions": true,
						"live-preview": false
					},
					"uid": 41,
					"instanceVariables": {
						"item": 2
					},
					"behaviors": {
						"Tween": {
							"properties": {
								"enabled": true
							}
						}
					},
					"world": {
						"x": 268,
						"y": 854,
						"width": 438,
						"height": 352,
						"originX": 0.5,
						"originY": 0.5,
						"color": [
							1,
							1,
							1,
							1
						],
						"angle": 0,
						"zElevation": 0
					}
				},
				{
					"type": "Sprite3",
					"properties": {
						"initially-visible": true,
						"initial-animation": "Default",
						"initial-frame": 9,
						"enable-collisions": true,
						"live-preview": false
					},
					"uid": 42,
					"instanceVariables": {
						"item": 3
					},
					"behaviors": {
						"Tween": {
							"properties": {
								"enabled": true
							}
						}
					},
					"world": {
						"x": 1620,
						"y": 215,
						"width": 379,
						"height": 314,
						"originX": 0.501319,
						"originY": 0.5,
						"color": [
							1,
							1,
							1,
							1
						],
						"angle": 0,
						"zElevation": 0
					}
				},
				{
					"type": "Sprite3",
					"properties": {
						"initially-visible": true,
						"initial-animation": "Default",
						"initial-frame": 10,
						"enable-collisions": true,
						"live-preview": false
					},
					"uid": 43,
					"instanceVariables": {
						"item": 4
					},
					"behaviors": {
						"Tween": {
							"properties": {
								"enabled": true
							}
						}
					},
					"world": {
						"x": 1621,
						"y": 846,
						"width": 474,
						"height": 367,
						"originX": 0.5,
						"originY": 0.501362,
						"color": [
							1,
							1,
							1,
							1
						],
						"angle": 0,
						"zElevation": 0
					}
				},
				{
					"type": "nextButton",
					"properties": {
						"initially-visible": false,
						"initial-animation": "Default",
						"initial-frame": 0,
						"enable-collisions": true,
						"live-preview": false
					},
					"uid": 106,
					"instanceVariables": {
						"goTo": "Kandungan2"
					},
					"behaviors": {},
					"world": {
						"x": 1781,
						"y": 943,
						"width": 144.913772583,
						"height": 144.913772583,
						"originX": 0.5,
						"originY": 0.5,
						"color": [
							1,
							1,
							1,
							1
						],
						"angle": 0,
						"zElevation": 0
					}
				},
				{
					"type": "backButton",
					"properties": {
						"initially-visible": true,
						"initial-animation": "Default",
						"initial-frame": 0,
						"enable-collisions": true,
						"live-preview": false
					},
					"uid": 111,
					"instanceVariables": {
						"goTo": "Layout 1"
					},
					"behaviors": {},
					"world": {
						"x": 38.48025999597013,
						"y": 38.69053014565165,
						"width": 56.584925515866786,
						"height": 55.20296175429829,
						"originX": 0.5,
						"originY": 0.5,
						"color": [
							1,
							1,
							1,
							1
						],
						"angle": 0,
						"zElevation": 0
					}
				},
				{
					"type": "Sprite3",
					"properties": {
						"initially-visible": true,
						"initial-animation": "Default",
						"initial-frame": 11,
						"enable-collisions": true,
						"live-preview": false
					},
					"uid": 146,
					"instanceVariables": {
						"item": 1
					},
					"behaviors": {
						"Tween": {
							"properties": {
								"enabled": true
							}
						}
					},
					"world": {
						"x": 665,
						"y": 372,
						"width": 291,
						"height": 162,
						"originX": 0.5,
						"originY": 0.5,
						"color": [
							1,
							1,
							1,
							1
						],
						"angle": 0,
						"zElevation": 0
					}
				},
				{
					"type": "Sprite3",
					"properties": {
						"initially-visible": true,
						"initial-animation": "Default",
						"initial-frame": 11,
						"enable-collisions": true,
						"live-preview": false
					},
					"uid": 147,
					"instanceVariables": {
						"item": 2
					},
					"behaviors": {
						"Tween": {
							"properties": {
								"enabled": true
							}
						}
					},
					"world": {
						"x": 662,
						"y": 641,
						"width": 291,
						"height": 162,
						"originX": 0.5,
						"originY": 0.5,
						"color": [
							1,
							1,
							1,
							1
						],
						"angle": 5.366554068217152,
						"zElevation": 0
					}
				},
				{
					"type": "Sprite3",
					"properties": {
						"initially-visible": true,
						"initial-animation": "Default",
						"initial-frame": 11,
						"enable-collisions": true,
						"live-preview": false
					},
					"uid": 148,
					"instanceVariables": {
						"item": 4
					},
					"behaviors": {
						"Tween": {
							"properties": {
								"enabled": true
							}
						}
					},
					"world": {
						"x": 1222,
						"y": 629,
						"width": 291,
						"height": 162,
						"originX": 0.5,
						"originY": 0.5,
						"color": [
							1,
							1,
							1,
							1
						],
						"angle": 3.1947236748121712,
						"zElevation": 0
					}
				},
				{
					"type": "Sprite3",
					"properties": {
						"initially-visible": true,
						"initial-animation": "Default",
						"initial-frame": 11,
						"enable-collisions": true,
						"live-preview": false
					},
					"uid": 149,
					"instanceVariables": {
						"item": 3
					},
					"behaviors": {
						"Tween": {
							"properties": {
								"enabled": true
							}
						}
					},
					"world": {
						"x": 1240,
						"y": 390,
						"width": 291,
						"height": 162,
						"originX": 0.5,
						"originY": 0.5,
						"color": [
							1,
							1,
							1,
							1
						],
						"angle": 2.2689280275926285,
						"zElevation": 0
					}
				},
				{
					"type": "Sprite3",
					"properties": {
						"initially-visible": true,
						"initial-animation": "Default",
						"initial-frame": 12,
						"enable-collisions": true,
						"live-preview": false
					},
					"uid": 17,
					"instanceVariables": {
						"item": 0
					},
					"behaviors": {
						"Tween": {
							"properties": {
								"enabled": true
							}
						}
					},
					"world": {
						"x": 955,
						"y": 525,
						"width": 379,
						"height": 375,
						"originX": 0.5,
						"originY": 0.5,
						"color": [
							1,
							1,
							1,
							1
						],
						"angle": 0,
						"zElevation": 0
					}
				}
			],
			"sid": 777606280829746,
			"effectTypes": [],
			"isInitiallyVisible": true,
			"isInitiallyInteractive": true,
			"color": [
				1,
				1,
				1,
				1
			],
			"backgroundColor": [
				0.9411764705882353,
				0.9215686274509803,
				0.8784313725490196,
				1
			],
			"isTransparent": false,
			"parallaxX": 1,
			"parallaxY": 1,
			"scaleRate": 1,
			"forceOwnTexture": false,
			"renderingMode": "3d",
			"drawOrder": "z-order",
			"useRenderCells": false,
			"blendMode": "normal",
			"zElevation": 0,
			"global": false
		}
	],
	"sid": 617985398762866,
	"nonworld-instances": [],
	"effectTypes": [],
	"width": 1920,
	"height": 1080,
	"unboundedScrolling": false,
	"vpX": 0.5,
	"vpY": 0.5,
	"projection": "perspective",
	"eventSheet": "layout3"
}