{
	"name": "notakecil",
	"plugin-id": "Sprite",
	"sid": 936427067962515,
	"isGlobal": false,
	"instanceVariables": [],
	"behaviorTypes": [],
	"effectTypes": [],
	"animations": {
		"items": [
			{
				"frames": [
					{
						"width": 969,
						"height": 437,
						"originX": 0.5118679050567595,
						"originY": 0.4874141876430206,
						"originalSource": "",
						"exportFormat": "lossless",
						"exportQuality": 0.8,
						"imageSpriteId": 2773192,
						"collisionPoly": {
							"points": [
								0.0010319917440660474,
								0,
								0.5118679050567595,
								0,
								0.9979360165118679,
								0,
								0.9979360165118679,
								0.4874141876430206,
								0.9979360165118679,
								0.9977116704805492,
								0.5118679050567595,
								0.9977116704805492,
								0.0010319917440660474,
								0.9977116704805492,
								0.0010319917440660474,
								0.4874141876430206
							]
						},
						"useCollisionPoly": true,
						"duration": 1
					}
				],
				"sid": 209250282672064,
				"name": "Animation 1",
				"isLooping": false,
				"isPingPong": false,
				"repeatCount": 1,
				"repeatTo": 0,
				"speed": 0
			}
		],
		"subfolders": []
	}
}