{
	"name": "Cerita",
	"plugin-id": "Sprite",
	"sid": 820355793848407,
	"isGlobal": false,
	"instanceVariables": [],
	"behaviorTypes": [],
	"effectTypes": [],
	"animations": {
		"items": [
			{
				"frames": [
					{
						"width": 1019,
						"height": 629,
						"originX": 0.35305201177625123,
						"originY": 0.3049284578696343,
						"originalSource": "",
						"exportFormat": "lossless",
						"exportQuality": 0.8,
						"imageSpriteId": 5998163,
						"collisionPoly": {
							"points": [
								0,
								0,
								0.30029440628066734,
								0,
								1,
								0,
								1,
								0.3354531001589825,
								1,
								1,
								0.30029440628066734,
								1,
								0,
								1,
								0,
								0.3354531001589825
							]
						},
						"useCollisionPoly": true,
						"duration": 1
					}
				],
				"sid": 772031330257010,
				"name": "Animation 1",
				"isLooping": false,
				"isPingPong": false,
				"repeatCount": 1,
				"repeatTo": 0,
				"speed": 0
			}
		],
		"subfolders": []
	}
}