{
	"name": "Sprite",
	"plugin-id": "Sprite",
	"sid": 801779774176269,
	"isGlobal": false,
	"instanceVariables": [
		{
			"name": "item",
			"type": "number",
			"desc": "",
			"show": true,
			"sid": 383476986868532
		}
	],
	"behaviorTypes": [
		{
			"behaviorId": "Tween",
			"name": "Tween",
			"sid": 730407473792013
		}
	],
	"effectTypes": [],
	"animations": {
		"items": [
			{
				"frames": [
					{
						"width": 765,
						"height": 98,
						"originX": 0.500654,
						"originY": 0.5,
						"originalSource": "",
						"exportFormat": "lossless",
						"exportQuality": 0.8,
						"imageSpriteId": 139073,
						"useCollisionPoly": true,
						"duration": 1
					},
					{
						"width": 67,
						"height": 108,
						"originX": 0.507463,
						"originY": 0.5,
						"originalSource": "",
						"exportFormat": "lossless",
						"exportQuality": 0.8,
						"imageSpriteId": 3749125,
						"useCollisionPoly": true,
						"duration": 1
					}
				],
				"sid": 852404476741012,
				"name": "Default",
				"isLooping": false,
				"isPingPong": false,
				"repeatCount": 1,
				"repeatTo": 0,
				"speed": 0
			}
		],
		"subfolders": []
	}
}