{
	"name": "SpriteBaru",
	"plugin-id": "Sprite",
	"sid": 477338807477492,
	"isGlobal": false,
	"instanceVariables": [],
	"behaviorTypes": [],
	"effectTypes": [],
	"animations": {
		"items": [
			{
				"frames": [
					{
						"width": 1920,
						"height": 1080,
						"originX": 0.5,
						"originY": 0.5,
						"originalSource": "",
						"exportFormat": "lossless",
						"exportQuality": 0.8,
						"imageSpriteId": 9349627,
						"collisionPoly": {
							"points": [
								0.1671875,
								0.2972222222222222,
								0.5,
								0.12037037037037036,
								0.76875,
								0.4101851851851852,
								0.9901041666666667,
								0.5,
								0.9145833333333333,
								0.8481481481481481,
								0.5,
								0.9537037037037037,
								0.09375,
								0.8324074074074074,
								0,
								0.5
							]
						},
						"useCollisionPoly": true,
						"duration": 1
					},
					{
						"width": 1920,
						"height": 1080,
						"originX": 0.5,
						"originY": 0.5,
						"originalSource": "",
						"exportFormat": "lossless",
						"exportQuality": 0.8,
						"imageSpriteId": 2524369,
						"collisionPoly": {
							"points": [
								0.042708333333333334,
								0.07592592592592592,
								0.5,
								0.09814814814814815,
								0.9432291666666667,
								0.1,
								0.6994791666666667,
								0.5,
								0.9432291666666667,
								0.899074074074074,
								0.5,
								0.899074074074074,
								0.03958333333333333,
								0.9287037037037037,
								0.28177083333333336,
								0.5
							]
						},
						"useCollisionPoly": true,
						"duration": 1
					},
					{
						"width": 1920,
						"height": 1080,
						"originX": 0.5,
						"originY": 0.5,
						"originalSource": "",
						"exportFormat": "lossless",
						"exportQuality": 0.8,
						"imageSpriteId": 1813720,
						"collisionPoly": {
							"points": [
								0.2796875,
								0.49722222222222223,
								0.5,
								0.06296296296296296,
								0.7291666666666666,
								0.48055555555555557,
								0.8916666666666667,
								0.5,
								0.8859375,
								0.7972222222222223,
								0.5,
								0.9416666666666667,
								0.12916666666666668,
								0.7694444444444445,
								0.1234375,
								0.5
							]
						},
						"useCollisionPoly": true,
						"duration": 1
					},
					{
						"width": 1920,
						"height": 1080,
						"originX": 0.5,
						"originY": 0.5,
						"originalSource": "",
						"exportFormat": "lossless",
						"exportQuality": 0.8,
						"imageSpriteId": 9869576,
						"collisionPoly": {
							"points": [
								0.05625,
								0.1,
								0.5,
								0.09814814814814815,
								0.9432291666666667,
								0.1,
								0.9432291666666667,
								0.899074074074074,
								0.5,
								0.899074074074074,
								0.05625,
								0.899074074074074
							]
						},
						"useCollisionPoly": true,
						"duration": 1
					},
					{
						"width": 1920,
						"height": 1080,
						"originX": 0.5,
						"originY": 0.5,
						"originalSource": "",
						"exportFormat": "lossless",
						"exportQuality": 0.8,
						"imageSpriteId": 7701229,
						"collisionPoly": {
							"points": [
								0.1671875,
								0.2972222222222222,
								0.5,
								0.10740740740740741,
								0.76875,
								0.4101851851851852,
								0.9901041666666667,
								0.5,
								0.9739583333333334,
								0.9537037037037037,
								0.5,
								0.9537037037037037,
								0.09375,
								0.8324074074074074,
								0,
								0.5
							]
						},
						"useCollisionPoly": true,
						"duration": 1
					},
					{
						"width": 1920,
						"height": 1080,
						"originX": 0.5,
						"originY": 0.5,
						"originalSource": "",
						"exportFormat": "lossless",
						"exportQuality": 0.8,
						"imageSpriteId": 8833969,
						"collisionPoly": {
							"points": [
								0.017708333333333333,
								0.03148148148148148,
								0.5,
								0.12407407407407407,
								0.8578125,
								0.2518518518518518,
								0.9583333333333334,
								0.5,
								0.8244791666666667,
								0.687962962962963,
								0.5,
								0.27685185185185185,
								0.0953125,
								0.8296296296296296,
								0.030729166666666665,
								0.5
							]
						},
						"useCollisionPoly": true,
						"duration": 1
					},
					{
						"width": 1920,
						"height": 1080,
						"originX": 0.5,
						"originY": 0.5,
						"originalSource": "",
						"exportFormat": "lossless",
						"exportQuality": 0.8,
						"imageSpriteId": 8857732,
						"collisionPoly": {
							"points": [
								0.1671875,
								0.2972222222222222,
								0.5,
								0.12037037037037036,
								0.76875,
								0.4101851851851852,
								0.9901041666666667,
								0.5,
								0.9145833333333333,
								0.8481481481481481,
								0.5,
								0.9537037037037037,
								0.0296875,
								0.9462962962962963,
								0,
								0.5
							]
						},
						"useCollisionPoly": true,
						"duration": 1
					},
					{
						"width": 1920,
						"height": 1080,
						"originX": 0.5,
						"originY": 0.5,
						"originalSource": "",
						"exportFormat": "lossless",
						"exportQuality": 0.8,
						"imageSpriteId": 9081751,
						"collisionPoly": {
							"points": [
								0.103125,
								0.18333333333333332,
								0.5,
								0.06759259259259259,
								0.9098958333333333,
								0.15925925925925927,
								0.9557291666666666,
								0.5,
								0.8432291666666667,
								0.7212962962962963,
								0.5,
								0.9861111111111112,
								0.11197916666666667,
								0.8,
								0.05520833333333333,
								0.5
							]
						},
						"useCollisionPoly": true,
						"duration": 1
					},
					{
						"width": 1920,
						"height": 1080,
						"originX": 0.5,
						"originY": 0.5,
						"originalSource": "",
						"exportFormat": "lossless",
						"exportQuality": 0.8,
						"imageSpriteId": 491416,
						"collisionPoly": {
							"points": [
								0.2947916666666667,
								0.524074074074074,
								0.5,
								0.3472222222222222,
								0.68125,
								0.5657407407407408,
								0.6666666666666666,
								0.5,
								0.6697916666666667,
								0.412962962962963,
								0.5,
								0.8490740740740741,
								0.29010416666666666,
								0.48333333333333334,
								0.2911458333333333,
								0.5
							]
						},
						"useCollisionPoly": true,
						"duration": 1
					},
					{
						"width": 1920,
						"height": 1080,
						"originX": 0.5,
						"originY": 0.5,
						"originalSource": "",
						"exportFormat": "lossless",
						"exportQuality": 0.8,
						"imageSpriteId": 7928990,
						"collisionPoly": {
							"points": [
								0.1671875,
								0.2972222222222222,
								0.5,
								0.12037037037037036,
								0.76875,
								0.4101851851851852,
								0.9901041666666667,
								0.5,
								0.9145833333333333,
								0.8481481481481481,
								0.5,
								0.9685185185185186,
								0.09375,
								0.8324074074074074,
								0,
								0.5
							]
						},
						"useCollisionPoly": true,
						"duration": 1
					}
				],
				"sid": 352391974181452,
				"name": "Animation 1",
				"isLooping": false,
				"isPingPong": false,
				"repeatCount": 1,
				"repeatTo": 0,
				"speed": 0
			}
		],
		"subfolders": []
	}
}