{
	"name": "BtnLetsGo",
	"plugin-id": "Sprite",
	"sid": 943950207628406,
	"isGlobal": false,
	"instanceVariables": [],
	"behaviorTypes": [],
	"effectTypes": [],
	"animations": {
		"items": [
			{
				"frames": [
					{
						"width": 280,
						"height": 280,
						"originX": 0.5071428571428571,
						"originY": 0.4928571428571429,
						"originalSource": "",
						"exportFormat": "lossless",
						"exportQuality": 0.8,
						"imageSpriteId": 4294876,
						"useCollisionPoly": true,
						"duration": 1
					}
				],
				"sid": 424454807328802,
				"name": "Animation 1",
				"isLooping": false,
				"isPingPong": false,
				"repeatCount": 1,
				"repeatTo": 0,
				"speed": 0
			}
		],
		"subfolders": []
	}
}