{
	"name": "Sprite3",
	"plugin-id": "Sprite",
	"sid": 344909381258534,
	"isGlobal": false,
	"instanceVariables": [
		{
			"name": "item",
			"type": "number",
			"desc": "",
			"show": true,
			"sid": 318809449485591
		}
	],
	"behaviorTypes": [
		{
			"behaviorId": "Tween",
			"name": "Tween",
			"sid": 704805592471458
		}
	],
	"effectTypes": [],
	"animations": {
		"items": [
			{
				"frames": [
					{
						"width": 816,
						"height": 420,
						"originX": 0.5,
						"originY": 0.5,
						"originalSource": "",
						"exportFormat": "lossless",
						"exportQuality": 0.8,
						"imageSpriteId": 8126305,
						"useCollisionPoly": true,
						"duration": 1
					},
					{
						"width": 434,
						"height": 49,
						"originX": 0.5,
						"originY": 0.5,
						"originalSource": "",
						"exportFormat": "lossless",
						"exportQuality": 0.8,
						"imageSpriteId": 6414151,
						"useCollisionPoly": true,
						"duration": 1
					},
					{
						"width": 1344,
						"height": 120,
						"originX": 0.5,
						"originY": 0.5,
						"originalSource": "",
						"exportFormat": "lossless",
						"exportQuality": 0.8,
						"imageSpriteId": 7521221,
						"useCollisionPoly": true,
						"duration": 1
					},
					{
						"width": 1379,
						"height": 120,
						"originX": 0.500363,
						"originY": 0.5,
						"originalSource": "",
						"exportFormat": "lossless",
						"exportQuality": 0.8,
						"imageSpriteId": 4324010,
						"useCollisionPoly": true,
						"duration": 1
					},
					{
						"width": 1567,
						"height": 251,
						"originX": 0.500319,
						"originY": 0.501992,
						"originalSource": "",
						"exportFormat": "lossless",
						"exportQuality": 0.8,
						"imageSpriteId": 5335539,
						"useCollisionPoly": true,
						"duration": 1
					},
					{
						"width": 1171,
						"height": 186,
						"originX": 0.500427,
						"originY": 0.5,
						"originalSource": "",
						"exportFormat": "lossless",
						"exportQuality": 0.8,
						"imageSpriteId": 5752147,
						"useCollisionPoly": true,
						"duration": 1
					},
					{
						"width": 431,
						"height": 103,
						"originX": 0.50116,
						"originY": 0.504854,
						"originalSource": "",
						"exportFormat": "lossless",
						"exportQuality": 0.8,
						"imageSpriteId": 125993,
						"useCollisionPoly": true,
						"duration": 1
					},
					{
						"width": 371,
						"height": 316,
						"originX": 0.501348,
						"originY": 0.5,
						"originalSource": "",
						"exportFormat": "lossless",
						"exportQuality": 0.8,
						"imageSpriteId": 3298898,
						"useCollisionPoly": true,
						"duration": 1
					},
					{
						"width": 438,
						"height": 352,
						"originX": 0.5,
						"originY": 0.5,
						"originalSource": "",
						"exportFormat": "lossless",
						"exportQuality": 0.8,
						"imageSpriteId": 9135638,
						"useCollisionPoly": true,
						"duration": 1
					},
					{
						"width": 379,
						"height": 314,
						"originX": 0.501319,
						"originY": 0.5,
						"originalSource": "",
						"exportFormat": "lossless",
						"exportQuality": 0.8,
						"imageSpriteId": 5324286,
						"useCollisionPoly": true,
						"duration": 1
					},
					{
						"width": 474,
						"height": 367,
						"originX": 0.5,
						"originY": 0.501362,
						"originalSource": "",
						"exportFormat": "lossless",
						"exportQuality": 0.8,
						"imageSpriteId": 2517582,
						"useCollisionPoly": true,
						"duration": 1
					},
					{
						"width": 291,
						"height": 162,
						"originX": 0.5,
						"originY": 0.5,
						"originalSource": "",
						"exportFormat": "lossless",
						"exportQuality": 0.8,
						"imageSpriteId": 4182449,
						"useCollisionPoly": true,
						"duration": 1
					},
					{
						"width": 379,
						"height": 375,
						"originX": 0.5,
						"originY": 0.5,
						"originalSource": "",
						"exportFormat": "lossless",
						"exportQuality": 0.8,
						"imageSpriteId": 1798700,
						"collisionPoly": {
							"points": [
								0,
								0.0026666666666666666,
								1,
								0.0026666666666666666,
								1,
								1,
								0,
								1
							]
						},
						"useCollisionPoly": true,
						"duration": 1
					}
				],
				"sid": 374189733431158,
				"name": "Default",
				"isLooping": false,
				"isPingPong": false,
				"repeatCount": 1,
				"repeatTo": 0,
				"speed": 0
			}
		],
		"subfolders": []
	}
}