{
	"name": "Sprite7",
	"plugin-id": "Sprite",
	"sid": 260702528885678,
	"isGlobal": false,
	"instanceVariables": [],
	"behaviorTypes": [],
	"effectTypes": [],
	"animations": {
		"items": [
			{
				"frames": [
					{
						"width": 1920,
						"height": 1080,
						"originX": 0.5,
						"originY": 0.500926,
						"originalSource": "",
						"exportFormat": "lossless",
						"exportQuality": 0.8,
						"imageSpriteId": 6191052,
						"useCollisionPoly": true,
						"duration": 1
					},
					{
						"width": 1920,
						"height": 1080,
						"originX": 0.535417,
						"originY": 0.500926,
						"originalSource": "",
						"exportFormat": "lossless",
						"exportQuality": 0.8,
						"imageSpriteId": 908867,
						"useCollisionPoly": true,
						"duration": 1
					},
					{
						"width": 1777,
						"height": 990,
						"originX": 0.5104109848058525,
						"originY": 0.5021325252525252,
						"originalSource": "",
						"exportFormat": "lossless",
						"exportQuality": 0.8,
						"imageSpriteId": 3517679,
						"collisionPoly": {
							"points": [
								0,
								0,
								0.509848058525605,
								0,
								0.9994372537985369,
								0,
								0.9994372537985369,
								0.5010101010101009,
								0.9994372537985369,
								0.998989898989899,
								0.509848058525605,
								0.998989898989899,
								0,
								0.998989898989899,
								0,
								0.5010101010101009
							]
						},
						"useCollisionPoly": true,
						"duration": 1
					},
					{
						"width": 301,
						"height": 145,
						"originX": 0.5,
						"originY": 0.5,
						"originalSource": "",
						"exportFormat": "lossless",
						"exportQuality": 0.8,
						"imageSpriteId": 2484417,
						"useCollisionPoly": true,
						"duration": 1
					},
					{
						"width": 910,
						"height": 518,
						"originX": 0.543956,
						"originY": 0.509652,
						"originalSource": "",
						"exportFormat": "lossless",
						"exportQuality": 0.8,
						"imageSpriteId": 7342461,
						"useCollisionPoly": true,
						"duration": 1
					},
					{
						"width": 1003,
						"height": 518,
						"originX": 0.500499,
						"originY": 0.5,
						"originalSource": "",
						"exportFormat": "lossless",
						"exportQuality": 0.8,
						"imageSpriteId": 2968111,
						"useCollisionPoly": true,
						"duration": 1
					},
					{
						"width": 995,
						"height": 550,
						"originX": 0.504523,
						"originY": 0.5,
						"originalSource": "",
						"exportFormat": "lossless",
						"exportQuality": 0.8,
						"imageSpriteId": 8972689,
						"useCollisionPoly": true,
						"duration": 1
					},
					{
						"width": 995,
						"height": 550,
						"originX": 0.500503,
						"originY": 0.5,
						"originalSource": "",
						"exportFormat": "lossless",
						"exportQuality": 0.8,
						"imageSpriteId": 8287766,
						"useCollisionPoly": true,
						"duration": 1
					},
					{
						"width": 972,
						"height": 551,
						"originX": 0.512346,
						"originY": 0.500907,
						"originalSource": "",
						"exportFormat": "lossless",
						"exportQuality": 0.8,
						"imageSpriteId": 3360107,
						"useCollisionPoly": true,
						"duration": 1
					},
					{
						"width": 774,
						"height": 510,
						"originX": 0.629199,
						"originY": 0.543137,
						"originalSource": "",
						"exportFormat": "lossless",
						"exportQuality": 0.8,
						"imageSpriteId": 2198141,
						"useCollisionPoly": true,
						"duration": 1
					},
					{
						"width": 978,
						"height": 354,
						"originX": 0.5,
						"originY": 0.723164,
						"originalSource": "",
						"exportFormat": "lossless",
						"exportQuality": 0.8,
						"imageSpriteId": 397087,
						"useCollisionPoly": true,
						"duration": 1
					},
					{
						"width": 925,
						"height": 459,
						"originX": 0.52973,
						"originY": 0.501089,
						"originalSource": "",
						"exportFormat": "lossless",
						"exportQuality": 0.8,
						"imageSpriteId": 9877023,
						"useCollisionPoly": true,
						"duration": 1
					},
					{
						"width": 996,
						"height": 562,
						"originX": 0.5,
						"originY": 0.5,
						"originalSource": "",
						"exportFormat": "lossless",
						"exportQuality": 0.8,
						"imageSpriteId": 1302860,
						"useCollisionPoly": true,
						"duration": 1
					},
					{
						"width": 927,
						"height": 536,
						"originX": 0.538296,
						"originY": 0.526119,
						"originalSource": "",
						"exportFormat": "lossless",
						"exportQuality": 0.8,
						"imageSpriteId": 9420398,
						"useCollisionPoly": true,
						"duration": 1
					},
					{
						"width": 784,
						"height": 526,
						"originX": 0.591837,
						"originY": 0.511407,
						"originalSource": "",
						"exportFormat": "lossless",
						"exportQuality": 0.8,
						"imageSpriteId": 8510940,
						"useCollisionPoly": true,
						"duration": 1
					},
					{
						"width": 892,
						"height": 508,
						"originX": 0.5,
						"originY": 0.519685,
						"originalSource": "",
						"exportFormat": "lossless",
						"exportQuality": 0.8,
						"imageSpriteId": 6585266,
						"useCollisionPoly": true,
						"duration": 1
					},
					{
						"width": 778,
						"height": 519,
						"originX": 0.57455,
						"originY": 0.500963,
						"originalSource": "",
						"exportFormat": "lossless",
						"exportQuality": 0.8,
						"imageSpriteId": 5403225,
						"useCollisionPoly": true,
						"duration": 1
					},
					{
						"width": 778,
						"height": 519,
						"originX": 0.5,
						"originY": 0.5,
						"originalSource": "",
						"exportFormat": "lossless",
						"exportQuality": 0.8,
						"imageSpriteId": 7086959,
						"useCollisionPoly": true,
						"duration": 1
					}
				],
				"sid": 847009260146513,
				"name": "Default",
				"isLooping": false,
				"isPingPong": false,
				"repeatCount": 1,
				"repeatTo": 0,
				"speed": 0
			}
		],
		"subfolders": []
	}
}