{
	"name": "GmbrDrag2",
	"plugin-id": "Sprite",
	"sid": 401318596011269,
	"isGlobal": false,
	"instanceVariables": [
		{
			"name": "startX",
			"type": "number",
			"desc": "",
			"show": true,
			"sid": 167701777406208
		},
		{
			"name": "startY",
			"type": "number",
			"desc": "",
			"show": true,
			"sid": 849314304070219
		},
		{
			"name": "item",
			"type": "number",
			"desc": "",
			"show": true,
			"sid": 514425814205739
		}
	],
	"behaviorTypes": [
		{
			"behaviorId": "DragnDrop",
			"name": "DragDrop",
			"sid": 790282273080638
		}
	],
	"effectTypes": [],
	"animations": {
		"items": [
			{
				"frames": [
					{
						"width": 110,
						"height": 88,
						"originX": 0.5,
						"originY": 0.5,
						"originalSource": "",
						"exportFormat": "lossless",
						"exportQuality": 0.8,
						"imageSpriteId": 1905040,
						"useCollisionPoly": true,
						"duration": 1
					},
					{
						"width": 157,
						"height": 96,
						"originX": 0.5,
						"originY": 0.5,
						"originalSource": "",
						"exportFormat": "lossless",
						"exportQuality": 0.8,
						"imageSpriteId": 75834,
						"useCollisionPoly": true,
						"duration": 1
					},
					{
						"width": 105,
						"height": 92,
						"originX": 0.5,
						"originY": 0.5,
						"originalSource": "",
						"exportFormat": "lossless",
						"exportQuality": 0.8,
						"imageSpriteId": 549345,
						"useCollisionPoly": true,
						"duration": 1
					},
					{
						"width": 160,
						"height": 98,
						"originX": 0.5,
						"originY": 0.5,
						"originalSource": "",
						"exportFormat": "lossless",
						"exportQuality": 0.8,
						"imageSpriteId": 8851183,
						"useCollisionPoly": true,
						"duration": 1
					},
					{
						"width": 140,
						"height": 94,
						"originX": 0.5,
						"originY": 0.5,
						"originalSource": "",
						"exportFormat": "lossless",
						"exportQuality": 0.8,
						"imageSpriteId": 4780176,
						"useCollisionPoly": true,
						"duration": 1
					},
					{
						"width": 193,
						"height": 219,
						"originX": 0.5,
						"originY": 0.5,
						"originalSource": "",
						"exportFormat": "lossless",
						"exportQuality": 0.8,
						"imageSpriteId": 2853949,
						"useCollisionPoly": true,
						"duration": 1
					},
					{
						"width": 200,
						"height": 234,
						"originX": 0.5,
						"originY": 0.5,
						"originalSource": "",
						"exportFormat": "lossless",
						"exportQuality": 0.8,
						"imageSpriteId": 904489,
						"useCollisionPoly": true,
						"duration": 1
					},
					{
						"width": 146,
						"height": 281,
						"originX": 0.5,
						"originY": 0.5,
						"originalSource": "",
						"exportFormat": "lossless",
						"exportQuality": 0.8,
						"imageSpriteId": 8530314,
						"useCollisionPoly": true,
						"duration": 1
					},
					{
						"width": 150,
						"height": 135,
						"originX": 0.5,
						"originY": 0.5,
						"originalSource": "",
						"exportFormat": "lossless",
						"exportQuality": 0.8,
						"imageSpriteId": 9163376,
						"collisionPoly": {
							"points": [
								0.07333333333333333,
								0.07037037037037037,
								0.9266666666666666,
								0.07037037037037037,
								0.9266666666666666,
								0.9296296296296296,
								0.07333333333333333,
								0.9296296296296296
							]
						},
						"useCollisionPoly": true,
						"duration": 1
					},
					{
						"width": 130,
						"height": 108,
						"originX": 0.5,
						"originY": 0.5,
						"originalSource": "",
						"exportFormat": "lossless",
						"exportQuality": 0.8,
						"imageSpriteId": 1887103,
						"collisionPoly": {
							"points": [
								0.12307692307692308,
								0.12037037037037036,
								0.8769230769230769,
								0.12037037037037036,
								0.8769230769230769,
								0.8796296296296298,
								0.12307692307692308,
								0.8796296296296298
							]
						},
						"useCollisionPoly": true,
						"duration": 1
					}
				],
				"sid": 932074874873587,
				"name": "Animation 1",
				"isLooping": false,
				"isPingPong": false,
				"repeatCount": 1,
				"repeatTo": 0,
				"speed": 0
			}
		],
		"subfolders": []
	}
}