{
	"name": "pembukaanCerita",
	"plugin-id": "Sprite",
	"sid": 345598311893690,
	"isGlobal": false,
	"instanceVariables": [
		{
			"name": "posX",
			"type": "number",
			"desc": "",
			"show": true,
			"sid": 910204367790989
		},
		{
			"name": "posY",
			"type": "number",
			"desc": "",
			"show": true,
			"sid": 106737550612420
		},
		{
			"name": "sizeX",
			"type": "number",
			"desc": "",
			"show": true,
			"sid": 584812577492861
		},
		{
			"name": "sizeY",
			"type": "number",
			"desc": "",
			"show": true,
			"sid": 161464793537651
		},
		{
			"name": "besarkan",
			"type": "boolean",
			"desc": "",
			"show": true,
			"sid": 137523968353467
		},
		{
			"name": "datangkan",
			"type": "boolean",
			"desc": "",
			"show": true,
			"sid": 968198459236648
		}
	],
	"behaviorTypes": [
		{
			"behaviorId": "Tween",
			"name": "Tween",
			"sid": 358065375592691
		},
		{
			"behaviorId": "MoveTo",
			"name": "MoveTo",
			"sid": 182233011637258
		}
	],
	"effectTypes": [],
	"animations": {
		"items": [
			{
				"frames": [
					{
						"width": 322,
						"height": 938,
						"originX": 0.5,
						"originY": 0.5,
						"originalSource": "",
						"exportFormat": "lossless",
						"exportQuality": 0.8,
						"imageSpriteId": 5245372,
						"collisionPoly": {
							"points": [
								0,
								0,
								1,
								0,
								1,
								0.9989339019189766,
								0,
								0.9989339019189766
							]
						},
						"useCollisionPoly": true,
						"duration": 1
					},
					{
						"width": 414,
						"height": 656,
						"originX": 0.5,
						"originY": 0.5,
						"originalSource": "",
						"exportFormat": "lossless",
						"exportQuality": 0.8,
						"imageSpriteId": 8309380,
						"collisionPoly": {
							"points": [
								0,
								0,
								0.9975845410628019,
								0,
								0.9975845410628019,
								1,
								0,
								1
							]
						},
						"useCollisionPoly": true,
						"duration": 1
					},
					{
						"width": 1022,
						"height": 485,
						"originX": 0.5,
						"originY": 0.5,
						"originalSource": "",
						"exportFormat": "lossless",
						"exportQuality": 0.8,
						"imageSpriteId": 748970,
						"useCollisionPoly": true,
						"duration": 1
					},
					{
						"width": 191,
						"height": 108,
						"originX": 0.5,
						"originY": 0.5,
						"originalSource": "",
						"exportFormat": "lossless",
						"exportQuality": 0.8,
						"imageSpriteId": 1207189,
						"collisionPoly": {
							"points": [
								0,
								0,
								1,
								0,
								1,
								0.9907407407407407,
								0,
								0.9907407407407407
							]
						},
						"useCollisionPoly": true,
						"duration": 1
					},
					{
						"width": 173,
						"height": 106,
						"originX": 0.5,
						"originY": 0.5,
						"originalSource": "",
						"exportFormat": "lossless",
						"exportQuality": 0.8,
						"imageSpriteId": 1836323,
						"collisionPoly": {
							"points": [
								0,
								0,
								1,
								0,
								1,
								0.9905660377358491,
								0,
								0.9905660377358491
							]
						},
						"useCollisionPoly": true,
						"duration": 1
					},
					{
						"width": 135,
						"height": 208,
						"originX": 0.5,
						"originY": 0.5,
						"originalSource": "",
						"exportFormat": "lossless",
						"exportQuality": 0.8,
						"imageSpriteId": 6586012,
						"useCollisionPoly": true,
						"duration": 1
					},
					{
						"width": 219,
						"height": 158,
						"originX": 0.5,
						"originY": 0.5,
						"originalSource": "",
						"exportFormat": "lossless",
						"exportQuality": 0.8,
						"imageSpriteId": 9174521,
						"collisionPoly": {
							"points": [
								0,
								0,
								1,
								0,
								1,
								0.9936708860759493,
								0,
								0.9936708860759493
							]
						},
						"useCollisionPoly": true,
						"duration": 1
					},
					{
						"width": 203,
						"height": 178,
						"originX": 0.5,
						"originY": 0.5,
						"originalSource": "",
						"exportFormat": "lossless",
						"exportQuality": 0.8,
						"imageSpriteId": 4933150,
						"useCollisionPoly": true,
						"duration": 1
					},
					{
						"width": 191,
						"height": 107,
						"originX": 0.5,
						"originY": 0.5,
						"originalSource": "",
						"exportFormat": "lossless",
						"exportQuality": 0.8,
						"imageSpriteId": 1592410,
						"useCollisionPoly": true,
						"duration": 1
					},
					{
						"width": 544,
						"height": 521,
						"originX": 0.5,
						"originY": 0.5,
						"originalSource": "",
						"exportFormat": "lossless",
						"exportQuality": 0.8,
						"imageSpriteId": 937000,
						"collisionPoly": {
							"points": [
								0,
								0.0019193857965451055,
								1,
								0.0019193857965451055,
								1,
								1,
								0,
								1
							]
						},
						"useCollisionPoly": true,
						"duration": 1
					}
				],
				"sid": 276720814983416,
				"name": "Animation 1",
				"isLooping": false,
				"isPingPong": false,
				"repeatCount": 1,
				"repeatTo": 0,
				"speed": 0
			}
		],
		"subfolders": []
	}
}