{
	"name": "SpriteLayout14",
	"plugin-id": "Sprite",
	"sid": 182686203056507,
	"isGlobal": false,
	"instanceVariables": [
		{
			"name": "item",
			"type": "number",
			"desc": "",
			"show": true,
			"sid": 444621491287357
		},
		{
			"name": "data",
			"type": "string",
			"desc": "",
			"show": true,
			"sid": 936288681860440
		},
		{
			"name": "startX",
			"type": "number",
			"desc": "",
			"show": true,
			"sid": 708143888916841
		},
		{
			"name": "startY",
			"type": "number",
			"desc": "",
			"show": true,
			"sid": 695836506848250
		}
	],
	"behaviorTypes": [
		{
			"behaviorId": "DragnDrop",
			"name": "DragDrop",
			"sid": 567801802628346
		}
	],
	"effectTypes": [],
	"animations": {
		"items": [
			{
				"frames": [
					{
						"width": 1494,
						"height": 355,
						"originX": 0.5,
						"originY": 0.5,
						"originalSource": "",
						"exportFormat": "lossless",
						"exportQuality": 0.8,
						"imageSpriteId": 1023005,
						"collisionPoly": {
							"points": [
								0,
								0,
								0.5602409638554217,
								0,
								1,
								0,
								1,
								1,
								1,
								1,
								0.5602409638554217,
								1,
								0,
								1,
								0,
								1
							]
						},
						"useCollisionPoly": true,
						"duration": 1
					},
					{
						"width": 259,
						"height": 288,
						"originX": 0.43243243243243246,
						"originY": 0.4930555555555556,
						"originalSource": "",
						"exportFormat": "lossless",
						"exportQuality": 0.8,
						"imageSpriteId": 4516879,
						"useCollisionPoly": true,
						"duration": 1
					},
					{
						"width": 245,
						"height": 238,
						"originX": 0.47346938775510206,
						"originY": 0.5168067226890757,
						"originalSource": "",
						"exportFormat": "lossless",
						"exportQuality": 0.8,
						"imageSpriteId": 3038161,
						"useCollisionPoly": true,
						"duration": 1
					},
					{
						"width": 236,
						"height": 241,
						"originX": 0.4745762711864407,
						"originY": 0.5311203319502075,
						"originalSource": "",
						"exportFormat": "lossless",
						"exportQuality": 0.8,
						"imageSpriteId": 705541,
						"useCollisionPoly": true,
						"duration": 1
					},
					{
						"width": 226,
						"height": 235,
						"originX": 0.4911504424778761,
						"originY": 0.5276595744680851,
						"originalSource": "",
						"exportFormat": "lossless",
						"exportQuality": 0.8,
						"imageSpriteId": 4312380,
						"useCollisionPoly": true,
						"duration": 1
					},
					{
						"width": 238,
						"height": 232,
						"originX": 0.47478991596638653,
						"originY": 0.5387931034482759,
						"originalSource": "",
						"exportFormat": "lossless",
						"exportQuality": 0.8,
						"imageSpriteId": 3146169,
						"collisionPoly": {
							"points": [
								0,
								0,
								0,
								0,
								1,
								0,
								1,
								0,
								1,
								1,
								0,
								1,
								0,
								1,
								0,
								0
							]
						},
						"useCollisionPoly": true,
						"duration": 1
					}
				],
				"sid": 862700770059184,
				"name": "Animation 1",
				"isLooping": false,
				"isPingPong": false,
				"repeatCount": 1,
				"repeatTo": 0,
				"speed": 0
			}
		],
		"subfolders": []
	}
}