{
	"name": "backButton",
	"plugin-id": "Sprite",
	"sid": 326142035427614,
	"isGlobal": false,
	"instanceVariables": [
		{
			"name": "goTo",
			"type": "string",
			"desc": "",
			"show": true,
			"sid": 357084160131508
		}
	],
	"behaviorTypes": [],
	"effectTypes": [],
	"animations": {
		"items": [
			{
				"frames": [
					{
						"width": 102,
						"height": 102,
						"originX": 0.5,
						"originY": 0.5,
						"originalSource": "",
						"exportFormat": "lossless",
						"exportQuality": 0.8,
						"imageSpriteId": 6104426,
						"collisionPoly": {
							"points": [
								1,
								1,
								0,
								1,
								0,
								0,
								1,
								0
							]
						},
						"useCollisionPoly": true,
						"duration": 1
					}
				],
				"sid": 105273480835894,
				"name": "Default",
				"isLooping": false,
				"isPingPong": false,
				"repeatCount": 1,
				"repeatTo": 0,
				"speed": 5
			}
		],
		"subfolders": []
	}
}