{
	"name": "Event sheet 1",
	"events": [
		{
			"eventType": "variable",
			"name": "score1",
			"type": "number",
			"initialValue": "0",
			"comment": "",
			"isStatic": false,
			"isConstant": false,
			"sid": 822174349604439
		},
		{
			"eventType": "variable",
			"name": "scores",
			"type": "string",
			"initialValue": "0,0",
			"comment": "",
			"isStatic": false,
			"isConstant": false,
			"sid": 317466519223798
		},
		{
			"eventType": "variable",
			"name": "score2",
			"type": "number",
			"initialValue": "0",
			"comment": "",
			"isStatic": false,
			"isConstant": false,
			"sid": 448172196638507
		},
		{
			"eventType": "variable",
			"name": "lastscore",
			"type": "number",
			"initialValue": "0",
			"comment": "",
			"isStatic": false,
			"isConstant": false,
			"sid": 997573677840663
		},
		{
			"eventType": "variable",
			"name": "mouseortap",
			"type": "string",
			"initialValue": "mouse",
			"comment": "",
			"isStatic": false,
			"isConstant": false,
			"sid": 725725903044504
		},
		{
			"eventType": "variable",
			"name": "beforelastscore",
			"type": "number",
			"initialValue": "20",
			"comment": "",
			"isStatic": false,
			"isConstant": false,
			"sid": 898860550937067
		},
		{
			"eventType": "block",
			"conditions": [
				{
					"id": "on-touched-object",
					"objectClass": "Touch",
					"sid": 721950590113010,
					"parameters": {
						"object": "Text",
						"type": "end"
					}
				},
				{
					"id": "compare-eventvar",
					"objectClass": "System",
					"sid": 199655883475265,
					"parameters": {
						"variable": "modeTouch",
						"comparison": 0,
						"value": "1"
					}
				},
				{
					"id": "compare-eventvar",
					"objectClass": "System",
					"sid": 389951247635206,
					"parameters": {
						"variable": "mouseortap",
						"comparison": 0,
						"value": "\"tap\""
					}
				},
				{
					"id": "is-touching-object",
					"objectClass": "Touch",
					"sid": 762557450534354,
					"parameters": {
						"object": "areamousecantclick"
					},
					"isInverted": true
				}
			],
			"actions": [
				{
					"callFunction": "setTextt",
					"sid": 629439153868108,
					"parameters": [
						"text.item",
						"1"
					]
				}
			],
			"sid": 960788024614753
		},
		{
			"eventType": "block",
			"conditions": [
				{
					"id": "on-tap",
					"objectClass": "Touch",
					"sid": 804352566156105
				},
				{
					"id": "compare-eventvar",
					"objectClass": "System",
					"sid": 646703277142961,
					"parameters": {
						"variable": "modeTouch",
						"comparison": 0,
						"value": "2"
					}
				},
				{
					"id": "compare-eventvar",
					"objectClass": "System",
					"sid": 203825393459298,
					"parameters": {
						"variable": "mouseortap",
						"comparison": 0,
						"value": "\"tap\""
					}
				},
				{
					"id": "is-touching-object",
					"objectClass": "Touch",
					"sid": 521251118177131,
					"parameters": {
						"object": "areamousecantclick"
					},
					"isInverted": true
				}
			],
			"actions": [
				{
					"callFunction": "setTextt",
					"sid": 789667414418536,
					"parameters": [
						"\"1\"",
						"1"
					]
				}
			],
			"sid": 597132062014598
		},
		{
			"eventType": "block",
			"conditions": [
				{
					"id": "on-double-tap",
					"objectClass": "Touch",
					"sid": 341750006253448
				},
				{
					"id": "compare-eventvar",
					"objectClass": "System",
					"sid": 175698895960937,
					"parameters": {
						"variable": "modeTouch",
						"comparison": 0,
						"value": "2"
					}
				},
				{
					"id": "compare-eventvar",
					"objectClass": "System",
					"sid": 678653170540791,
					"parameters": {
						"variable": "mouseortap",
						"comparison": 0,
						"value": "\"tap\""
					}
				},
				{
					"id": "is-touching-object",
					"objectClass": "Touch",
					"sid": 638991971239650,
					"parameters": {
						"object": "areamousecantclick"
					},
					"isInverted": true
				}
			],
			"actions": [
				{
					"callFunction": "setTextt",
					"sid": 292548169203870,
					"parameters": [
						"\"1\"",
						"-1"
					]
				},
				{
					"callFunction": "setTextt",
					"sid": 144435413282527,
					"parameters": [
						"\"2\"",
						"1"
					]
				}
			],
			"sid": 364348867210247
		},
		{
			"eventType": "block",
			"conditions": [
				{
					"id": "on-hold-over-object",
					"objectClass": "Touch",
					"sid": 188199291696762,
					"parameters": {
						"object": "Text"
					}
				},
				{
					"id": "compare-eventvar",
					"objectClass": "System",
					"sid": 333737663581720,
					"parameters": {
						"variable": "mouseortap",
						"comparison": 0,
						"value": "\"tap\""
					}
				}
			],
			"actions": [],
			"sid": 341711750509411,
			"children": [
				{
					"eventType": "block",
					"conditions": [
						{
							"id": "compare-eventvar",
							"objectClass": "System",
							"sid": 313563243230894,
							"parameters": {
								"variable": "modeTouch",
								"comparison": 0,
								"value": "1"
							}
						}
					],
					"actions": [
						{
							"callFunction": "setTextt",
							"sid": 566503773717829,
							"parameters": [
								"text.item",
								"-2"
							]
						}
					],
					"sid": 830773992490584
				},
				{
					"eventType": "block",
					"conditions": [
						{
							"id": "compare-eventvar",
							"objectClass": "System",
							"sid": 313201600531866,
							"parameters": {
								"variable": "modeTouch",
								"comparison": 0,
								"value": "2"
							}
						}
					],
					"actions": [
						{
							"callFunction": "setTextt",
							"sid": 491184022085328,
							"disabled": true,
							"parameters": [
								"\"1\"",
								"-1"
							]
						},
						{
							"callFunction": "setTextt",
							"sid": 926639166878722,
							"parameters": [
								"text.item",
								"-1"
							]
						}
					],
					"sid": 314623590376021
				}
			]
		},
		{
			"eventType": "block",
			"conditions": [
				{
					"id": "on-click",
					"objectClass": "Mouse",
					"sid": 965363433627899,
					"parameters": {
						"mouse-button": "left",
						"click-type": "clicked"
					}
				},
				{
					"id": "cursor-is-over-object",
					"objectClass": "Mouse",
					"sid": 882850662554150,
					"parameters": {
						"object": "areamousecantclick"
					},
					"isInverted": true
				},
				{
					"id": "compare-eventvar",
					"objectClass": "System",
					"sid": 773698116721469,
					"parameters": {
						"variable": "mouseortap",
						"comparison": 0,
						"value": "\"mouse\""
					}
				}
			],
			"actions": [
				{
					"callFunction": "setTextt",
					"sid": 994608695020999,
					"parameters": [
						"\"1\"",
						"1"
					]
				}
			],
			"sid": 787156379881969
		},
		{
			"eventType": "block",
			"conditions": [
				{
					"id": "on-click",
					"objectClass": "Mouse",
					"sid": 112367778798029,
					"parameters": {
						"mouse-button": "right",
						"click-type": "clicked"
					}
				},
				{
					"id": "cursor-is-over-object",
					"objectClass": "Mouse",
					"sid": 893187850606887,
					"parameters": {
						"object": "areamousecantclick"
					},
					"isInverted": true
				},
				{
					"id": "compare-eventvar",
					"objectClass": "System",
					"sid": 642694227009552,
					"parameters": {
						"variable": "mouseortap",
						"comparison": 0,
						"value": "\"mouse\""
					}
				}
			],
			"actions": [
				{
					"callFunction": "setTextt",
					"sid": 113276559529235,
					"parameters": [
						"\"2\"",
						"1"
					]
				}
			],
			"sid": 274895765333063
		},
		{
			"eventType": "block",
			"conditions": [
				{
					"id": "on-mouse-wheel",
					"objectClass": "Mouse",
					"sid": 721998927230721,
					"parameters": {
						"direction": "up"
					}
				}
			],
			"actions": [
				{
					"callFunction": "setTextt",
					"sid": 241048556060673,
					"parameters": [
						"\"1\"",
						"-1"
					]
				}
			],
			"sid": 866714197337454,
			"disabled": true
		},
		{
			"eventType": "block",
			"conditions": [
				{
					"id": "on-mouse-wheel",
					"objectClass": "Mouse",
					"sid": 652246293862073,
					"parameters": {
						"direction": "down"
					}
				}
			],
			"actions": [
				{
					"callFunction": "setTextt",
					"sid": 629902043821855,
					"parameters": [
						"\"2\"",
						"-1"
					]
				}
			],
			"sid": 143969339641460,
			"disabled": true
		},
		{
			"eventType": "variable",
			"name": "clicktime",
			"type": "number",
			"initialValue": "0",
			"comment": "",
			"isStatic": false,
			"isConstant": false,
			"sid": 487348785329737
		},
		{
			"eventType": "block",
			"conditions": [
				{
					"id": "mouse-button-is-down",
					"objectClass": "Mouse",
					"sid": 763429487379077,
					"parameters": {
						"mouse-button": "left"
					}
				}
			],
			"actions": [
				{
					"id": "set-eventvar-value",
					"objectClass": "System",
					"sid": 524832683386086,
					"parameters": {
						"variable": "clicktime",
						"value": "time"
					}
				}
			],
			"sid": 983407127462429,
			"children": [
				{
					"eventType": "block",
					"conditions": [
						{
							"id": "compare-time",
							"objectClass": "System",
							"sid": 481835177157791,
							"parameters": {
								"comparison": 4,
								"time-seconds": "clicktime+1"
							}
						},
						{
							"id": "trigger-once-while-true",
							"objectClass": "System",
							"sid": 658908792801523
						}
					],
					"actions": [
						{
							"callFunction": "setTextt",
							"sid": 724074712959211,
							"parameters": [
								"\"1\"",
								"-2"
							]
						}
					],
					"sid": 432811991940508
				}
			]
		},
		{
			"eventType": "block",
			"conditions": [
				{
					"id": "mouse-button-is-down",
					"objectClass": "Mouse",
					"sid": 344799148786839,
					"parameters": {
						"mouse-button": "right"
					}
				}
			],
			"actions": [],
			"sid": 645498601664768,
			"children": [
				{
					"eventType": "block",
					"conditions": [
						{
							"id": "trigger-once-while-true",
							"objectClass": "System",
							"sid": 974882029937094
						}
					],
					"actions": [
						{
							"id": "set-eventvar-value",
							"objectClass": "System",
							"sid": 694942314857506,
							"parameters": {
								"variable": "clicktime",
								"value": "time"
							}
						}
					],
					"sid": 755394889325469
				},
				{
					"eventType": "block",
					"conditions": [
						{
							"id": "compare-time",
							"objectClass": "System",
							"sid": 169058733993363,
							"parameters": {
								"comparison": 4,
								"time-seconds": "clicktime+1"
							}
						},
						{
							"id": "trigger-once-while-true",
							"objectClass": "System",
							"sid": 677338906785548
						}
					],
					"actions": [
						{
							"callFunction": "setTextt",
							"sid": 421399627369096,
							"parameters": [
								"\"2\"",
								"-2"
							]
						}
					],
					"sid": 859723721108762
				}
			]
		},
		{
			"functionName": "refreshScore",
			"functionDescription": "",
			"functionCategory": "",
			"functionReturnType": "none",
			"functionCopyPicked": false,
			"functionIsAsync": false,
			"functionParameters": [],
			"eventType": "function-block",
			"conditions": [],
			"actions": [],
			"sid": 329061802957173,
			"children": [
				{
					"eventType": "block",
					"conditions": [
						{
							"id": "compare-eventvar",
							"objectClass": "System",
							"sid": 688005469396682,
							"parameters": {
								"variable": "score1",
								"comparison": 2,
								"value": "0"
							}
						}
					],
					"actions": [
						{
							"id": "set-eventvar-value",
							"objectClass": "System",
							"sid": 538595287462638,
							"parameters": {
								"variable": "score1",
								"value": "0"
							}
						}
					],
					"sid": 293531481003956
				},
				{
					"eventType": "block",
					"conditions": [
						{
							"id": "compare-eventvar",
							"objectClass": "System",
							"sid": 722941461849727,
							"parameters": {
								"variable": "score2",
								"comparison": 2,
								"value": "0"
							}
						}
					],
					"actions": [
						{
							"id": "set-eventvar-value",
							"objectClass": "System",
							"sid": 746485338481612,
							"parameters": {
								"variable": "score2",
								"value": "0"
							}
						}
					],
					"sid": 836982447736752
				},
				{
					"eventType": "block",
					"conditions": [
						{
							"id": "compare-instance-variable",
							"objectClass": "Text",
							"sid": 817545057859131,
							"parameters": {
								"instance-variable": "item",
								"comparison": 0,
								"value": "\"1\""
							}
						}
					],
					"actions": [
						{
							"id": "set-text",
							"objectClass": "Text",
							"sid": 383764982351593,
							"parameters": {
								"text": "str(score1)"
							}
						}
					],
					"sid": 811712263942185,
					"children": [
						{
							"eventType": "block",
							"conditions": [
								{
									"id": "compare-eventvar",
									"objectClass": "System",
									"sid": 135754871417287,
									"parameters": {
										"variable": "score1",
										"comparison": 0,
										"value": "beforelastscore"
									}
								}
							],
							"actions": [
								{
									"id": "set-font-color",
									"objectClass": "Text",
									"sid": 475217743339343,
									"parameters": {
										"color": "rgbEx(255, 0, 0)"
									}
								}
							],
							"sid": 746292333128907
						},
						{
							"eventType": "block",
							"conditions": [
								{
									"id": "else",
									"objectClass": "System",
									"sid": 619386711473283
								}
							],
							"actions": [
								{
									"id": "set-font-color",
									"objectClass": "Text",
									"sid": 999752520446731,
									"parameters": {
										"color": "rgbEx(255, 255, 255)"
									}
								}
							],
							"sid": 415339362439315
						}
					]
				},
				{
					"eventType": "block",
					"conditions": [
						{
							"id": "compare-instance-variable",
							"objectClass": "Text",
							"sid": 839490284682287,
							"parameters": {
								"instance-variable": "item",
								"comparison": 0,
								"value": "\"2\""
							}
						}
					],
					"actions": [
						{
							"id": "set-text",
							"objectClass": "Text",
							"sid": 227911303916167,
							"parameters": {
								"text": "str(score2)"
							}
						}
					],
					"sid": 232484333422331,
					"children": [
						{
							"eventType": "block",
							"conditions": [
								{
									"id": "compare-eventvar",
									"objectClass": "System",
									"sid": 116401527996060,
									"parameters": {
										"variable": "score2",
										"comparison": 0,
										"value": "beforelastscore"
									}
								}
							],
							"actions": [
								{
									"id": "set-font-color",
									"objectClass": "Text",
									"sid": 537123053868548,
									"parameters": {
										"color": "rgbEx(255, 0, 0)"
									}
								}
							],
							"sid": 389338647365590
						},
						{
							"eventType": "block",
							"conditions": [
								{
									"id": "else",
									"objectClass": "System",
									"sid": 222243169806054
								}
							],
							"actions": [
								{
									"id": "set-font-color",
									"objectClass": "Text",
									"sid": 518171913308660,
									"parameters": {
										"color": "rgbEx(255, 255, 255)"
									}
								}
							],
							"sid": 854401852593722
						}
					]
				},
				{
					"eventType": "block",
					"conditions": [
						{
							"id": "compare-instance-variable",
							"objectClass": "Sprite",
							"sid": 800852280571486,
							"parameters": {
								"instance-variable": "item",
								"comparison": 0,
								"value": "\"scoreshuttle\""
							}
						}
					],
					"actions": [],
					"sid": 253226588763503,
					"children": [
						{
							"eventType": "block",
							"conditions": [
								{
									"id": "compare-eventvar",
									"objectClass": "System",
									"sid": 525666695068828,
									"parameters": {
										"variable": "lastscore",
										"comparison": 4,
										"value": "0"
									}
								}
							],
							"actions": [
								{
									"id": "set-x",
									"objectClass": "Sprite",
									"sid": 896549490307236,
									"parameters": {
										"x": "890"
									}
								}
							],
							"sid": 890367720656150
						},
						{
							"eventType": "block",
							"conditions": [
								{
									"id": "else",
									"objectClass": "System",
									"sid": 498520445754650
								},
								{
									"id": "compare-eventvar",
									"objectClass": "System",
									"sid": 613942007923550,
									"parameters": {
										"variable": "lastscore",
										"comparison": 2,
										"value": "0"
									}
								}
							],
							"actions": [
								{
									"id": "set-x",
									"objectClass": "Sprite",
									"sid": 360678087240711,
									"parameters": {
										"x": "1700"
									}
								}
							],
							"sid": 326756215669753
						}
					]
				}
			]
		},
		{
			"functionName": "setTextt",
			"functionDescription": "",
			"functionCategory": "",
			"functionReturnType": "none",
			"functionCopyPicked": false,
			"functionIsAsync": false,
			"functionParameters": [
				{
					"name": "item",
					"type": "string",
					"initialValue": "",
					"comment": "",
					"sid": 604351785828546
				},
				{
					"name": "scoreadd",
					"type": "number",
					"initialValue": "0",
					"comment": "",
					"sid": 309565236156821
				}
			],
			"eventType": "function-block",
			"conditions": [],
			"actions": [],
			"sid": 746560866170903,
			"children": [
				{
					"eventType": "block",
					"conditions": [
						{
							"id": "compare-instance-variable",
							"objectClass": "Text",
							"sid": 715908791335686,
							"parameters": {
								"instance-variable": "item",
								"comparison": 0,
								"value": "item"
							}
						}
					],
					"actions": [],
					"sid": 344426786585555,
					"children": [
						{
							"eventType": "block",
							"conditions": [
								{
									"id": "compare-instance-variable",
									"objectClass": "Text",
									"sid": 878230445555372,
									"parameters": {
										"instance-variable": "item",
										"comparison": 0,
										"value": "\"1\""
									}
								}
							],
							"actions": [
								{
									"id": "add-to-eventvar",
									"objectClass": "System",
									"sid": 833474865929918,
									"parameters": {
										"variable": "score1",
										"value": "scoreadd"
									}
								}
							],
							"sid": 983012270134387,
							"children": [
								{
									"eventType": "block",
									"conditions": [
										{
											"id": "compare-eventvar",
											"objectClass": "System",
											"sid": 606394296580170,
											"parameters": {
												"variable": "scoreadd",
												"comparison": 4,
												"value": "0"
											}
										}
									],
									"actions": [],
									"sid": 229336524234728,
									"children": [
										{
											"eventType": "block",
											"conditions": [
												{
													"id": "compare-eventvar",
													"objectClass": "System",
													"sid": 417151609815679,
													"parameters": {
														"variable": "lastscore",
														"comparison": 2,
														"value": "0"
													}
												}
											],
											"actions": [
												{
													"id": "set-eventvar-value",
													"objectClass": "System",
													"sid": 303752184536091,
													"parameters": {
														"variable": "lastscore",
														"value": "1"
													}
												}
											],
											"sid": 445893654535154
										},
										{
											"eventType": "block",
											"conditions": [
												{
													"id": "else",
													"objectClass": "System",
													"sid": 379631087827437
												}
											],
											"actions": [
												{
													"id": "add-to-eventvar",
													"objectClass": "System",
													"sid": 203645499512580,
													"parameters": {
														"variable": "lastscore",
														"value": "1"
													}
												}
											],
											"sid": 534696795080525
										}
									]
								}
							]
						},
						{
							"eventType": "block",
							"conditions": [
								{
									"id": "compare-instance-variable",
									"objectClass": "Text",
									"sid": 954196440123091,
									"parameters": {
										"instance-variable": "item",
										"comparison": 0,
										"value": "\"2\""
									}
								}
							],
							"actions": [
								{
									"id": "add-to-eventvar",
									"objectClass": "System",
									"sid": 199840443872404,
									"parameters": {
										"variable": "score2",
										"value": "scoreadd"
									}
								}
							],
							"sid": 734434608201676,
							"children": [
								{
									"eventType": "block",
									"conditions": [
										{
											"id": "compare-eventvar",
											"objectClass": "System",
											"sid": 632936412763091,
											"parameters": {
												"variable": "scoreadd",
												"comparison": 4,
												"value": "0"
											}
										}
									],
									"actions": [],
									"sid": 267053201907041,
									"children": [
										{
											"eventType": "block",
											"conditions": [
												{
													"id": "compare-eventvar",
													"objectClass": "System",
													"sid": 798088895543833,
													"parameters": {
														"variable": "lastscore",
														"comparison": 4,
														"value": "0"
													}
												}
											],
											"actions": [
												{
													"id": "set-eventvar-value",
													"objectClass": "System",
													"sid": 865313020654018,
													"parameters": {
														"variable": "lastscore",
														"value": "-1"
													}
												}
											],
											"sid": 874716124284618
										},
										{
											"eventType": "block",
											"conditions": [
												{
													"id": "else",
													"objectClass": "System",
													"sid": 404643898666020
												}
											],
											"actions": [
												{
													"id": "add-to-eventvar",
													"objectClass": "System",
													"sid": 311643972600474,
													"parameters": {
														"variable": "lastscore",
														"value": "-1"
													}
												}
											],
											"sid": 121244318957238
										}
									]
								}
							]
						}
					]
				},
				{
					"eventType": "block",
					"conditions": [
						{
							"id": "compare-eventvar",
							"objectClass": "System",
							"sid": 967551635019783,
							"parameters": {
								"variable": "scoreadd",
								"comparison": 1,
								"value": "-2"
							}
						}
					],
					"actions": [
						{
							"callFunction": "refreshScore",
							"sid": 785208147577168
						}
					],
					"sid": 205453633629690
				}
			]
		},
		{
			"eventType": "block",
			"conditions": [
				{
					"id": "on-tap-object",
					"objectClass": "Touch",
					"sid": 469348060494243,
					"parameters": {
						"object": "Sprite"
					}
				},
				{
					"id": "on-object-clicked",
					"objectClass": "Mouse",
					"sid": 331975799070102,
					"disabled": true,
					"parameters": {
						"mouse-button": "left",
						"click-type": "clicked",
						"object-clicked": "Sprite"
					}
				}
			],
			"actions": [
				{
					"id": "wait",
					"objectClass": "System",
					"sid": 546755394259813,
					"disabled": true,
					"parameters": {
						"seconds": "0.3"
					}
				}
			],
			"sid": 741295322549137,
			"children": [
				{
					"eventType": "block",
					"conditions": [
						{
							"id": "compare-instance-variable",
							"objectClass": "Sprite",
							"sid": 776118001933230,
							"parameters": {
								"instance-variable": "item",
								"comparison": 0,
								"value": "\"r\""
							}
						}
					],
					"actions": [
						{
							"id": "set-eventvar-value",
							"objectClass": "System",
							"sid": 320507247592378,
							"parameters": {
								"variable": "score1",
								"value": "0"
							}
						},
						{
							"id": "set-eventvar-value",
							"objectClass": "System",
							"sid": 253207003076736,
							"parameters": {
								"variable": "score2",
								"value": "0"
							}
						},
						{
							"id": "restart-layout",
							"objectClass": "System",
							"sid": 998107684077502
						}
					],
					"sid": 833639034452848
				},
				{
					"eventType": "block",
					"conditions": [
						{
							"id": "compare-instance-variable",
							"objectClass": "Sprite",
							"sid": 140741149861809,
							"parameters": {
								"instance-variable": "item",
								"comparison": 0,
								"value": "\"i\""
							}
						}
					],
					"actions": [
						{
							"id": "go-to-layout",
							"objectClass": "System",
							"sid": 328552771229637,
							"parameters": {
								"layout": "Layout 2"
							}
						}
					],
					"sid": 684769371241308
				},
				{
					"eventType": "block",
					"conditions": [
						{
							"id": "compare-instance-variable",
							"objectClass": "Sprite",
							"sid": 149364313155442,
							"parameters": {
								"instance-variable": "item",
								"comparison": 0,
								"value": "\"mouseortap\""
							}
						}
					],
					"actions": [],
					"sid": 491594268899364,
					"children": [
						{
							"eventType": "block",
							"conditions": [
								{
									"id": "compare-eventvar",
									"objectClass": "System",
									"sid": 305442485344872,
									"parameters": {
										"variable": "mouseortap",
										"comparison": 0,
										"value": "\"mouse\""
									}
								}
							],
							"actions": [
								{
									"id": "set-eventvar-value",
									"objectClass": "System",
									"sid": 183796582318018,
									"parameters": {
										"variable": "mouseortap",
										"value": "\"tap\""
									}
								},
								{
									"id": "set-animation-frame",
									"objectClass": "Sprite",
									"sid": 786029665390024,
									"parameters": {
										"frame-number": "18"
									}
								}
							],
							"sid": 630556699464969
						},
						{
							"eventType": "block",
							"conditions": [
								{
									"id": "else",
									"objectClass": "System",
									"sid": 643363854194971
								},
								{
									"id": "compare-eventvar",
									"objectClass": "System",
									"sid": 669168716275504,
									"parameters": {
										"variable": "mouseortap",
										"comparison": 0,
										"value": "\"tap\""
									}
								}
							],
							"actions": [
								{
									"id": "set-eventvar-value",
									"objectClass": "System",
									"sid": 735140554954753,
									"parameters": {
										"variable": "mouseortap",
										"value": "\"mouse\""
									}
								},
								{
									"id": "set-animation-frame",
									"objectClass": "Sprite",
									"sid": 337914770508900,
									"parameters": {
										"frame-number": "14"
									}
								}
							],
							"sid": 300129580650477
						}
					]
				},
				{
					"eventType": "block",
					"conditions": [
						{
							"id": "compare-instance-variable",
							"objectClass": "Sprite",
							"sid": 241886137192366,
							"parameters": {
								"instance-variable": "item",
								"comparison": 0,
								"value": "\"minus1\""
							}
						}
					],
					"actions": [
						{
							"callFunction": "setTextt",
							"sid": 361651744718737,
							"parameters": [
								"\"1\"",
								"-1"
							]
						}
					],
					"sid": 933669531357233
				},
				{
					"eventType": "block",
					"conditions": [
						{
							"id": "compare-instance-variable",
							"objectClass": "Sprite",
							"sid": 542273421623901,
							"parameters": {
								"instance-variable": "item",
								"comparison": 0,
								"value": "\"minus2\""
							}
						}
					],
					"actions": [
						{
							"callFunction": "setTextt",
							"sid": 582718923842896,
							"parameters": [
								"\"2\"",
								"-1"
							]
						}
					],
					"sid": 740503782849355
				}
			],
			"isOrBlock": true
		},
		{
			"eventType": "block",
			"conditions": [
				{
					"id": "on-start-of-layout",
					"objectClass": "System",
					"sid": 476364776547362
				}
			],
			"actions": [
				{
					"callFunction": "refreshScore",
					"sid": 605251312209423
				}
			],
			"sid": 196626226277788
		}
	],
	"sid": 527361317256367
}