{
	"name": "Event sheet 2",
	"events": [
		{
			"eventType": "variable",
			"name": "modeTouch",
			"type": "number",
			"initialValue": "1",
			"comment": "",
			"isStatic": false,
			"isConstant": false,
			"sid": 540544708756969
		},
		{
			"eventType": "block",
			"conditions": [
				{
					"id": "on-tap-object",
					"objectClass": "Touch",
					"sid": 686601937564331,
					"parameters": {
						"object": "Sprite"
					}
				},
				{
					"id": "on-object-clicked",
					"objectClass": "Mouse",
					"sid": 716736858753689,
					"parameters": {
						"mouse-button": "left",
						"click-type": "clicked",
						"object-clicked": "Sprite"
					}
				}
			],
			"actions": [
				{
					"id": "wait",
					"objectClass": "System",
					"sid": 422766757255535,
					"parameters": {
						"seconds": "0.3"
					}
				}
			],
			"sid": 147224283977913,
			"children": [
				{
					"eventType": "block",
					"conditions": [
						{
							"id": "compare-instance-variable",
							"objectClass": "Sprite",
							"sid": 812839688865410,
							"parameters": {
								"instance-variable": "item",
								"comparison": 0,
								"value": "\"r\""
							}
						}
					],
					"actions": [
						{
							"id": "set-eventvar-value",
							"objectClass": "System",
							"sid": 914155756878880,
							"parameters": {
								"variable": "score1",
								"value": "0"
							}
						},
						{
							"id": "set-eventvar-value",
							"objectClass": "System",
							"sid": 730170805754356,
							"parameters": {
								"variable": "score2",
								"value": "0"
							}
						},
						{
							"id": "restart-layout",
							"objectClass": "System",
							"sid": 911779184237349
						}
					],
					"sid": 459313351880010
				},
				{
					"eventType": "block",
					"conditions": [
						{
							"id": "compare-instance-variable",
							"objectClass": "Sprite",
							"sid": 465229980772277,
							"parameters": {
								"instance-variable": "item",
								"comparison": 0,
								"value": "\"i0\""
							}
						}
					],
					"actions": [
						{
							"id": "go-to-layout",
							"objectClass": "System",
							"sid": 636641280571621,
							"parameters": {
								"layout": "Layout 3"
							}
						}
					],
					"sid": 207599077350727
				},
				{
					"eventType": "block",
					"conditions": [
						{
							"id": "compare-instance-variable",
							"objectClass": "Sprite",
							"sid": 345368907734424,
							"parameters": {
								"instance-variable": "item",
								"comparison": 0,
								"value": "\"i\""
							}
						}
					],
					"actions": [
						{
							"id": "go-to-layout",
							"objectClass": "System",
							"sid": 531205413785341,
							"parameters": {
								"layout": "Layout 1"
							}
						}
					],
					"sid": 418298929875316
				}
			],
			"isOrBlock": true
		},
		{
			"eventType": "block",
			"conditions": [
				{
					"id": "on-tap-object",
					"objectClass": "Touch",
					"sid": 911555575190276,
					"parameters": {
						"object": "Text"
					}
				},
				{
					"id": "on-object-clicked",
					"objectClass": "Mouse",
					"sid": 639790875951866,
					"parameters": {
						"mouse-button": "left",
						"click-type": "clicked",
						"object-clicked": "Text"
					}
				}
			],
			"actions": [],
			"sid": 470605395816973,
			"children": [
				{
					"eventType": "block",
					"conditions": [
						{
							"id": "compare-instance-variable",
							"objectClass": "Text",
							"sid": 548260296037149,
							"parameters": {
								"instance-variable": "item",
								"comparison": 0,
								"value": "\"3\""
							}
						}
					],
					"actions": [
						{
							"id": "set-eventvar-value",
							"objectClass": "System",
							"sid": 403246257986407,
							"parameters": {
								"variable": "modeTouch",
								"value": "1"
							}
						}
					],
					"sid": 880655353390215,
					"children": [
						{
							"eventType": "block",
							"conditions": [
								{
									"id": "compare-instance-variable",
									"objectClass": "Sprite",
									"sid": 179427186341960,
									"parameters": {
										"instance-variable": "item",
										"comparison": 0,
										"value": "\"cm\""
									}
								}
							],
							"actions": [
								{
									"id": "set-y",
									"objectClass": "Sprite",
									"sid": 332009178246637,
									"parameters": {
										"y": "383"
									}
								}
							],
							"sid": 307977184240822
						},
						{
							"eventType": "block",
							"conditions": [
								{
									"id": "compare-instance-variable",
									"objectClass": "Sprite",
									"sid": 151708128951063,
									"parameters": {
										"instance-variable": "item",
										"comparison": 0,
										"value": "\"tick\""
									}
								}
							],
							"actions": [
								{
									"id": "set-y",
									"objectClass": "Sprite",
									"sid": 767806967985682,
									"parameters": {
										"y": "526"
									}
								}
							],
							"sid": 179533188582372
						}
					]
				},
				{
					"eventType": "block",
					"conditions": [
						{
							"id": "compare-instance-variable",
							"objectClass": "Text",
							"sid": 833394993931590,
							"parameters": {
								"instance-variable": "item",
								"comparison": 0,
								"value": "\"4\""
							}
						}
					],
					"actions": [
						{
							"id": "set-eventvar-value",
							"objectClass": "System",
							"sid": 657604049263433,
							"parameters": {
								"variable": "modeTouch",
								"value": "2"
							}
						}
					],
					"sid": 452127098121443,
					"children": [
						{
							"eventType": "block",
							"conditions": [
								{
									"id": "compare-instance-variable",
									"objectClass": "Sprite",
									"sid": 834724989292470,
									"parameters": {
										"instance-variable": "item",
										"comparison": 0,
										"value": "\"cm\""
									}
								}
							],
							"actions": [
								{
									"id": "set-y",
									"objectClass": "Sprite",
									"sid": 755979147546617,
									"parameters": {
										"y": "820"
									}
								}
							],
							"sid": 810985076065525
						},
						{
							"eventType": "block",
							"conditions": [
								{
									"id": "compare-instance-variable",
									"objectClass": "Sprite",
									"sid": 691332567475867,
									"parameters": {
										"instance-variable": "item",
										"comparison": 0,
										"value": "\"tick\""
									}
								}
							],
							"actions": [
								{
									"id": "set-y",
									"objectClass": "Sprite",
									"sid": 102190855355120,
									"parameters": {
										"y": "965"
									}
								}
							],
							"sid": 283783417306743
						}
					]
				}
			],
			"isOrBlock": true
		},
		{
			"eventType": "block",
			"conditions": [
				{
					"id": "on-start-of-layout",
					"objectClass": "System",
					"sid": 614031737955213
				}
			],
			"actions": [],
			"sid": 916535769342076,
			"children": [
				{
					"eventType": "block",
					"conditions": [
						{
							"id": "compare-eventvar",
							"objectClass": "System",
							"sid": 205262838111157,
							"parameters": {
								"variable": "modeTouch",
								"comparison": 0,
								"value": "1"
							}
						}
					],
					"actions": [],
					"sid": 563451684716220,
					"children": [
						{
							"eventType": "block",
							"conditions": [
								{
									"id": "compare-instance-variable",
									"objectClass": "Sprite",
									"sid": 370853526391026,
									"parameters": {
										"instance-variable": "item",
										"comparison": 0,
										"value": "\"cm\""
									}
								}
							],
							"actions": [
								{
									"id": "set-y",
									"objectClass": "Sprite",
									"sid": 587081491152273,
									"parameters": {
										"y": "383"
									}
								}
							],
							"sid": 400022732382147
						},
						{
							"eventType": "block",
							"conditions": [
								{
									"id": "compare-instance-variable",
									"objectClass": "Sprite",
									"sid": 444281941283339,
									"parameters": {
										"instance-variable": "item",
										"comparison": 0,
										"value": "\"tick\""
									}
								}
							],
							"actions": [
								{
									"id": "set-y",
									"objectClass": "Sprite",
									"sid": 719219441222432,
									"parameters": {
										"y": "526"
									}
								}
							],
							"sid": 848459601916136
						}
					]
				},
				{
					"eventType": "block",
					"conditions": [
						{
							"id": "compare-eventvar",
							"objectClass": "System",
							"sid": 640839288492215,
							"parameters": {
								"variable": "modeTouch",
								"comparison": 0,
								"value": "2"
							}
						}
					],
					"actions": [],
					"sid": 254241945377455,
					"children": [
						{
							"eventType": "block",
							"conditions": [
								{
									"id": "compare-instance-variable",
									"objectClass": "Sprite",
									"sid": 491518989008357,
									"parameters": {
										"instance-variable": "item",
										"comparison": 0,
										"value": "\"cm\""
									}
								}
							],
							"actions": [
								{
									"id": "set-y",
									"objectClass": "Sprite",
									"sid": 180841617384592,
									"parameters": {
										"y": "820"
									}
								}
							],
							"sid": 314238286122281
						},
						{
							"eventType": "block",
							"conditions": [
								{
									"id": "compare-instance-variable",
									"objectClass": "Sprite",
									"sid": 282391073228260,
									"parameters": {
										"instance-variable": "item",
										"comparison": 0,
										"value": "\"tick\""
									}
								}
							],
							"actions": [
								{
									"id": "set-y",
									"objectClass": "Sprite",
									"sid": 666922208783532,
									"parameters": {
										"y": "965"
									}
								}
							],
							"sid": 934511566973343
						}
					]
				}
			]
		}
	],
	"sid": 578995200215824
}