{
	"name": "Layout 3",
	"layers": [
		{
			"name": "Layer 0",
			"overriden": 0,
			"subLayers": [],
			"instances": [
				{
					"type": "Sprite",
					"properties": {
						"initially-visible": true,
						"initial-animation": "Animation 1",
						"initial-frame": 3,
						"enable-collisions": true,
						"live-preview": false
					},
					"uid": 22,
					"sid": 319486640518433,
					"tags": "",
					"instanceVariables": {
						"item": ""
					},
					"behaviors": {},
					"instanceFolderItem": {
						"sid": 319486640518433,
						"expanded": true
					},
					"world": {
						"x": 963,
						"y": 539.5,
						"width": 1933.056,
						"height": 1092.881824175824,
						"originX": 0.5,
						"originY": 0.5,
						"color": [
							1,
							1,
							1,
							1
						],
						"angle": 0,
						"zElevation": 0
					}
				},
				{
					"type": "Text",
					"properties": {
						"text": "nformation",
						"enable-bbcode": true,
						"font": "monospace",
						"size": 50,
						"line-height": 0,
						"bold": true,
						"italic": false,
						"color": [
							1,
							1,
							1,
							1
						],
						"horizontal-alignment": "center",
						"vertical-alignment": "center",
						"wrapping": "word",
						"text-direction": "ltr",
						"icon-set": -1,
						"initially-visible": true,
						"origin": "center",
						"read-aloud": false
					},
					"uid": 23,
					"sid": 828574563383295,
					"tags": "",
					"instanceVariables": {
						"item": "0"
					},
					"behaviors": {},
					"instanceFolderItem": {
						"sid": 828574563383295,
						"expanded": true
					},
					"world": {
						"x": 339,
						"y": 106,
						"width": 803.534489,
						"height": 188.406337,
						"originX": 0.5,
						"originY": 0.5,
						"color": [
							1,
							1,
							1,
							1
						],
						"angle": 0,
						"zElevation": 0
					}
				},
				{
					"type": "Sprite2",
					"properties": {
						"initially-visible": true,
						"initial-animation": "Animation 1",
						"initial-frame": 0,
						"enable-collisions": true,
						"live-preview": false
					},
					"uid": 25,
					"sid": 889216263242058,
					"tags": "",
					"instanceVariables": {},
					"behaviors": {},
					"instanceFolderItem": {
						"sid": 889216263242058,
						"expanded": true
					},
					"world": {
						"x": 1522,
						"y": 1223,
						"width": 125,
						"height": 116,
						"originX": 0.5,
						"originY": 0.5,
						"color": [
							1,
							1,
							1,
							1
						],
						"angle": 0,
						"zElevation": 0
					}
				},
				{
					"type": "Sprite",
					"properties": {
						"initially-visible": true,
						"initial-animation": "Animation 1",
						"initial-frame": 13,
						"enable-collisions": true,
						"live-preview": false
					},
					"uid": 26,
					"sid": 350763939634693,
					"tags": "",
					"instanceVariables": {
						"item": ""
					},
					"behaviors": {},
					"instanceFolderItem": {
						"sid": 350763939634693,
						"expanded": true
					},
					"world": {
						"x": 1820,
						"y": 994,
						"width": 197.64732203389838,
						"height": 174.36458260383688,
						"originX": 0.5,
						"originY": 0.5,
						"color": [
							1,
							1,
							1,
							1
						],
						"angle": 0,
						"zElevation": 0
					}
				},
				{
					"type": "Sprite",
					"properties": {
						"initially-visible": true,
						"initial-animation": "Animation 1",
						"initial-frame": 12,
						"enable-collisions": true,
						"live-preview": false
					},
					"uid": 27,
					"sid": 421934442821420,
					"tags": "",
					"instanceVariables": {
						"item": "r"
					},
					"behaviors": {},
					"instanceFolderItem": {
						"sid": 421934442821420,
						"expanded": true
					},
					"world": {
						"x": 1647,
						"y": 1238,
						"width": 125.64732203389839,
						"height": 121.36458260383688,
						"originX": 0.5,
						"originY": 0.5,
						"color": [
							1,
							1,
							1,
							1
						],
						"angle": 0,
						"zElevation": 0
					}
				},
				{
					"type": "Sprite",
					"properties": {
						"initially-visible": true,
						"initial-animation": "Animation 1",
						"initial-frame": 11,
						"enable-collisions": true,
						"live-preview": false
					},
					"uid": 28,
					"sid": 294757510160682,
					"tags": "",
					"instanceVariables": {
						"item": "i"
					},
					"behaviors": {},
					"instanceFolderItem": {
						"sid": 294757510160682,
						"expanded": true
					},
					"world": {
						"x": 97,
						"y": 91,
						"width": 91.232322,
						"height": 88.960936,
						"originX": 0.5,
						"originY": 0.5,
						"color": [
							1,
							1,
							1,
							1
						],
						"angle": 0,
						"zElevation": 0
					}
				},
				{
					"type": "Sprite",
					"properties": {
						"initially-visible": true,
						"initial-animation": "Animation 1",
						"initial-frame": 11,
						"enable-collisions": true,
						"live-preview": false
					},
					"uid": 31,
					"sid": 424252796180604,
					"tags": "",
					"instanceVariables": {
						"item": "i"
					},
					"behaviors": {},
					"instanceFolderItem": {
						"sid": 424252796180604,
						"expanded": true
					},
					"world": {
						"x": 1826,
						"y": 992,
						"width": 130.0560000000001,
						"height": 125.62298901098906,
						"originX": 0.5,
						"originY": 0.5,
						"color": [
							1,
							1,
							1,
							1
						],
						"angle": 0,
						"zElevation": 0
					}
				},
				{
					"type": "Sprite",
					"properties": {
						"initially-visible": true,
						"initial-animation": "Animation 1",
						"initial-frame": 29,
						"enable-collisions": true,
						"live-preview": false
					},
					"uid": 35,
					"sid": 302562846162391,
					"tags": "",
					"instanceVariables": {
						"item": ""
					},
					"behaviors": {},
					"instanceFolderItem": {
						"sid": 302562846162391,
						"expanded": true
					},
					"world": {
						"x": 941,
						"y": 401,
						"width": 1441.4292407821736,
						"height": 401.2417390821813,
						"originX": 0.5,
						"originY": 0.5,
						"color": [
							1,
							1,
							1,
							1
						],
						"angle": 0,
						"zElevation": 0
					}
				},
				{
					"type": "Sprite",
					"properties": {
						"initially-visible": true,
						"initial-animation": "Animation 1",
						"initial-frame": 29,
						"enable-collisions": true,
						"live-preview": false
					},
					"uid": 36,
					"sid": 624165914135328,
					"tags": "",
					"instanceVariables": {
						"item": ""
					},
					"behaviors": {},
					"instanceFolderItem": {
						"sid": 624165914135328,
						"expanded": true
					},
					"world": {
						"x": 943,
						"y": 834,
						"width": 1441.4292407821736,
						"height": 401.2417390821813,
						"originX": 0.5,
						"originY": 0.5,
						"color": [
							1,
							1,
							1,
							1
						],
						"angle": 0,
						"zElevation": 0
					}
				},
				{
					"type": "Text",
					"properties": {
						"text": "Touch score for adding score\nHold score to minus one score",
						"enable-bbcode": true,
						"font": "monospace",
						"size": 40,
						"line-height": 30,
						"bold": true,
						"italic": false,
						"color": [
							1,
							1,
							1,
							1
						],
						"horizontal-alignment": "left",
						"vertical-alignment": "center",
						"wrapping": "word",
						"text-direction": "ltr",
						"icon-set": -1,
						"initially-visible": true,
						"origin": "center",
						"read-aloud": false
					},
					"uid": 24,
					"sid": 782164355798612,
					"tags": "",
					"instanceVariables": {
						"item": "3"
					},
					"behaviors": {},
					"instanceFolderItem": {
						"sid": 782164355798612,
						"expanded": true
					},
					"world": {
						"x": 966.5,
						"y": 407,
						"width": 1358,
						"height": 403,
						"originX": 0.5,
						"originY": 0.5,
						"color": [
							1,
							1,
							1,
							1
						],
						"angle": 0,
						"zElevation": 0
					}
				},
				{
					"type": "Sprite",
					"properties": {
						"initially-visible": true,
						"initial-animation": "Animation 1",
						"initial-frame": 18,
						"enable-collisions": true,
						"live-preview": false
					},
					"uid": 30,
					"sid": 602810227733785,
					"tags": "",
					"instanceVariables": {
						"item": "cm"
					},
					"behaviors": {},
					"instanceFolderItem": {
						"sid": 602810227733785,
						"expanded": true
					},
					"world": {
						"x": 1423,
						"y": 383,
						"width": 165.05440522469303,
						"height": 180.04095443126536,
						"originX": 0.5,
						"originY": 0.5,
						"color": [
							1,
							1,
							1,
							1
						],
						"angle": 0,
						"zElevation": 0
					}
				},
				{
					"type": "Text",
					"properties": {
						"text": "One tap to add left's score\nDouble tap to add right's score\nHold score to minus one score",
						"enable-bbcode": true,
						"font": "monospace",
						"size": 40,
						"line-height": 30,
						"bold": true,
						"italic": false,
						"color": [
							1,
							1,
							1,
							1
						],
						"horizontal-alignment": "left",
						"vertical-alignment": "center",
						"wrapping": "word",
						"text-direction": "ltr",
						"icon-set": -1,
						"initially-visible": true,
						"origin": "center",
						"read-aloud": false
					},
					"uid": 29,
					"sid": 472211038049907,
					"tags": "",
					"instanceVariables": {
						"item": "4"
					},
					"behaviors": {},
					"instanceFolderItem": {
						"sid": 472211038049907,
						"expanded": true
					},
					"world": {
						"x": 964,
						"y": 831,
						"width": 1360,
						"height": 388,
						"originX": 0.5,
						"originY": 0.5,
						"color": [
							1,
							1,
							1,
							1
						],
						"angle": 0,
						"zElevation": 0
					}
				},
				{
					"type": "Sprite",
					"properties": {
						"initially-visible": true,
						"initial-animation": "Animation 1",
						"initial-frame": 25,
						"enable-collisions": true,
						"live-preview": false
					},
					"uid": 38,
					"sid": 609009177621966,
					"tags": "",
					"instanceVariables": {
						"item": "tick"
					},
					"behaviors": {},
					"instanceFolderItem": {
						"sid": 609009177621966,
						"expanded": true
					},
					"world": {
						"x": 1583,
						"y": 526,
						"width": 86.34065534312488,
						"height": 87.47671659763968,
						"originX": 0.5,
						"originY": 0.5,
						"color": [
							1,
							1,
							1,
							1
						],
						"angle": 0,
						"zElevation": 0
					}
				}
			],
			"sid": 514605522707286,
			"effectTypes": [],
			"isInitiallyVisible": true,
			"isInitiallyInteractive": true,
			"isHTMLElementsLayer": false,
			"color": [
				1,
				1,
				1,
				1
			],
			"backgroundColor": [
				0.3686274509803922,
				0.3686274509803922,
				0.3686274509803922,
				1
			],
			"isTransparent": false,
			"parallaxX": 1,
			"parallaxY": 1,
			"scaleRate": 1,
			"forceOwnTexture": false,
			"renderingMode": "3d",
			"drawOrder": "z-order",
			"useRenderCells": false,
			"blendMode": "normal",
			"zElevation": 0,
			"global": false
		}
	],
	"scene-graphs-folder-root": {
		"items": [],
		"subfolders": []
	},
	"sid": 273166033545502,
	"nonworld-instances": [],
	"effectTypes": [],
	"width": 3840,
	"height": 2160,
	"unboundedScrolling": false,
	"vpX": 0.5,
	"vpY": 0.5,
	"projection": "perspective",
	"eventSheet": "Event sheet 2"
}