{
	"name": "Layout 1",
	"layers": [
		{
			"name": "Layer 0",
			"overriden": 0,
			"subLayers": [],
			"instances": [
				{
					"type": "Sprite",
					"properties": {
						"initially-visible": true,
						"initial-animation": "Animation 1",
						"initial-frame": 22,
						"enable-collisions": true,
						"live-preview": false
					},
					"uid": 2,
					"sid": 660038807024349,
					"tags": "",
					"instanceVariables": {
						"item": ""
					},
					"behaviors": {},
					"instanceFolderItem": {
						"sid": 660038807024349,
						"expanded": true
					},
					"world": {
						"x": 965,
						"y": 528,
						"width": 1934.4740436470295,
						"height": 1101.8624264946072,
						"originX": 0.5,
						"originY": 0.5,
						"color": [
							1,
							1,
							1,
							1
						],
						"angle": 0,
						"zElevation": 0
					}
				},
				{
					"type": "Sprite2",
					"properties": {
						"initially-visible": true,
						"initial-animation": "Animation 1",
						"initial-frame": 0,
						"enable-collisions": true,
						"live-preview": false
					},
					"uid": 8,
					"sid": 905261898199074,
					"tags": "",
					"instanceVariables": {},
					"behaviors": {},
					"instanceFolderItem": {
						"sid": 905261898199074,
						"expanded": true
					},
					"world": {
						"x": 1522,
						"y": 1223,
						"width": 125,
						"height": 116,
						"originX": 0.5,
						"originY": 0.5,
						"color": [
							1,
							1,
							1,
							1
						],
						"angle": 0,
						"zElevation": 0
					}
				},
				{
					"type": "Sprite",
					"properties": {
						"initially-visible": true,
						"initial-animation": "Animation 1",
						"initial-frame": 13,
						"enable-collisions": true,
						"live-preview": false
					},
					"uid": 11,
					"sid": 667064343505073,
					"tags": "",
					"instanceVariables": {
						"item": ""
					},
					"behaviors": {},
					"instanceFolderItem": {
						"sid": 667064343505073,
						"expanded": true
					},
					"world": {
						"x": 1724.5,
						"y": 1002,
						"width": 393.6473220338984,
						"height": 174.36458260383688,
						"originX": 0.5,
						"originY": 0.5,
						"color": [
							1,
							1,
							1,
							1
						],
						"angle": 0,
						"zElevation": 0
					}
				},
				{
					"type": "Sprite",
					"properties": {
						"initially-visible": true,
						"initial-animation": "Animation 1",
						"initial-frame": 21,
						"enable-collisions": true,
						"live-preview": false
					},
					"uid": 10,
					"sid": 538777741405814,
					"tags": "",
					"instanceVariables": {
						"item": "r"
					},
					"behaviors": {},
					"instanceFolderItem": {
						"sid": 538777741405814,
						"expanded": true
					},
					"world": {
						"x": 1642,
						"y": 993,
						"width": 125.64732203389839,
						"height": 121.36458260383688,
						"originX": 0.5,
						"originY": 0.5,
						"color": [
							1,
							1,
							1,
							1
						],
						"angle": 0,
						"zElevation": 0
					}
				},
				{
					"type": "Sprite",
					"properties": {
						"initially-visible": true,
						"initial-animation": "Animation 1",
						"initial-frame": 11,
						"enable-collisions": true,
						"live-preview": false
					},
					"uid": 9,
					"sid": 567799944236342,
					"tags": "",
					"instanceVariables": {
						"item": "i"
					},
					"behaviors": {},
					"instanceFolderItem": {
						"sid": 567799944236342,
						"expanded": true
					},
					"world": {
						"x": 1827,
						"y": 992,
						"width": 128.0560000000001,
						"height": 125.62298901098906,
						"originX": 0.5,
						"originY": 0.5,
						"color": [
							1,
							1,
							1,
							1
						],
						"angle": 0,
						"zElevation": 0
					}
				},
				{
					"type": "Sprite",
					"properties": {
						"initially-visible": true,
						"initial-animation": "Animation 1",
						"initial-frame": 13,
						"enable-collisions": true,
						"live-preview": false
					},
					"uid": 39,
					"sid": 634679999931520,
					"tags": "",
					"instanceVariables": {
						"item": ""
					},
					"behaviors": {},
					"instanceFolderItem": {
						"sid": 634679999931520,
						"expanded": true
					},
					"world": {
						"x": 552,
						"y": 522.5,
						"width": 798.9652569814119,
						"height": 808.0039804473972,
						"originX": 0.5,
						"originY": 0.5,
						"color": [
							1,
							1,
							1,
							1
						],
						"angle": 0,
						"zElevation": 0
					}
				},
				{
					"type": "Sprite",
					"properties": {
						"initially-visible": true,
						"initial-animation": "Animation 1",
						"initial-frame": 13,
						"enable-collisions": true,
						"live-preview": false
					},
					"uid": 40,
					"sid": 872257248796785,
					"tags": "",
					"instanceVariables": {
						"item": ""
					},
					"behaviors": {},
					"instanceFolderItem": {
						"sid": 872257248796785,
						"expanded": true
					},
					"world": {
						"x": 1362.5,
						"y": 524.5,
						"width": 808.9652569814119,
						"height": 816.0039804473972,
						"originX": 0.5,
						"originY": 0.5,
						"color": [
							1,
							1,
							1,
							1
						],
						"angle": 0,
						"zElevation": 0
					}
				},
				{
					"type": "Text",
					"properties": {
						"text": "0",
						"enable-bbcode": false,
						"font": "monospace",
						"size": 450,
						"line-height": 0,
						"bold": true,
						"italic": false,
						"color": [
							1,
							1,
							1,
							1
						],
						"horizontal-alignment": "center",
						"vertical-alignment": "center",
						"wrapping": "word",
						"text-direction": "ltr",
						"icon-set": -1,
						"initially-visible": true,
						"origin": "center",
						"read-aloud": true
					},
					"uid": 3,
					"sid": 565497179277377,
					"tags": "",
					"instanceVariables": {
						"item": "1"
					},
					"behaviors": {},
					"instanceFolderItem": {
						"sid": 565497179277377,
						"expanded": true
					},
					"world": {
						"x": 532.5,
						"y": 524,
						"width": 848.991021,
						"height": 809,
						"originX": 0.5,
						"originY": 0.5,
						"color": [
							1,
							1,
							1,
							1
						],
						"angle": 0,
						"zElevation": 0
					}
				},
				{
					"type": "Text",
					"properties": {
						"text": "0",
						"enable-bbcode": false,
						"font": "monospace",
						"size": 450,
						"line-height": 0,
						"bold": true,
						"italic": false,
						"color": [
							1,
							1,
							1,
							1
						],
						"horizontal-alignment": "center",
						"vertical-alignment": "center",
						"wrapping": "word",
						"text-direction": "ltr",
						"icon-set": -1,
						"initially-visible": true,
						"origin": "center",
						"read-aloud": true
					},
					"uid": 4,
					"sid": 798136484577362,
					"tags": "",
					"instanceVariables": {
						"item": "2"
					},
					"behaviors": {},
					"instanceFolderItem": {
						"sid": 798136484577362,
						"expanded": true
					},
					"world": {
						"x": 1354.9838910061476,
						"y": 526.5152687870318,
						"width": 824.1470602035042,
						"height": 813.9086716219261,
						"originX": 0.5,
						"originY": 0.5,
						"color": [
							1,
							1,
							1,
							1
						],
						"angle": 6.2813923791320745,
						"zElevation": 0
					}
				},
				{
					"type": "Sprite",
					"properties": {
						"initially-visible": true,
						"initial-animation": "Animation 1",
						"initial-frame": 6,
						"enable-collisions": true,
						"live-preview": false
					},
					"uid": 41,
					"sid": 346836729959048,
					"tags": "",
					"instanceVariables": {
						"item": "scoreshuttle"
					},
					"behaviors": {},
					"instanceFolderItem": {
						"sid": 346836729959048,
						"expanded": true
					},
					"world": {
						"x": -90,
						"y": 191,
						"width": 94.90642390798502,
						"height": 111.53121337206295,
						"originX": 0.5,
						"originY": 0.5,
						"color": [
							1,
							1,
							1,
							1
						],
						"angle": 0,
						"zElevation": 0
					}
				},
				{
					"type": "Sprite",
					"properties": {
						"initially-visible": true,
						"initial-animation": "Animation 1",
						"initial-frame": 31,
						"enable-collisions": true,
						"live-preview": false
					},
					"uid": 43,
					"sid": 341271840475328,
					"tags": "",
					"instanceVariables": {
						"item": ""
					},
					"behaviors": {},
					"instanceFolderItem": {
						"sid": 341271840475328,
						"expanded": true
					},
					"world": {
						"x": 789,
						"y": 966,
						"width": 217.64732203389838,
						"height": 174.36458260383688,
						"originX": 0.5,
						"originY": 0.5,
						"color": [
							1,
							1,
							1,
							1
						],
						"angle": 0,
						"zElevation": 0
					}
				},
				{
					"type": "Sprite",
					"properties": {
						"initially-visible": true,
						"initial-animation": "Animation 1",
						"initial-frame": 30,
						"enable-collisions": true,
						"live-preview": false
					},
					"uid": 42,
					"sid": 184401537748779,
					"tags": "",
					"instanceVariables": {
						"item": "minus1"
					},
					"behaviors": {},
					"instanceFolderItem": {
						"sid": 184401537748779,
						"expanded": true
					},
					"world": {
						"x": 791,
						"y": 959,
						"width": 175.28635021276642,
						"height": 168.82938027092106,
						"originX": 0.5,
						"originY": 0.5,
						"color": [
							1,
							1,
							1,
							1
						],
						"angle": 0.004169900251115299,
						"zElevation": 0
					}
				},
				{
					"type": "Sprite",
					"properties": {
						"initially-visible": true,
						"initial-animation": "Animation 1",
						"initial-frame": 31,
						"enable-collisions": true,
						"live-preview": false
					},
					"uid": 44,
					"sid": 820153223885937,
					"tags": "",
					"instanceVariables": {
						"item": ""
					},
					"behaviors": {},
					"instanceFolderItem": {
						"sid": 820153223885937,
						"expanded": true
					},
					"world": {
						"x": 1121,
						"y": 962,
						"width": 217.64732203389838,
						"height": 174.36458260383688,
						"originX": 0.5,
						"originY": 0.5,
						"color": [
							1,
							1,
							1,
							1
						],
						"angle": 0,
						"zElevation": 0
					}
				},
				{
					"type": "Sprite",
					"properties": {
						"initially-visible": true,
						"initial-animation": "Animation 1",
						"initial-frame": 30,
						"enable-collisions": true,
						"live-preview": false
					},
					"uid": 45,
					"sid": 957093633534842,
					"tags": "",
					"instanceVariables": {
						"item": "minus2"
					},
					"behaviors": {},
					"instanceFolderItem": {
						"sid": 957093633534842,
						"expanded": true
					},
					"world": {
						"x": 1123,
						"y": 955,
						"width": 174.78706766477416,
						"height": 168.82938027092106,
						"originX": 0.5,
						"originY": 0.5,
						"color": [
							1,
							1,
							1,
							1
						],
						"angle": 0.004169900251115299,
						"zElevation": 0
					}
				},
				{
					"type": "Sprite",
					"properties": {
						"initially-visible": true,
						"initial-animation": "Animation 1",
						"initial-frame": 31,
						"enable-collisions": true,
						"live-preview": false
					},
					"uid": 47,
					"sid": 740713525898689,
					"tags": "",
					"instanceVariables": {
						"item": ""
					},
					"behaviors": {},
					"instanceFolderItem": {
						"sid": 740713525898689,
						"expanded": true
					},
					"world": {
						"x": 1821,
						"y": 110,
						"width": 217.64732203389838,
						"height": 230.36458260383688,
						"originX": 0.5,
						"originY": 0.5,
						"color": [
							1,
							1,
							1,
							1
						],
						"angle": 0,
						"zElevation": 0
					}
				},
				{
					"type": "Sprite",
					"properties": {
						"initially-visible": true,
						"initial-animation": "Animation 1",
						"initial-frame": 14,
						"enable-collisions": true,
						"live-preview": false
					},
					"uid": 46,
					"sid": 809116775416149,
					"tags": "",
					"instanceVariables": {
						"item": "mouseortap"
					},
					"behaviors": {},
					"instanceFolderItem": {
						"sid": 809116775416149,
						"expanded": true
					},
					"world": {
						"x": 1823,
						"y": 103,
						"width": 152.9784485241189,
						"height": 197.57174964117024,
						"originX": 0.5,
						"originY": 0.5,
						"color": [
							1,
							1,
							1,
							1
						],
						"angle": 0,
						"zElevation": 0
					}
				},
				{
					"type": "areamousecantclick",
					"properties": {
						"initially-visible": false,
						"initial-animation": "Animation 1",
						"initial-frame": 0,
						"enable-collisions": true,
						"live-preview": false
					},
					"uid": 48,
					"sid": 405048238091857,
					"tags": "",
					"instanceVariables": {},
					"behaviors": {},
					"instanceFolderItem": {
						"sid": 405048238091857,
						"expanded": true
					},
					"world": {
						"x": 788,
						"y": 963,
						"width": 204,
						"height": 180,
						"originX": 0.5,
						"originY": 0.5,
						"color": [
							1,
							1,
							1,
							1
						],
						"angle": 0,
						"zElevation": 0
					}
				},
				{
					"type": "areamousecantclick",
					"properties": {
						"initially-visible": false,
						"initial-animation": "Animation 1",
						"initial-frame": 0,
						"enable-collisions": true,
						"live-preview": false
					},
					"uid": 49,
					"sid": 339317087189410,
					"tags": "",
					"instanceVariables": {},
					"behaviors": {},
					"instanceFolderItem": {
						"sid": 339317087189410,
						"expanded": true
					},
					"world": {
						"x": 1122,
						"y": 959,
						"width": 204,
						"height": 180,
						"originX": 0.5,
						"originY": 0.5,
						"color": [
							1,
							1,
							1,
							1
						],
						"angle": 0,
						"zElevation": 0
					}
				}
			],
			"sid": 955640862128319,
			"effectTypes": [],
			"isInitiallyVisible": true,
			"isInitiallyInteractive": true,
			"isHTMLElementsLayer": false,
			"color": [
				1,
				1,
				1,
				1
			],
			"backgroundColor": [
				0.3686274509803922,
				0.3686274509803922,
				0.3686274509803922,
				1
			],
			"isTransparent": false,
			"parallaxX": 1,
			"parallaxY": 1,
			"scaleRate": 1,
			"forceOwnTexture": false,
			"renderingMode": "3d",
			"drawOrder": "z-order",
			"useRenderCells": false,
			"blendMode": "normal",
			"zElevation": 0,
			"global": false
		}
	],
	"scene-graphs-folder-root": {
		"items": [],
		"subfolders": []
	},
	"sid": 690200655919251,
	"nonworld-instances": [
		{
			"type": "Array",
			"properties": {
				"width": 10,
				"height": 1,
				"depth": 1
			},
			"uid": 7,
			"sid": 474124357408875,
			"tags": "",
			"instanceVariables": {}
		}
	],
	"effectTypes": [],
	"width": 3840,
	"height": 2160,
	"unboundedScrolling": false,
	"vpX": 0.5,
	"vpY": 0.5,
	"projection": "perspective",
	"eventSheet": "Event sheet 1"
}