{
	"name": "Layout 2",
	"layers": [
		{
			"name": "Layer 0",
			"overriden": 0,
			"subLayers": [],
			"instances": [
				{
					"type": "Sprite",
					"properties": {
						"initially-visible": true,
						"initial-animation": "Animation 1",
						"initial-frame": 3,
						"enable-collisions": true,
						"live-preview": false
					},
					"uid": 12,
					"sid": 182078595140917,
					"tags": "",
					"instanceVariables": {
						"item": ""
					},
					"behaviors": {},
					"instanceFolderItem": {
						"sid": 182078595140917,
						"expanded": true
					},
					"world": {
						"x": 963,
						"y": 539.5,
						"width": 1933.056,
						"height": 1092.881824175824,
						"originX": 0.5,
						"originY": 0.5,
						"color": [
							1,
							1,
							1,
							1
						],
						"angle": 0,
						"zElevation": 0
					}
				},
				{
					"type": "Sprite",
					"properties": {
						"initially-visible": true,
						"initial-animation": "Animation 1",
						"initial-frame": 29,
						"enable-collisions": true,
						"live-preview": false
					},
					"uid": 32,
					"sid": 970278251275634,
					"tags": "",
					"instanceVariables": {
						"item": ""
					},
					"behaviors": {},
					"instanceFolderItem": {
						"sid": 970278251275634,
						"expanded": true
					},
					"world": {
						"x": 934,
						"y": 585,
						"width": 1523.7687541571966,
						"height": 762.3399704893702,
						"originX": 0.5,
						"originY": 0.5,
						"color": [
							1,
							1,
							1,
							1
						],
						"angle": 0,
						"zElevation": 0
					}
				},
				{
					"type": "Text",
					"properties": {
						"text": "nformation",
						"enable-bbcode": true,
						"font": "monospace",
						"size": 50,
						"line-height": 0,
						"bold": true,
						"italic": false,
						"color": [
							1,
							1,
							1,
							1
						],
						"horizontal-alignment": "center",
						"vertical-alignment": "center",
						"wrapping": "word",
						"text-direction": "ltr",
						"icon-set": -1,
						"initially-visible": true,
						"origin": "center",
						"read-aloud": false
					},
					"uid": 13,
					"sid": 185435057934404,
					"tags": "",
					"instanceVariables": {
						"item": "1"
					},
					"behaviors": {},
					"instanceFolderItem": {
						"sid": 185435057934404,
						"expanded": true
					},
					"world": {
						"x": 339,
						"y": 106,
						"width": 803.534488935305,
						"height": 188.40633660504528,
						"originX": 0.5,
						"originY": 0.5,
						"color": [
							1,
							1,
							1,
							1
						],
						"angle": 0,
						"zElevation": 0
					}
				},
				{
					"type": "Text",
					"properties": {
						"text": "Left click for left's score\nRight click for right's score\n\nMouse wheel up to minus one score left\nMouee wheel down to minus one score right",
						"enable-bbcode": true,
						"font": "monospace",
						"size": 40,
						"line-height": 30,
						"bold": true,
						"italic": false,
						"color": [
							1,
							1,
							1,
							1
						],
						"horizontal-alignment": "left",
						"vertical-alignment": "top",
						"wrapping": "word",
						"text-direction": "ltr",
						"icon-set": -1,
						"initially-visible": true,
						"origin": "center",
						"read-aloud": false
					},
					"uid": 14,
					"sid": 970171849552357,
					"tags": "",
					"instanceVariables": {
						"item": "2"
					},
					"behaviors": {},
					"instanceFolderItem": {
						"sid": 970171849552357,
						"expanded": true
					},
					"world": {
						"x": 1050,
						"y": 511,
						"width": 1562,
						"height": 532,
						"originX": 0.5,
						"originY": 0.5,
						"color": [
							1,
							1,
							1,
							1
						],
						"angle": 0,
						"zElevation": 0
					}
				},
				{
					"type": "Sprite2",
					"properties": {
						"initially-visible": true,
						"initial-animation": "Animation 1",
						"initial-frame": 0,
						"enable-collisions": true,
						"live-preview": false
					},
					"uid": 15,
					"sid": 622880947948561,
					"tags": "",
					"instanceVariables": {},
					"behaviors": {},
					"instanceFolderItem": {
						"sid": 622880947948561,
						"expanded": true
					},
					"world": {
						"x": 1522,
						"y": 1223,
						"width": 125,
						"height": 116,
						"originX": 0.5,
						"originY": 0.5,
						"color": [
							1,
							1,
							1,
							1
						],
						"angle": 0,
						"zElevation": 0
					}
				},
				{
					"type": "Sprite",
					"properties": {
						"initially-visible": true,
						"initial-animation": "Animation 1",
						"initial-frame": 12,
						"enable-collisions": true,
						"live-preview": false
					},
					"uid": 17,
					"sid": 909813227274822,
					"tags": "",
					"instanceVariables": {
						"item": "r"
					},
					"behaviors": {},
					"instanceFolderItem": {
						"sid": 909813227274822,
						"expanded": true
					},
					"world": {
						"x": 1634,
						"y": 1180,
						"width": 125.64732203389839,
						"height": 121.36458260383688,
						"originX": 0.5,
						"originY": 0.5,
						"color": [
							1,
							1,
							1,
							1
						],
						"angle": 0,
						"zElevation": 0
					}
				},
				{
					"type": "Sprite",
					"properties": {
						"initially-visible": true,
						"initial-animation": "Animation 1",
						"initial-frame": 11,
						"enable-collisions": true,
						"live-preview": false
					},
					"uid": 18,
					"sid": 222119673986797,
					"tags": "",
					"instanceVariables": {
						"item": "i"
					},
					"behaviors": {},
					"instanceFolderItem": {
						"sid": 222119673986797,
						"expanded": true
					},
					"world": {
						"x": 97,
						"y": 91,
						"width": 91.23232229684693,
						"height": 88.96093639974197,
						"originX": 0.5,
						"originY": 0.5,
						"color": [
							1,
							1,
							1,
							1
						],
						"angle": 0,
						"zElevation": 0
					}
				},
				{
					"type": "Sprite",
					"properties": {
						"initially-visible": true,
						"initial-animation": "Animation 1",
						"initial-frame": 27,
						"enable-collisions": true,
						"live-preview": false
					},
					"uid": 19,
					"sid": 357734586756889,
					"tags": "",
					"instanceVariables": {
						"item": ""
					},
					"behaviors": {},
					"instanceFolderItem": {
						"sid": 357734586756889,
						"expanded": true
					},
					"world": {
						"x": 952,
						"y": 797,
						"width": 128,
						"height": 155,
						"originX": 0.5,
						"originY": 0.5,
						"color": [
							1,
							1,
							1,
							1
						],
						"angle": 0,
						"zElevation": 0
					}
				},
				{
					"type": "Sprite",
					"properties": {
						"initially-visible": true,
						"initial-animation": "Animation 1",
						"initial-frame": 28,
						"enable-collisions": true,
						"live-preview": false
					},
					"uid": 20,
					"sid": 982533613623697,
					"tags": "",
					"instanceVariables": {
						"item": ""
					},
					"behaviors": {},
					"instanceFolderItem": {
						"sid": 982533613623697,
						"expanded": true
					},
					"world": {
						"x": 1282,
						"y": 797,
						"width": 159,
						"height": 155,
						"originX": 0.5,
						"originY": 0.5,
						"color": [
							1,
							1,
							1,
							1
						],
						"angle": 0,
						"zElevation": 0
					}
				},
				{
					"type": "Sprite",
					"properties": {
						"initially-visible": true,
						"initial-animation": "Animation 1",
						"initial-frame": 26,
						"enable-collisions": true,
						"live-preview": false
					},
					"uid": 33,
					"sid": 878130814426090,
					"tags": "",
					"instanceVariables": {
						"item": ""
					},
					"behaviors": {},
					"instanceFolderItem": {
						"sid": 878130814426090,
						"expanded": true
					},
					"world": {
						"x": 635,
						"y": 799,
						"width": 128,
						"height": 171,
						"originX": 0.5,
						"originY": 0.5,
						"color": [
							1,
							1,
							1,
							1
						],
						"angle": 0,
						"zElevation": 0
					}
				},
				{
					"type": "Sprite",
					"properties": {
						"initially-visible": true,
						"initial-animation": "Animation 1",
						"initial-frame": 13,
						"enable-collisions": true,
						"live-preview": false
					},
					"uid": 16,
					"sid": 681435304083795,
					"tags": "",
					"instanceVariables": {
						"item": ""
					},
					"behaviors": {},
					"instanceFolderItem": {
						"sid": 681435304083795,
						"expanded": true
					},
					"world": {
						"x": 1820,
						"y": 994,
						"width": 197.64732203389838,
						"height": 174.36458260383688,
						"originX": 0.5,
						"originY": 0.5,
						"color": [
							1,
							1,
							1,
							1
						],
						"angle": 0,
						"zElevation": 0
					}
				},
				{
					"type": "Sprite",
					"properties": {
						"initially-visible": true,
						"initial-animation": "Animation 1",
						"initial-frame": 11,
						"enable-collisions": true,
						"live-preview": false
					},
					"uid": 21,
					"sid": 439866609523438,
					"tags": "",
					"instanceVariables": {
						"item": "i0"
					},
					"behaviors": {},
					"instanceFolderItem": {
						"sid": 439866609523438,
						"expanded": true
					},
					"world": {
						"x": 1826,
						"y": 992,
						"width": 130.0560000000001,
						"height": 125.62298901098906,
						"originX": 0.5,
						"originY": 0.5,
						"color": [
							1,
							1,
							1,
							1
						],
						"angle": 0,
						"zElevation": 0
					}
				},
				{
					"type": "Sprite",
					"properties": {
						"initially-visible": true,
						"initial-animation": "Animation 1",
						"initial-frame": 29,
						"enable-collisions": true,
						"live-preview": false
					},
					"uid": 34,
					"sid": 910754017870814,
					"tags": "",
					"instanceVariables": {
						"item": ""
					},
					"behaviors": {},
					"instanceFolderItem": {
						"sid": 910754017870814,
						"expanded": true
					},
					"world": {
						"x": 1768,
						"y": -236,
						"width": 932,
						"height": 236,
						"originX": 0.5,
						"originY": 0.5,
						"color": [
							1,
							1,
							1,
							1
						],
						"angle": 0,
						"zElevation": 0
					}
				},
				{
					"type": "Sprite",
					"properties": {
						"initially-visible": true,
						"initial-animation": "Animation 1",
						"initial-frame": 25,
						"enable-collisions": true,
						"live-preview": false
					},
					"uid": 37,
					"sid": 413275865052442,
					"tags": "",
					"instanceVariables": {
						"item": ""
					},
					"behaviors": {},
					"instanceFolderItem": {
						"sid": 413275865052442,
						"expanded": true
					},
					"world": {
						"x": 1619,
						"y": 891,
						"width": 86.34065534312488,
						"height": 87.47671659763968,
						"originX": 0.5,
						"originY": 0.5,
						"color": [
							1,
							1,
							1,
							1
						],
						"angle": 0,
						"zElevation": 0
					}
				}
			],
			"sid": 895819270565538,
			"effectTypes": [],
			"isInitiallyVisible": true,
			"isInitiallyInteractive": true,
			"isHTMLElementsLayer": false,
			"color": [
				1,
				1,
				1,
				1
			],
			"backgroundColor": [
				0.3686274509803922,
				0.3686274509803922,
				0.3686274509803922,
				1
			],
			"isTransparent": false,
			"parallaxX": 1,
			"parallaxY": 1,
			"scaleRate": 1,
			"forceOwnTexture": false,
			"renderingMode": "3d",
			"drawOrder": "z-order",
			"useRenderCells": false,
			"blendMode": "normal",
			"zElevation": 0,
			"global": false
		}
	],
	"scene-graphs-folder-root": {
		"items": [],
		"subfolders": []
	},
	"sid": 101908409889635,
	"nonworld-instances": [],
	"effectTypes": [],
	"width": 3840,
	"height": 2160,
	"unboundedScrolling": false,
	"vpX": 0.5,
	"vpY": 0.5,
	"projection": "perspective",
	"eventSheet": "Event sheet 2"
}