{
	"name": "Sprite",
	"plugin-id": "Sprite",
	"sid": 698972393267398,
	"isGlobal": false,
	"instanceVariables": [
		{
			"name": "item",
			"type": "string",
			"desc": "",
			"show": true,
			"sid": 314553297155788
		}
	],
	"behaviorTypes": [],
	"effectTypes": [],
	"animations": {
		"items": [
			{
				"frames": [
					{
						"width": 250,
						"height": 250,
						"originX": 0.5,
						"originY": 0.5,
						"originalSource": "",
						"exportFormat": "lossless",
						"exportQuality": 0.8,
						"fileType": "image/png",
						"imageSpriteId": 5391002,
						"useCollisionPoly": true,
						"duration": 1,
						"tag": ""
					},
					{
						"width": 250,
						"height": 250,
						"originX": 0.5,
						"originY": 0.5,
						"originalSource": "",
						"exportFormat": "lossless",
						"exportQuality": 0.8,
						"fileType": "image/png",
						"imageSpriteId": 7390878,
						"useCollisionPoly": true,
						"duration": 1,
						"tag": ""
					},
					{
						"width": 250,
						"height": 250,
						"originX": 0.5,
						"originY": 0.5,
						"originalSource": "",
						"exportFormat": "lossless",
						"exportQuality": 0.8,
						"fileType": "image/png",
						"imageSpriteId": 5825722,
						"useCollisionPoly": true,
						"duration": 1,
						"tag": ""
					},
					{
						"width": 243,
						"height": 159,
						"originX": 0.5,
						"originY": 0.5,
						"originalSource": "",
						"exportFormat": "lossless",
						"exportQuality": 0.8,
						"fileType": "image/png",
						"imageSpriteId": 2233125,
						"useCollisionPoly": true,
						"duration": 1,
						"tag": ""
					},
					{
						"width": 650,
						"height": 364,
						"originX": 0.5,
						"originY": 0.5,
						"originalSource": "",
						"exportFormat": "lossless",
						"exportQuality": 0.8,
						"fileType": "image/png",
						"imageSpriteId": 2103865,
						"useCollisionPoly": true,
						"duration": 1,
						"tag": ""
					},
					{
						"width": 650,
						"height": 364,
						"originX": 0.5,
						"originY": 0.5,
						"originalSource": "",
						"exportFormat": "lossless",
						"exportQuality": 0.8,
						"fileType": "image/png",
						"imageSpriteId": 1493645,
						"useCollisionPoly": true,
						"duration": 1,
						"tag": ""
					},
					{
						"width": 128,
						"height": 143,
						"originX": 0.5,
						"originY": 0.5,
						"originalSource": "",
						"exportFormat": "lossless",
						"exportQuality": 0.8,
						"fileType": "image/png",
						"imageSpriteId": 7482349,
						"useCollisionPoly": true,
						"duration": 1,
						"tag": ""
					},
					{
						"width": 481,
						"height": 298,
						"originX": 0.5,
						"originY": 0.5,
						"originalSource": "",
						"exportFormat": "lossless",
						"exportQuality": 0.8,
						"fileType": "image/png",
						"imageSpriteId": 5637630,
						"useCollisionPoly": true,
						"duration": 1,
						"tag": ""
					},
					{
						"width": 594,
						"height": 379,
						"originX": 0.5,
						"originY": 0.5,
						"originalSource": "",
						"exportFormat": "lossless",
						"exportQuality": 0.8,
						"fileType": "image/png",
						"imageSpriteId": 1437723,
						"useCollisionPoly": true,
						"duration": 1,
						"tag": ""
					},
					{
						"width": 117,
						"height": 117,
						"originX": 0.5,
						"originY": 0.5,
						"originalSource": "",
						"exportFormat": "lossless",
						"exportQuality": 0.8,
						"fileType": "image/png",
						"imageSpriteId": 1363952,
						"useCollisionPoly": true,
						"duration": 1,
						"tag": ""
					},
					{
						"width": 114,
						"height": 113,
						"originX": 0.5,
						"originY": 0.5,
						"originalSource": "",
						"exportFormat": "lossless",
						"exportQuality": 0.8,
						"fileType": "image/png",
						"imageSpriteId": 4339502,
						"useCollisionPoly": true,
						"duration": 1,
						"tag": ""
					},
					{
						"width": 118,
						"height": 118,
						"originX": 0.5,
						"originY": 0.5,
						"originalSource": "",
						"exportFormat": "lossless",
						"exportQuality": 0.8,
						"fileType": "image/png",
						"imageSpriteId": 3781584,
						"useCollisionPoly": true,
						"duration": 1,
						"tag": ""
					},
					{
						"width": 114,
						"height": 114,
						"originX": 0.5,
						"originY": 0.5,
						"originalSource": "",
						"exportFormat": "lossless",
						"exportQuality": 0.8,
						"fileType": "image/png",
						"imageSpriteId": 9052379,
						"useCollisionPoly": true,
						"duration": 1,
						"tag": ""
					},
					{
						"width": 114,
						"height": 114,
						"originX": 0.5,
						"originY": 0.5,
						"originalSource": "",
						"exportFormat": "lossless",
						"exportQuality": 0.8,
						"fileType": "image/png",
						"imageSpriteId": 3843484,
						"useCollisionPoly": true,
						"duration": 1,
						"tag": ""
					},
					{
						"width": 218,
						"height": 287,
						"originX": 0.5,
						"originY": 0.5,
						"originalSource": "",
						"exportFormat": "lossless",
						"exportQuality": 0.8,
						"fileType": "image/png",
						"imageSpriteId": 184855,
						"useCollisionPoly": true,
						"duration": 1,
						"tag": ""
					},
					{
						"width": 218,
						"height": 287,
						"originX": 0.5,
						"originY": 0.5,
						"originalSource": "",
						"exportFormat": "lossless",
						"exportQuality": 0.8,
						"fileType": "image/png",
						"imageSpriteId": 6192119,
						"useCollisionPoly": true,
						"duration": 1,
						"tag": ""
					},
					{
						"width": 190,
						"height": 203,
						"originX": 0.5,
						"originY": 0.5,
						"originalSource": "",
						"exportFormat": "lossless",
						"exportQuality": 0.8,
						"fileType": "image/png",
						"imageSpriteId": 3330130,
						"useCollisionPoly": true,
						"duration": 1,
						"tag": ""
					},
					{
						"width": 650,
						"height": 364,
						"originX": 0.5,
						"originY": 0.5,
						"originalSource": "",
						"exportFormat": "lossless",
						"exportQuality": 0.8,
						"fileType": "image/png",
						"imageSpriteId": 3290509,
						"useCollisionPoly": true,
						"duration": 1,
						"tag": ""
					},
					{
						"width": 190,
						"height": 203,
						"originX": 0.5,
						"originY": 0.5,
						"originalSource": "",
						"exportFormat": "lossless",
						"exportQuality": 0.8,
						"fileType": "image/png",
						"imageSpriteId": 1734727,
						"useCollisionPoly": true,
						"duration": 1,
						"tag": ""
					},
					{
						"width": 1044,
						"height": 596,
						"originX": 0.5,
						"originY": 0.5,
						"originalSource": "",
						"exportFormat": "lossless",
						"exportQuality": 0.8,
						"fileType": "image/png",
						"imageSpriteId": 9593614,
						"useCollisionPoly": true,
						"duration": 1,
						"tag": ""
					},
					{
						"width": 114,
						"height": 114,
						"originX": 0.5,
						"originY": 0.5,
						"originalSource": "",
						"exportFormat": "lossless",
						"exportQuality": 0.8,
						"fileType": "image/png",
						"imageSpriteId": 7244637,
						"useCollisionPoly": true,
						"duration": 1,
						"tag": ""
					},
					{
						"width": 114,
						"height": 114,
						"originX": 0.5,
						"originY": 0.5,
						"originalSource": "",
						"exportFormat": "lossless",
						"exportQuality": 0.8,
						"fileType": "image/png",
						"imageSpriteId": 3778174,
						"useCollisionPoly": true,
						"duration": 1,
						"tag": ""
					},
					{
						"width": 1035,
						"height": 582,
						"originX": 0.5,
						"originY": 0.5,
						"originalSource": "",
						"exportFormat": "lossless",
						"exportQuality": 0.8,
						"fileType": "image/png",
						"imageSpriteId": 6823554,
						"useCollisionPoly": true,
						"duration": 1,
						"tag": ""
					},
					{
						"width": 847,
						"height": 326,
						"originX": 0.5,
						"originY": 0.5,
						"originalSource": "",
						"exportFormat": "lossless",
						"exportQuality": 0.8,
						"fileType": "image/png",
						"imageSpriteId": 4666411,
						"useCollisionPoly": true,
						"duration": 1,
						"tag": ""
					},
					{
						"width": 849,
						"height": 327,
						"originX": 0.5,
						"originY": 0.5,
						"originalSource": "",
						"exportFormat": "lossless",
						"exportQuality": 0.8,
						"fileType": "image/png",
						"imageSpriteId": 9331710,
						"useCollisionPoly": true,
						"duration": 1,
						"tag": ""
					},
					{
						"width": 152,
						"height": 154,
						"originX": 0.5,
						"originY": 0.5,
						"originalSource": "",
						"exportFormat": "lossless",
						"exportQuality": 0.8,
						"fileType": "image/png",
						"imageSpriteId": 1738151,
						"useCollisionPoly": true,
						"duration": 1,
						"tag": ""
					},
					{
						"width": 128,
						"height": 171,
						"originX": 0.5,
						"originY": 0.5,
						"originalSource": "",
						"exportFormat": "lossless",
						"exportQuality": 0.8,
						"fileType": "image/png",
						"imageSpriteId": 9891071,
						"useCollisionPoly": true,
						"duration": 1,
						"tag": ""
					},
					{
						"width": 128,
						"height": 155,
						"originX": 0.5,
						"originY": 0.5,
						"originalSource": "",
						"exportFormat": "lossless",
						"exportQuality": 0.8,
						"fileType": "image/png",
						"imageSpriteId": 8494134,
						"useCollisionPoly": true,
						"duration": 1,
						"tag": ""
					},
					{
						"width": 159,
						"height": 155,
						"originX": 0.5,
						"originY": 0.5,
						"originalSource": "",
						"exportFormat": "lossless",
						"exportQuality": 0.8,
						"fileType": "image/png",
						"imageSpriteId": 1977568,
						"useCollisionPoly": true,
						"duration": 1,
						"tag": ""
					},
					{
						"width": 932,
						"height": 236,
						"originX": 0.5,
						"originY": 0.5,
						"originalSource": "",
						"exportFormat": "lossless",
						"exportQuality": 0.8,
						"fileType": "image/png",
						"imageSpriteId": 112222,
						"useCollisionPoly": true,
						"duration": 1,
						"tag": ""
					},
					{
						"width": 387,
						"height": 387,
						"originX": 0.5,
						"originY": 0.5,
						"originalSource": "",
						"exportFormat": "lossless",
						"exportQuality": 0.8,
						"fileType": "image/png",
						"imageSpriteId": 363187,
						"useCollisionPoly": true,
						"duration": 1,
						"tag": ""
					},
					{
						"width": 114,
						"height": 114,
						"originX": 0.5,
						"originY": 0.5,
						"originalSource": "",
						"exportFormat": "lossless",
						"exportQuality": 0.8,
						"fileType": "image/png",
						"imageSpriteId": 8206220,
						"useCollisionPoly": true,
						"duration": 1,
						"tag": ""
					}
				],
				"sid": 836804303019838,
				"name": "Animation 1",
				"isLooping": false,
				"isPingPong": false,
				"repeatCount": 1,
				"repeatTo": 0,
				"speed": 0
			}
		],
		"subfolders": []
	}
}