{
	"name": "MainMenu",
	"events": [
		{
			"eventType": "comment",
			"text": "Get data"
		},
		{
			"eventType": "block",
			"conditions": [
				{
					"id": "on-completed",
					"objectClass": "AJAX",
					"sid": 455658885690500,
					"parameters": {
						"tag": "\"creategame\""
					}
				}
			],
			"actions": [
				{
					"id": "set-text",
					"objectClass": "Text",
					"sid": 304199740231173,
					"parameters": {
						"text": "Ajax.LastData"
					}
				},
				{
					"id": "parse",
					"objectClass": "JSON",
					"sid": 583173585857240,
					"parameters": {
						"data": "Ajax.LastData"
					}
				},
				{
					"id": "set-text",
					"objectClass": "Text2",
					"sid": 695715387542136,
					"parameters": {
						"text": "JSON.Get(\"data\")"
					}
				}
			],
			"sid": 938498996606190
		},
		{
			"eventType": "block",
			"conditions": [
				{
					"id": "on-completed",
					"objectClass": "AJAX",
					"sid": 713663998482269,
					"parameters": {
						"tag": "\"joingame\""
					}
				}
			],
			"actions": [
				{
					"id": "set-text",
					"objectClass": "Text",
					"sid": 455073789037673,
					"parameters": {
						"text": "Ajax.LastData"
					}
				},
				{
					"id": "parse",
					"objectClass": "JSON",
					"sid": 863021296507499,
					"parameters": {
						"data": "Ajax.LastData"
					}
				}
			],
			"sid": 722896087300278,
			"children": [
				{
					"eventType": "block",
					"conditions": [
						{
							"id": "compare-value",
							"objectClass": "JSON",
							"sid": 385589787032171,
							"parameters": {
								"path": "\"status\"",
								"cmp": 0,
								"value": "1"
							}
						}
					],
					"actions": [
						{
							"id": "set-text",
							"objectClass": "Text2",
							"sid": 298102908378226,
							"parameters": {
								"text": "\"Game Available!\""
							}
						}
					],
					"sid": 449988737452626
				},
				{
					"eventType": "block",
					"conditions": [
						{
							"id": "else",
							"objectClass": "System",
							"sid": 884106757963820
						}
					],
					"actions": [
						{
							"id": "set-text",
							"objectClass": "Text2",
							"sid": 931788972152982,
							"parameters": {
								"text": "\"Game Not Found\""
							}
						}
					],
					"sid": 739161386432186
				}
			]
		},
		{
			"eventType": "block",
			"conditions": [
				{
					"id": "on-tap-object",
					"objectClass": "Touch",
					"sid": 428592714109755,
					"parameters": {
						"object": "JoinGameBtn"
					}
				}
			],
			"actions": [
				{
					"id": "post-to-url",
					"objectClass": "AJAX",
					"sid": 908038457131253,
					"parameters": {
						"tag": "\"joingame\"",
						"url": "LINK & \"?req=joingame&roomsearch=\" & textinput.Text",
						"data": "\"\"",
						"method": "\"POST\""
					}
				},
				{
					"id": "set-text",
					"objectClass": "Text",
					"sid": 371474409102045,
					"parameters": {
						"text": "\"Loading...\""
					}
				}
			],
			"sid": 111074387458875
		},
		{
			"eventType": "block",
			"conditions": [
				{
					"id": "on-tap-object",
					"objectClass": "Touch",
					"sid": 896977415600033,
					"parameters": {
						"object": "CreateGameBtn"
					}
				}
			],
			"actions": [
				{
					"id": "post-to-url",
					"objectClass": "AJAX",
					"sid": 276720000132016,
					"parameters": {
						"tag": "\"creategame\"",
						"url": "LINK & \"?req=creategame\"",
						"data": "\"\"",
						"method": "\"POST\""
					}
				},
				{
					"id": "set-text",
					"objectClass": "Text",
					"sid": 799465911742726,
					"parameters": {
						"text": "\"Loading...\""
					}
				}
			],
			"sid": 801105803521905
		},
		{
			"eventType": "block",
			"conditions": [
				{
					"id": "on-tap-object",
					"objectClass": "Touch",
					"sid": 534551039975201,
					"parameters": {
						"object": "GetPosBtn"
					}
				}
			],
			"actions": [
				{
					"id": "post-to-url",
					"objectClass": "AJAX",
					"sid": 156025832794170,
					"parameters": {
						"tag": "\"GetPos\"",
						"url": "LINK & \"?req=player1locationget&myroom=2\"",
						"data": "\"\"",
						"method": "\"POST\""
					}
				},
				{
					"id": "set-text",
					"objectClass": "Text",
					"sid": 489270276067971,
					"parameters": {
						"text": "\"Loading...\""
					}
				}
			],
			"sid": 248269499672681
		},
		{
			"eventType": "block",
			"conditions": [
				{
					"id": "on-completed",
					"objectClass": "AJAX",
					"sid": 828302865842584,
					"parameters": {
						"tag": "\"GetPos\""
					}
				}
			],
			"actions": [
				{
					"id": "set-text",
					"objectClass": "Text",
					"sid": 632560893625620,
					"parameters": {
						"text": "Ajax.LastData"
					}
				},
				{
					"id": "parse",
					"objectClass": "JSON",
					"sid": 878486086045701,
					"parameters": {
						"data": "Ajax.LastData"
					}
				}
			],
			"sid": 471904683553701
		}
	],
	"sid": 997112284876243
}