{
	"name": "Event sheet 1",
	"events": [
		{
			"eventType": "variable",
			"name": "LimitXDown",
			"type": "number",
			"initialValue": "100",
			"comment": "",
			"isStatic": false,
			"isConstant": false,
			"sid": 793908142291202
		},
		{
			"eventType": "variable",
			"name": "LimitXUp",
			"type": "number",
			"initialValue": "600",
			"comment": "",
			"isStatic": false,
			"isConstant": false,
			"sid": 695597065558674
		},
		{
			"eventType": "variable",
			"name": "LimitYDown",
			"type": "number",
			"initialValue": "800",
			"comment": "",
			"isStatic": false,
			"isConstant": false,
			"sid": 788548067873809
		},
		{
			"eventType": "variable",
			"name": "LimitYUp",
			"type": "number",
			"initialValue": "100",
			"comment": "",
			"isStatic": false,
			"isConstant": false,
			"sid": 508187367709977
		},
		{
			"eventType": "variable",
			"name": "Gap",
			"type": "number",
			"initialValue": "100",
			"comment": "",
			"isStatic": false,
			"isConstant": false,
			"sid": 329387796109679
		},
		{
			"eventType": "variable",
			"name": "TembakMode",
			"type": "boolean",
			"initialValue": "false",
			"comment": "",
			"isStatic": false,
			"isConstant": false,
			"sid": 190020775295361
		},
		{
			"eventType": "variable",
			"name": "BolehLetak",
			"type": "boolean",
			"initialValue": "false",
			"comment": "",
			"isStatic": false,
			"isConstant": false,
			"sid": 856105647277516
		},
		{
			"eventType": "variable",
			"name": "LINK",
			"type": "string",
			"initialValue": "https://script.google.com/macros/s/AKfycbynu4Ky9KRPSAMYD_3TlY3wVu2Q-En1KZz9Tz2HI_mzTUlMTz85BFYAy5oCUCoWv57u/exec",
			"comment": "",
			"isStatic": false,
			"isConstant": true,
			"sid": 630661831920763
		},
		{
			"eventType": "block",
			"conditions": [
				{
					"id": "on-start-of-layout",
					"objectClass": "System",
					"sid": 843011507712769
				}
			],
			"actions": [
				{
					"id": "set-instvar-value",
					"objectClass": "Kapal1",
					"sid": 162092741429723,
					"parameters": {
						"instance-variable": "PerluTembak",
						"value": "Self.AnimationFrame+1"
					}
				}
			],
			"sid": 358210392544596,
			"children": [
				{
					"eventType": "variable",
					"name": "J",
					"type": "number",
					"initialValue": "0",
					"comment": "",
					"isStatic": false,
					"isConstant": false,
					"sid": 589984963678458
				},
				{
					"eventType": "variable",
					"name": "K",
					"type": "number",
					"initialValue": "0",
					"comment": "",
					"isStatic": false,
					"isConstant": false,
					"sid": 106877602276517
				},
				{
					"eventType": "comment",
					"text": "Generate Tiles"
				},
				{
					"eventType": "block",
					"conditions": [
						{
							"id": "for",
							"objectClass": "System",
							"sid": 149381043715256,
							"parameters": {
								"name": "\"\"",
								"start-index": "1",
								"end-index": "6"
							}
						}
					],
					"actions": [
						{
							"id": "create-object",
							"objectClass": "System",
							"sid": 482903864015959,
							"disabled": true,
							"parameters": {
								"object-to-create": "TileBiru",
								"layer": "0",
								"x": "Loopindex * 30",
								"y": "Loopindex*30",
								"create-hierarchy": false,
								"template-name": "\"\""
							}
						},
						{
							"id": "set-eventvar-value",
							"objectClass": "System",
							"sid": 960478892564223,
							"parameters": {
								"variable": "J",
								"value": "Loopindex"
							}
						}
					],
					"sid": 313825478888023,
					"children": [
						{
							"eventType": "block",
							"conditions": [
								{
									"id": "for",
									"objectClass": "System",
									"sid": 595757281658999,
									"parameters": {
										"name": "\"\"",
										"start-index": "1",
										"end-index": "8"
									}
								}
							],
							"actions": [
								{
									"id": "set-eventvar-value",
									"objectClass": "System",
									"sid": 424265082811746,
									"parameters": {
										"variable": "K",
										"value": "Loopindex"
									}
								},
								{
									"id": "create-object",
									"objectClass": "System",
									"sid": 291989187950552,
									"parameters": {
										"object-to-create": "TileBiru",
										"layer": "0",
										"x": "J * Gap",
										"y": "K * Gap",
										"create-hierarchy": false,
										"template-name": "\"\""
									}
								},
								{
									"id": "set-instvar-value",
									"objectClass": "TileBiru",
									"sid": 439726972342141,
									"parameters": {
										"instance-variable": "TileX",
										"value": "J"
									}
								},
								{
									"id": "set-instvar-value",
									"objectClass": "TileBiru",
									"sid": 380282940165045,
									"parameters": {
										"instance-variable": "TileY",
										"value": "K"
									}
								}
							],
							"sid": 820091799642476
						}
					]
				},
				{
					"eventType": "block",
					"conditions": [],
					"actions": [
						{
							"id": "move-to-top",
							"objectClass": "Kapal1",
							"sid": 339385018984216
						}
					],
					"sid": 755524137072419
				}
			]
		},
		{
			"eventType": "comment",
			"text": "Put item"
		},
		{
			"eventType": "variable",
			"name": "CanDrop",
			"type": "boolean",
			"initialValue": "true",
			"comment": "",
			"isStatic": false,
			"isConstant": false,
			"sid": 650248055722475
		},
		{
			"eventType": "block",
			"conditions": [
				{
					"id": "compare-boolean-eventvar",
					"objectClass": "System",
					"sid": 747984174034322,
					"parameters": {
						"variable": "TembakMode"
					},
					"isInverted": true
				}
			],
			"actions": [],
			"sid": 885593411005261,
			"children": [
				{
					"eventType": "comment",
					"text": ""
				},
				{
					"eventType": "variable",
					"name": "TouchX",
					"type": "number",
					"initialValue": "0",
					"comment": "",
					"isStatic": false,
					"isConstant": false,
					"sid": 273094284554161
				},
				{
					"eventType": "variable",
					"name": "TouchY",
					"type": "number",
					"initialValue": "0",
					"comment": "",
					"isStatic": false,
					"isConstant": false,
					"sid": 806098949497754
				},
				{
					"eventType": "block",
					"conditions": [
						{
							"id": "is-in-touch",
							"objectClass": "Touch",
							"sid": 968323945392521
						}
					],
					"actions": [
						{
							"id": "set-eventvar-value",
							"objectClass": "System",
							"sid": 159992216199913,
							"parameters": {
								"variable": "TouchX",
								"value": "round(touch.x/100 ) * 100"
							}
						},
						{
							"id": "set-eventvar-value",
							"objectClass": "System",
							"sid": 584029267023410,
							"parameters": {
								"variable": "TouchY",
								"value": "round(touch.y/100 ) * 100"
							}
						}
					],
					"sid": 615245363002080,
					"children": [
						{
							"eventType": "comment",
							"text": "Kalau ada benda, tkleh letak"
						},
						{
							"eventType": "block",
							"conditions": [
								{
									"id": "is-boolean-instance-variable-set",
									"objectClass": "Kapal1",
									"sid": 274091381620289,
									"parameters": {
										"instance-variable": "Choosen"
									},
									"isInverted": true
								}
							],
							"actions": [
								{
									"id": "set-text",
									"objectClass": "Text",
									"sid": 144387865642411,
									"disabled": true,
									"parameters": {
										"text": "Kapal1.angle"
									}
								}
							],
							"sid": 633288914423373,
							"children": [
								{
									"eventType": "block",
									"conditions": [
										{
											"id": "compare-x",
											"objectClass": "Kapal1",
											"sid": 666050597944790,
											"parameters": {
												"comparison": 0,
												"x-co-ordinate": "TouchX"
											}
										},
										{
											"id": "compare-y",
											"objectClass": "Kapal1",
											"sid": 580464721757049,
											"parameters": {
												"comparison": 0,
												"y-co-ordinate": "TouchY"
											}
										}
									],
									"actions": [
										{
											"id": "set-boolean-eventvar",
											"objectClass": "System",
											"sid": 357126916489377,
											"parameters": {
												"variable": "CanDrop",
												"value": "false"
											}
										}
									],
									"sid": 327715867169163,
									"disabled": true
								},
								{
									"eventType": "block",
									"conditions": [
										{
											"id": "else",
											"objectClass": "System",
											"sid": 512688740450183
										},
										{
											"id": "compare-x",
											"objectClass": "Kapal1",
											"sid": 473256072448798,
											"parameters": {
												"comparison": 0,
												"x-co-ordinate": "TouchX+(Gap*-sin(self.Angle))"
											}
										},
										{
											"id": "compare-y",
											"objectClass": "Kapal1",
											"sid": 975449742546085,
											"parameters": {
												"comparison": 0,
												"y-co-ordinate": "TouchY+(Gap*cos(self.Angle))"
											}
										}
									],
									"actions": [
										{
											"id": "set-boolean-eventvar",
											"objectClass": "System",
											"sid": 371184966548448,
											"parameters": {
												"variable": "CanDrop",
												"value": "false"
											}
										}
									],
									"sid": 304442443725421,
									"disabled": true
								},
								{
									"eventType": "comment",
									"text": "Adalah 3 block"
								},
								{
									"eventType": "comment",
									"text": "Dua block kanan"
								},
								{
									"eventType": "block",
									"conditions": [
										{
											"id": "else",
											"objectClass": "System",
											"sid": 297621618691089
										},
										{
											"id": "compare-x",
											"objectClass": "Kapal1",
											"sid": 850414931386009,
											"parameters": {
												"comparison": 0,
												"x-co-ordinate": "TouchX+2*(Gap*-sin(self.Angle))"
											}
										},
										{
											"id": "compare-y",
											"objectClass": "Kapal1",
											"sid": 572130048402420,
											"parameters": {
												"comparison": 0,
												"y-co-ordinate": "TouchY+(Gap*cos(self.Angle))"
											}
										},
										{
											"id": "compare-animation-frame",
											"objectClass": "Kapal1",
											"sid": 454800707678216,
											"parameters": {
												"comparison": 0,
												"number": "2"
											}
										}
									],
									"actions": [
										{
											"id": "set-boolean-eventvar",
											"objectClass": "System",
											"sid": 209210004484465,
											"parameters": {
												"variable": "CanDrop",
												"value": "false"
											}
										}
									],
									"sid": 847762514184747,
									"disabled": true
								},
								{
									"eventType": "comment",
									"text": "Dua block kiri"
								},
								{
									"eventType": "block",
									"conditions": [
										{
											"id": "else",
											"objectClass": "System",
											"sid": 747852378588157
										},
										{
											"id": "compare-x",
											"objectClass": "Kapal1",
											"sid": 649746144294185,
											"parameters": {
												"comparison": 0,
												"x-co-ordinate": "TouchX+(Gap*-sin(self.Angle))"
											}
										},
										{
											"id": "compare-y",
											"objectClass": "Kapal1",
											"sid": 804499315084490,
											"parameters": {
												"comparison": 0,
												"y-co-ordinate": "TouchY+2*(Gap*cos(self.Angle))"
											}
										},
										{
											"id": "compare-animation-frame",
											"objectClass": "Kapal1",
											"sid": 911842639583437,
											"parameters": {
												"comparison": 0,
												"number": "2"
											}
										}
									],
									"actions": [
										{
											"id": "set-boolean-eventvar",
											"objectClass": "System",
											"sid": 105135772689831,
											"parameters": {
												"variable": "CanDrop",
												"value": "false"
											}
										}
									],
									"sid": 896185581124740,
									"disabled": true
								},
								{
									"eventType": "block",
									"conditions": [
										{
											"id": "else",
											"objectClass": "System",
											"sid": 288632184073013
										}
									],
									"actions": [
										{
											"id": "set-boolean-eventvar",
											"objectClass": "System",
											"sid": 889010527222041,
											"parameters": {
												"variable": "CanDrop",
												"value": "true"
											}
										}
									],
									"sid": 839218245509801,
									"disabled": true
								}
							]
						},
						{
							"eventType": "comment",
							"text": "kapal drop"
						},
						{
							"eventType": "block",
							"conditions": [
								{
									"id": "is-boolean-instance-variable-set",
									"objectClass": "Kapal1",
									"sid": 326048542263305,
									"parameters": {
										"instance-variable": "Choosen"
									}
								},
								{
									"id": "compare-boolean-eventvar",
									"objectClass": "System",
									"sid": 572928365917436,
									"parameters": {
										"variable": "CanDrop"
									}
								},
								{
									"id": "compare-two-values",
									"objectClass": "System",
									"sid": 259581250860061,
									"parameters": {
										"first-value": "TouchX",
										"comparison": 5,
										"second-value": "LimitXDown"
									}
								},
								{
									"id": "compare-two-values",
									"objectClass": "System",
									"sid": 856729480564687,
									"parameters": {
										"first-value": "TouchX",
										"comparison": 3,
										"second-value": "LimitXUp"
									}
								},
								{
									"id": "compare-two-values",
									"objectClass": "System",
									"sid": 423540754135303,
									"parameters": {
										"first-value": "TouchY",
										"comparison": 3,
										"second-value": "LimitYDown"
									}
								},
								{
									"id": "compare-two-values",
									"objectClass": "System",
									"sid": 262537053738862,
									"parameters": {
										"first-value": "TouchY",
										"comparison": 5,
										"second-value": "LimitYUp"
									}
								}
							],
							"actions": [
								{
									"id": "set-text",
									"objectClass": "Text",
									"sid": 715676982652515,
									"disabled": true,
									"parameters": {
										"text": "Kapal1.angle"
									}
								}
							],
							"sid": 620265959195672,
							"children": [
								{
									"eventType": "block",
									"conditions": [
										{
											"id": "compare-two-values",
											"objectClass": "System",
											"sid": 377268141712758,
											"parameters": {
												"first-value": "TouchX",
												"comparison": 5,
												"second-value": "LimitXDown - ((Gap*(Kapal1.PerluTembak-1))*sin(Kapal1.Angle)) -10"
											}
										},
										{
											"id": "compare-two-values",
											"objectClass": "System",
											"sid": 665886922208491,
											"parameters": {
												"first-value": "TouchX",
												"comparison": 3,
												"second-value": "LimitXUp - ((Gap*(Kapal1.PerluTembak-1))*sin(Kapal1.Angle)) +10"
											}
										},
										{
											"id": "compare-two-values",
											"objectClass": "System",
											"sid": 369316379170888,
											"parameters": {
												"first-value": "TouchY",
												"comparison": 3,
												"second-value": "LimitYDown  + ((Gap*(Kapal1.PerluTembak-1))*cos(Kapal1.Angle)) +10"
											}
										},
										{
											"id": "compare-two-values",
											"objectClass": "System",
											"sid": 991221492836465,
											"parameters": {
												"first-value": "TouchY",
												"comparison": 5,
												"second-value": "LimitYUp  + ((Gap*(Kapal1.PerluTembak-1))*cos(Kapal1.Angle))  -10"
											}
										}
									],
									"actions": [
										{
											"id": "set-position",
											"objectClass": "Kapal1",
											"sid": 354751450683765,
											"parameters": {
												"x": "TouchX",
												"y": "TouchY"
											}
										}
									],
									"sid": 640288377742064
								}
							]
						}
					]
				},
				{
					"eventType": "block",
					"conditions": [
						{
							"id": "on-touched-object",
							"objectClass": "Touch",
							"sid": 666970869372738,
							"parameters": {
								"object": "Kapal1"
							}
						},
						{
							"id": "pick-topbottom",
							"objectClass": "Kapal1",
							"sid": 668347494265640,
							"parameters": {
								"which": "top"
							}
						}
					],
					"actions": [
						{
							"id": "set-boolean-instvar",
							"objectClass": "Kapal1",
							"sid": 131469416826717,
							"parameters": {
								"instance-variable": "Choosen",
								"value": "true"
							}
						}
					],
					"sid": 285685841632265
				},
				{
					"eventType": "block",
					"conditions": [
						{
							"id": "on-any-touch-end",
							"objectClass": "Touch",
							"sid": 755579646476038
						}
					],
					"actions": [
						{
							"id": "set-boolean-instvar",
							"objectClass": "Kapal1",
							"sid": 607162106354202,
							"parameters": {
								"instance-variable": "Choosen",
								"value": "false"
							}
						}
					],
					"sid": 657285111093745
				},
				{
					"eventType": "block",
					"conditions": [
						{
							"id": "on-tap-object",
							"objectClass": "Touch",
							"sid": 718594364409944,
							"parameters": {
								"object": "Kapal1"
							}
						}
					],
					"actions": [
						{
							"id": "set-angle",
							"objectClass": "Kapal1",
							"sid": 218700779533854,
							"parameters": {
								"angle": "Self.Angle+90"
							}
						}
					],
					"sid": 994351491491682
				},
				{
					"eventType": "comment",
					"text": "check overlap"
				},
				{
					"eventType": "block",
					"conditions": [
						{
							"id": "is-overlapping-another-object",
							"objectClass": "Kapal1",
							"sid": 240893903684393,
							"parameters": {
								"object": "Kapal1"
							}
						}
					],
					"actions": [
						{
							"id": "set-default-color",
							"objectClass": "Kapal1",
							"sid": 227488163252468,
							"parameters": {
								"color": "rgbEx(100, 0, 0)"
							}
						},
						{
							"id": "set-boolean-eventvar",
							"objectClass": "System",
							"sid": 436341347109202,
							"parameters": {
								"variable": "BolehLetak",
								"value": "false"
							}
						}
					],
					"sid": 805551261599252
				},
				{
					"eventType": "block",
					"conditions": [
						{
							"id": "else",
							"objectClass": "System",
							"sid": 609382037061918
						},
						{
							"id": "is-overlapping-another-object",
							"objectClass": "Kapal1",
							"sid": 303576803716386,
							"parameters": {
								"object": "Kapal2"
							}
						}
					],
					"actions": [
						{
							"id": "set-default-color",
							"objectClass": "Kapal1",
							"sid": 945095993086118,
							"parameters": {
								"color": "rgbEx(100, 0, 0)"
							}
						},
						{
							"id": "set-boolean-eventvar",
							"objectClass": "System",
							"sid": 941461147004438,
							"parameters": {
								"variable": "BolehLetak",
								"value": "false"
							}
						}
					],
					"sid": 401123701525450
				},
				{
					"eventType": "block",
					"conditions": [
						{
							"id": "else",
							"objectClass": "System",
							"sid": 560174918495215
						},
						{
							"id": "is-overlapping-another-object",
							"objectClass": "Kapal1",
							"sid": 165381372144352,
							"parameters": {
								"object": "Kapal1"
							},
							"isInverted": true
						},
						{
							"id": "is-overlapping-another-object",
							"objectClass": "Kapal1",
							"sid": 482397033414920,
							"parameters": {
								"object": "Kapal2"
							},
							"isInverted": true
						}
					],
					"actions": [
						{
							"id": "set-default-color",
							"objectClass": "Kapal1",
							"sid": 657880016111492,
							"parameters": {
								"color": "rgbEx(100, 100, 100)"
							}
						},
						{
							"id": "set-boolean-eventvar",
							"objectClass": "System",
							"sid": 948269023286027,
							"parameters": {
								"variable": "BolehLetak",
								"value": "true"
							}
						}
					],
					"sid": 282546489678586
				}
			]
		},
		{
			"eventType": "comment",
			"text": "Tembak mode - debug"
		},
		{
			"eventType": "block",
			"conditions": [
				{
					"id": "on-tap-object",
					"objectClass": "Touch",
					"sid": 399049103015914,
					"parameters": {
						"object": "ConfirmButton"
					}
				}
			],
			"actions": [],
			"sid": 879949734764566,
			"children": [
				{
					"eventType": "block",
					"conditions": [
						{
							"id": "compare-boolean-eventvar",
							"objectClass": "System",
							"sid": 680314355485267,
							"parameters": {
								"variable": "BolehLetak"
							}
						}
					],
					"actions": [
						{
							"id": "set-boolean-eventvar",
							"objectClass": "System",
							"sid": 247444676528594,
							"parameters": {
								"variable": "TembakMode",
								"value": "true"
							}
						},
						{
							"id": "set-visible",
							"objectClass": "ConfirmButton",
							"sid": 487835014605640,
							"parameters": {
								"visibility": "invisible"
							}
						},
						{
							"id": "set-visible",
							"objectClass": "Kapal1",
							"sid": 528582857257706,
							"parameters": {
								"visibility": "invisible"
							}
						},
						{
							"id": "set-text",
							"objectClass": "Text",
							"sid": 798494117149684,
							"parameters": {
								"text": "\"\""
							}
						}
					],
					"sid": 586420570996784,
					"children": [
						{
							"eventType": "comment",
							"text": "Check ada bot ke tak"
						},
						{
							"eventType": "block",
							"conditions": [
								{
									"id": "for-each",
									"objectClass": "System",
									"sid": 552668542784192,
									"parameters": {
										"object": "TileBiru"
									}
								}
							],
							"actions": [],
							"sid": 423033211234472,
							"children": [
								{
									"eventType": "block",
									"conditions": [
										{
											"id": "is-overlapping-another-object",
											"objectClass": "TileBiru",
											"sid": 600883651105013,
											"parameters": {
												"object": "Kapal1"
											}
										}
									],
									"actions": [
										{
											"id": "set-boolean-instvar",
											"objectClass": "TileBiru",
											"sid": 535942616029526,
											"parameters": {
												"instance-variable": "AdaBot",
												"value": "true"
											}
										}
									],
									"sid": 239794089197785
								},
								{
									"eventType": "block",
									"conditions": [
										{
											"id": "else",
											"objectClass": "System",
											"sid": 576037623462206
										}
									],
									"actions": [
										{
											"id": "set-boolean-instvar",
											"objectClass": "TileBiru",
											"sid": 234311613343456,
											"parameters": {
												"instance-variable": "AdaBot",
												"value": "false"
											}
										}
									],
									"sid": 977154822485986
								}
							]
						},
						{
							"eventType": "block",
							"conditions": [
								{
									"id": "for-each",
									"objectClass": "System",
									"sid": 413440018608086,
									"parameters": {
										"object": "Kapal1"
									}
								}
							],
							"actions": [
								{
									"id": "append-text",
									"objectClass": "Text",
									"sid": 711803338661733,
									"parameters": {
										"text": "Kapal1.X & \",\" & Kapal1.Y & \",\" & Kapal1.angle & \",\" &Kapal1.PerluTembak&\";\""
									}
								}
							],
							"sid": 956533222100733
						},
						{
							"eventType": "block",
							"conditions": [],
							"actions": [
								{
									"id": "set-text",
									"objectClass": "TextInput",
									"sid": 788804516181267,
									"parameters": {
										"text": "Text.text"
									}
								}
							],
							"sid": 939946467303343
						}
					]
				}
			],
			"isOrBlock": true
		},
		{
			"eventType": "comment",
			"text": "Tembak"
		},
		{
			"eventType": "block",
			"conditions": [
				{
					"id": "compare-boolean-eventvar",
					"objectClass": "System",
					"sid": 153308122779011,
					"parameters": {
						"variable": "TembakMode"
					}
				}
			],
			"actions": [],
			"sid": 952600719753585,
			"children": [
				{
					"eventType": "block",
					"conditions": [
						{
							"id": "on-tap-object",
							"objectClass": "Touch",
							"sid": 170727270134552,
							"parameters": {
								"object": "TileBiru"
							}
						},
						{
							"id": "is-boolean-instance-variable-set",
							"objectClass": "TileBiru",
							"sid": 235455174388902,
							"parameters": {
								"instance-variable": "DahDitembak"
							},
							"isInverted": true
						}
					],
					"actions": [
						{
							"id": "spawn-another-object",
							"objectClass": "TileBiru",
							"sid": 900077680387626,
							"parameters": {
								"object": "Tembak",
								"layer": "0",
								"image-point": "0",
								"create-hierarchy": false
							}
						},
						{
							"id": "set-boolean-instvar",
							"objectClass": "Tembak",
							"sid": 719813840200726,
							"parameters": {
								"instance-variable": "Shooting",
								"value": "false"
							}
						}
					],
					"sid": 329470771237925,
					"children": [
						{
							"eventType": "block",
							"conditions": [
								{
									"id": "is-boolean-instance-variable-set",
									"objectClass": "TileBiru",
									"sid": 410307924652615,
									"parameters": {
										"instance-variable": "AdaBot"
									}
								},
								{
									"id": "is-overlapping-another-object",
									"objectClass": "Kapal1",
									"sid": 715515573306007,
									"parameters": {
										"object": "TileBiru"
									}
								}
							],
							"actions": [
								{
									"id": "set-animation-frame",
									"objectClass": "TileBiru",
									"sid": 613158532628834,
									"parameters": {
										"frame-number": "1"
									}
								},
								{
									"id": "set-text",
									"objectClass": "Text",
									"sid": 924444778472231,
									"parameters": {
										"text": "\"Nice shoot!\""
									}
								},
								{
									"id": "flash",
									"objectClass": "Text",
									"sid": 425042630130321,
									"behaviorType": "Flash",
									"parameters": {
										"on-time": "0.1",
										"off-time": "0.1",
										"duration": "1.0"
									}
								},
								{
									"id": "subtract-from-instvar",
									"objectClass": "Kapal1",
									"sid": 430124309694700,
									"parameters": {
										"instance-variable": "PerluTembak",
										"value": "1"
									}
								}
							],
							"sid": 871444753431228,
							"children": [
								{
									"eventType": "comment",
									"text": "Dah habis tembak"
								},
								{
									"eventType": "block",
									"conditions": [
										{
											"id": "compare-instance-variable",
											"objectClass": "Kapal1",
											"sid": 263599085700340,
											"parameters": {
												"instance-variable": "PerluTembak",
												"comparison": 3,
												"value": "0"
											}
										}
									],
									"actions": [
										{
											"id": "set-visible",
											"objectClass": "Kapal1",
											"sid": 321578445030961,
											"parameters": {
												"visibility": "visible"
											}
										}
									],
									"sid": 500329300409148
								}
							]
						},
						{
							"eventType": "block",
							"conditions": [
								{
									"id": "else",
									"objectClass": "System",
									"sid": 461575255075010
								}
							],
							"actions": [
								{
									"id": "set-text",
									"objectClass": "Text",
									"sid": 432406768819489,
									"parameters": {
										"text": "\"Other player turn\""
									}
								},
								{
									"id": "flash",
									"objectClass": "Text",
									"sid": 995836474112761,
									"behaviorType": "Flash",
									"parameters": {
										"on-time": "0.1",
										"off-time": "0.1",
										"duration": "1.0"
									}
								}
							],
							"sid": 918264915113774
						},
						{
							"eventType": "block",
							"conditions": [],
							"actions": [
								{
									"id": "set-boolean-instvar",
									"objectClass": "TileBiru",
									"sid": 717122863343342,
									"parameters": {
										"instance-variable": "DahDitembak",
										"value": "true"
									}
								}
							],
							"sid": 882027801307523
						}
					]
				},
				{
					"eventType": "block",
					"conditions": [
						{
							"id": "is-touching-object",
							"objectClass": "Touch",
							"sid": 900699552817413,
							"parameters": {
								"object": "TileBiru"
							}
						},
						{
							"id": "is-boolean-instance-variable-set",
							"objectClass": "Tembak",
							"sid": 887261044842797,
							"parameters": {
								"instance-variable": "Shooting"
							}
						}
					],
					"actions": [
						{
							"id": "set-position",
							"objectClass": "Tembak",
							"sid": 316450608854037,
							"parameters": {
								"x": "Tilebiru.x",
								"y": "Tilebiru.y"
							}
						},
						{
							"id": "move-to-top",
							"objectClass": "Tembak",
							"sid": 595108727903001
						}
					],
					"sid": 225235357765863
				},
				{
					"eventType": "block",
					"conditions": [
						{
							"id": "on-any-touch-end",
							"objectClass": "Touch",
							"sid": 922570312811298
						},
						{
							"id": "is-boolean-instance-variable-set",
							"objectClass": "Tembak",
							"sid": 113826368377040,
							"parameters": {
								"instance-variable": "Shooting"
							}
						}
					],
					"actions": [
						{
							"id": "set-position",
							"objectClass": "Tembak",
							"sid": 659260076629679,
							"parameters": {
								"x": "-100",
								"y": "-100"
							}
						}
					],
					"sid": 642282661286024
				}
			]
		},
		{
			"eventType": "comment",
			"text": "Letak bot (drpd data)."
		},
		{
			"eventType": "variable",
			"name": "GetDataAll",
			"type": "string",
			"initialValue": "",
			"comment": "",
			"isStatic": false,
			"isConstant": false,
			"sid": 934402073555536
		},
		{
			"eventType": "variable",
			"name": "GetDataSatuSatu",
			"type": "string",
			"initialValue": "",
			"comment": "",
			"isStatic": false,
			"isConstant": false,
			"sid": 325791815892218
		},
		{
			"eventType": "block",
			"conditions": [
				{
					"id": "on-tap-object",
					"objectClass": "Touch",
					"sid": 852598994168450,
					"parameters": {
						"object": "ButtonPut"
					}
				}
			],
			"actions": [
				{
					"id": "set-eventvar-value",
					"objectClass": "System",
					"sid": 826746663251091,
					"parameters": {
						"variable": "GetDataAll",
						"value": "Textinput.text"
					}
				},
				{
					"id": "set-text",
					"objectClass": "Text",
					"sid": 379414304449635,
					"parameters": {
						"text": "GetDataAll"
					}
				}
			],
			"sid": 707704872728966,
			"children": [
				{
					"eventType": "block",
					"conditions": [
						{
							"id": "for",
							"objectClass": "System",
							"sid": 426889139089786,
							"parameters": {
								"name": "\"\"",
								"start-index": "0",
								"end-index": "Tokencount(GetDataAll,\";\")-2"
							}
						}
					],
					"actions": [
						{
							"id": "set-eventvar-value",
							"objectClass": "System",
							"sid": 533032902087271,
							"parameters": {
								"variable": "GetDataSatuSatu",
								"value": "tokenat(getdataall, loopindex, \";\")"
							}
						},
						{
							"id": "create-object",
							"objectClass": "System",
							"sid": 662230393178279,
							"parameters": {
								"object-to-create": "Kapal1",
								"layer": "0",
								"x": "int(tokenat(GetDatasatusatu,0,\",\"))",
								"y": "Int(tokenat(GetDatasatusatu,1,\",\"))",
								"create-hierarchy": false,
								"template-name": "\"\""
							}
						},
						{
							"id": "set-angle",
							"objectClass": "Kapal1",
							"sid": 564826359276851,
							"parameters": {
								"angle": "int(Tokenat(GetDatasatusatu,2,\",\"))"
							}
						},
						{
							"id": "set-animation-frame",
							"objectClass": "Kapal1",
							"sid": 762584608340130,
							"parameters": {
								"frame-number": "int(tokenat(GetDatasatusatu,3,\",\"))-1"
							}
						},
						{
							"id": "set-instvar-value",
							"objectClass": "Kapal1",
							"sid": 634404358088023,
							"parameters": {
								"instance-variable": "PerluTembak",
								"value": "int(tokenat(GetDatasatusatu,3,\",\"))"
							}
						},
						{
							"id": "set-text",
							"objectClass": "Text",
							"sid": 139628078811548,
							"parameters": {
								"text": "Loopindex"
							}
						}
					],
					"sid": 674349082662427
				}
			]
		},
		{
			"eventType": "block",
			"conditions": [
				{
					"id": "on-tap-object",
					"objectClass": "Touch",
					"sid": 335270027534030,
					"parameters": {
						"object": "GetDatabBtn"
					}
				}
			],
			"actions": [
				{
					"id": "post-to-url",
					"objectClass": "AJAX",
					"sid": 172893772960488,
					"parameters": {
						"tag": "\"\"",
						"url": "Link & \"?req=player2data&myroom=2\"",
						"data": "\"\"",
						"method": "\"POST\""
					}
				},
				{
					"id": "set-text",
					"objectClass": "Text2",
					"sid": 251659570849633,
					"parameters": {
						"text": "\"Getting \" & \"2\" & \" data...\""
					}
				}
			],
			"sid": 677797861403521
		},
		{
			"eventType": "block",
			"conditions": [
				{
					"id": "on-any-completed",
					"objectClass": "AJAX",
					"sid": 724603453612115
				}
			],
			"actions": [
				{
					"id": "set-text",
					"objectClass": "Text2",
					"sid": 577738235782467,
					"parameters": {
						"text": "Ajax.LastData"
					}
				}
			],
			"sid": 575074831231426
		}
	],
	"sid": 795343551029275
}