{
	"name": "MainMenu",
	"layers": [
		{
			"name": "Layer 0",
			"overriden": 0,
			"subLayers": [],
			"instances": [
				{
					"type": "CreateGameBtn",
					"properties": {
						"initially-visible": true,
						"initial-animation": "Animation 1",
						"initial-frame": 0,
						"enable-collisions": true,
						"live-preview": false
					},
					"uid": 19,
					"instanceVariables": {},
					"behaviors": {},
					"world": {
						"x": 195,
						"y": 304,
						"width": 274,
						"height": 137,
						"originX": 0.44607843137254904,
						"originY": 1.3529411764705883,
						"color": [
							1,
							1,
							1,
							1
						],
						"angle": 0,
						"zElevation": 0
					}
				},
				{
					"type": "TextInput",
					"properties": {
						"text": "",
						"placeholder": "",
						"tooltip": "",
						"initially-visible": true,
						"enabled": true,
						"read-only": false,
						"spell-check": false,
						"type": "text",
						"auto-font-size": false,
						"id": "",
						"class": ""
					},
					"uid": 20,
					"instanceVariables": {},
					"behaviors": {},
					"world": {
						"x": 395,
						"y": 264,
						"width": 245,
						"height": 72,
						"originX": 0,
						"originY": 0,
						"color": [
							1,
							1,
							1,
							1
						]
					}
				},
				{
					"type": "JoinGameBtn",
					"properties": {
						"initially-visible": true,
						"initial-animation": "Animation 1",
						"initial-frame": 0,
						"enable-collisions": true,
						"live-preview": false
					},
					"uid": 21,
					"instanceVariables": {},
					"behaviors": {},
					"world": {
						"x": 498,
						"y": 272,
						"width": 238,
						"height": 117,
						"originX": 0.44607843137254904,
						"originY": 1.3529411764705883,
						"color": [
							1,
							1,
							1,
							1
						],
						"angle": 0,
						"zElevation": 0
					}
				},
				{
					"type": "Text",
					"properties": {
						"text": "Text",
						"enable-bbcode": false,
						"font": "monospace",
						"size": 15,
						"line-height": 0,
						"bold": true,
						"italic": false,
						"color": [
							0,
							1,
							1,
							1
						],
						"horizontal-alignment": "left",
						"vertical-alignment": "top",
						"wrapping": "character",
						"initially-visible": true,
						"origin": "top-left"
					},
					"uid": 22,
					"instanceVariables": {},
					"behaviors": {
						"Flash": {
							"properties": {}
						}
					},
					"world": {
						"x": 88,
						"y": 756,
						"width": 502.0167080216597,
						"height": 128.3195013891957,
						"originX": 0,
						"originY": 0,
						"color": [
							1,
							1,
							1,
							1
						],
						"angle": 0,
						"zElevation": 0
					}
				},
				{
					"type": "Next",
					"properties": {
						"initially-visible": true,
						"initial-animation": "Animation 1",
						"initial-frame": 0,
						"enable-collisions": true,
						"live-preview": false
					},
					"uid": 23,
					"instanceVariables": {},
					"behaviors": {},
					"world": {
						"x": 597,
						"y": 1157,
						"width": 121,
						"height": 131,
						"originX": 0.5289256198347108,
						"originY": 0.8320610687022901,
						"color": [
							1,
							1,
							1,
							1
						],
						"angle": 0,
						"zElevation": 0
					}
				},
				{
					"type": "Text2",
					"properties": {
						"text": "Text",
						"enable-bbcode": false,
						"font": "monospace",
						"size": 15,
						"line-height": 0,
						"bold": true,
						"italic": false,
						"color": [
							0,
							1,
							0,
							1
						],
						"horizontal-alignment": "left",
						"vertical-alignment": "top",
						"wrapping": "character",
						"initially-visible": true,
						"origin": "top-left"
					},
					"uid": 25,
					"instanceVariables": {},
					"behaviors": {
						"Flash": {
							"properties": {}
						}
					},
					"world": {
						"x": 91,
						"y": 910,
						"width": 502.0167080216597,
						"height": 128.3195013891957,
						"originX": 0,
						"originY": 0,
						"color": [
							1,
							1,
							1,
							1
						],
						"angle": 0,
						"zElevation": 0
					}
				},
				{
					"type": "GetPosBtn",
					"properties": {
						"initially-visible": true,
						"initial-animation": "Animation 1",
						"initial-frame": 0,
						"enable-collisions": true,
						"live-preview": false
					},
					"uid": 28,
					"instanceVariables": {},
					"behaviors": {},
					"world": {
						"x": 182,
						"y": 543,
						"width": 274,
						"height": 137,
						"originX": 0.44607843137254904,
						"originY": 1.3529411764705883,
						"color": [
							1,
							1,
							1,
							1
						],
						"angle": 0,
						"zElevation": 0
					}
				}
			],
			"sid": 947293028809013,
			"effectTypes": [],
			"isInitiallyVisible": true,
			"isInitiallyInteractive": true,
			"color": [
				1,
				1,
				1,
				1
			],
			"backgroundColor": [
				0.3686274509803922,
				0.3686274509803922,
				0.3686274509803922,
				1
			],
			"isTransparent": false,
			"parallaxX": 1,
			"parallaxY": 1,
			"scaleRate": 1,
			"forceOwnTexture": false,
			"renderingMode": "3d",
			"drawOrder": "z-order",
			"useRenderCells": false,
			"blendMode": "normal",
			"zElevation": 0,
			"global": false
		}
	],
	"sid": 969550222721641,
	"nonworld-instances": [],
	"effectTypes": [],
	"width": 1440,
	"height": 2560,
	"unboundedScrolling": false,
	"vpX": 0.5,
	"vpY": 0.5,
	"projection": "perspective",
	"eventSheet": "MainMenu"
}