{
	"name": "Layout 1",
	"layers": [
		{
			"name": "Layer 0",
			"overriden": 0,
			"subLayers": [],
			"instances": [
				{
					"type": "Kapal2",
					"properties": {
						"initially-visible": false,
						"initial-animation": "Animation 1",
						"initial-frame": 1,
						"enable-collisions": true,
						"live-preview": false
					},
					"uid": 14,
					"instanceVariables": {
						"Choosen": false,
						"PerluTembak": 5
					},
					"behaviors": {},
					"world": {
						"x": 370,
						"y": 892,
						"width": 711,
						"height": 61.22601468606749,
						"originX": 0.4888888888888889,
						"originY": 0.7412587412587412,
						"color": [
							1,
							1,
							1,
							1
						],
						"angle": 3.141592653589793,
						"zElevation": 0
					}
				},
				{
					"type": "Kapal1",
					"properties": {
						"initially-visible": true,
						"initial-animation": "Animation 1",
						"initial-frame": 1,
						"enable-collisions": true,
						"live-preview": false
					},
					"uid": 2,
					"instanceVariables": {
						"Choosen": false,
						"PerluTembak": 5
					},
					"behaviors": {},
					"world": {
						"x": 500,
						"y": 400,
						"width": 79,
						"height": 187.2260146860675,
						"originX": 0.4888888888888889,
						"originY": 0.7412587412587412,
						"color": [
							1,
							1,
							1,
							1
						],
						"angle": 1.5707963267948966,
						"zElevation": 0
					}
				},
				{
					"type": "TileBiru",
					"properties": {
						"initially-visible": true,
						"initial-animation": "Animation 1",
						"initial-frame": 0,
						"enable-collisions": true,
						"live-preview": false
					},
					"uid": 3,
					"instanceVariables": {
						"TileX": 0,
						"TileY": 0,
						"DahDitembak": false,
						"AdaBot": false
					},
					"behaviors": {},
					"world": {
						"x": -194,
						"y": 94,
						"width": 95,
						"height": 95,
						"originX": 0.5,
						"originY": 0.5,
						"color": [
							1,
							1,
							1,
							1
						],
						"angle": 0,
						"zElevation": 0
					}
				},
				{
					"type": "Tembak",
					"properties": {
						"initially-visible": true,
						"initial-animation": "Animation 1",
						"initial-frame": 0,
						"enable-collisions": true,
						"live-preview": false
					},
					"uid": 5,
					"instanceVariables": {
						"Shooting": true
					},
					"behaviors": {},
					"world": {
						"x": -89,
						"y": 394,
						"width": 53,
						"height": 53,
						"originX": 0.5,
						"originY": 0.5,
						"color": [
							1,
							1,
							1,
							1
						],
						"angle": 0,
						"zElevation": 0
					}
				},
				{
					"type": "ButtonTembak",
					"properties": {
						"initially-visible": true,
						"initial-animation": "Animation 1",
						"initial-frame": 0,
						"enable-collisions": true,
						"live-preview": false
					},
					"uid": 6,
					"instanceVariables": {},
					"behaviors": {},
					"world": {
						"x": 551,
						"y": 1501,
						"width": 223,
						"height": 85,
						"originX": 0.515695067264574,
						"originY": 0.6,
						"color": [
							1,
							1,
							1,
							0.7
						],
						"angle": 0,
						"zElevation": 0
					}
				},
				{
					"type": "ButtonPut",
					"properties": {
						"initially-visible": true,
						"initial-animation": "Animation 1",
						"initial-frame": 1,
						"enable-collisions": true,
						"live-preview": false
					},
					"uid": 7,
					"instanceVariables": {},
					"behaviors": {},
					"world": {
						"x": 574.3452914798206,
						"y": 1205,
						"width": 124.99999999999999,
						"height": 66,
						"originX": 0.515695067264574,
						"originY": 0.6,
						"color": [
							1,
							1,
							1,
							1
						],
						"angle": 0,
						"zElevation": 0
					}
				},
				{
					"type": "Kapal1",
					"properties": {
						"initially-visible": true,
						"initial-animation": "Animation 1",
						"initial-frame": 2,
						"enable-collisions": true,
						"live-preview": false
					},
					"uid": 8,
					"instanceVariables": {
						"Choosen": false,
						"PerluTembak": 5
					},
					"behaviors": {},
					"world": {
						"x": 200,
						"y": 600,
						"width": 79,
						"height": 288.04002259394997,
						"originX": 0.5,
						"originY": 0.8363636363636363,
						"color": [
							1,
							1,
							1,
							1
						],
						"angle": 1.5707963267948966,
						"zElevation": 0
					}
				},
				{
					"type": "Text",
					"properties": {
						"text": "Text",
						"enable-bbcode": false,
						"font": "monospace",
						"size": 15,
						"line-height": 0,
						"bold": true,
						"italic": false,
						"color": [
							0,
							1,
							1,
							1
						],
						"horizontal-alignment": "left",
						"vertical-alignment": "top",
						"wrapping": "character",
						"initially-visible": true,
						"origin": "top-left"
					},
					"uid": 9,
					"instanceVariables": {},
					"behaviors": {
						"Flash": {
							"properties": {}
						}
					},
					"world": {
						"x": 61.10174751819727,
						"y": 858.066463367818,
						"width": 502.0167080216597,
						"height": 128.3195013891957,
						"originX": 0,
						"originY": 0,
						"color": [
							1,
							1,
							1,
							1
						],
						"angle": 0,
						"zElevation": 0
					}
				},
				{
					"type": "ConfirmButton",
					"properties": {
						"initially-visible": true,
						"initial-animation": "Animation 1",
						"initial-frame": 0,
						"enable-collisions": true,
						"live-preview": false
					},
					"uid": 10,
					"instanceVariables": {},
					"behaviors": {},
					"world": {
						"x": 610,
						"y": 938,
						"width": 168.16375186142227,
						"height": 64.84417833938755,
						"originX": 0.49572649572649574,
						"originY": 0.3793103448275862,
						"color": [
							1,
							1,
							1,
							1
						],
						"angle": 0,
						"zElevation": 0
					}
				},
				{
					"type": "Kapal1",
					"properties": {
						"initially-visible": true,
						"initial-animation": "Animation 1",
						"initial-frame": 2,
						"enable-collisions": true,
						"live-preview": false
					},
					"uid": 11,
					"instanceVariables": {
						"Choosen": false,
						"PerluTembak": 5
					},
					"behaviors": {},
					"world": {
						"x": 100,
						"y": 100,
						"width": 79,
						"height": 288.04002259394997,
						"originX": 0.5,
						"originY": 0.8363636363636363,
						"color": [
							1,
							1,
							1,
							1
						],
						"angle": 3.141592653589793,
						"zElevation": 0
					}
				},
				{
					"type": "Kapal1",
					"properties": {
						"initially-visible": true,
						"initial-animation": "Animation 1",
						"initial-frame": 1,
						"enable-collisions": true,
						"live-preview": false
					},
					"uid": 12,
					"instanceVariables": {
						"Choosen": false,
						"PerluTembak": 5
					},
					"behaviors": {},
					"world": {
						"x": 400,
						"y": 100,
						"width": 79,
						"height": 187.2260146860675,
						"originX": 0.4888888888888889,
						"originY": 0.7412587412587412,
						"color": [
							1,
							1,
							1,
							1
						],
						"angle": 3.141592653589793,
						"zElevation": 0
					}
				},
				{
					"type": "Kapal2",
					"properties": {
						"initially-visible": false,
						"initial-animation": "Animation 1",
						"initial-frame": 1,
						"enable-collisions": true,
						"live-preview": false
					},
					"uid": 13,
					"instanceVariables": {
						"Choosen": false,
						"PerluTembak": 5
					},
					"behaviors": {},
					"world": {
						"x": 375.0222222222222,
						"y": -70.00000000000004,
						"width": 711,
						"height": 61.22601468606749,
						"originX": 0.4888888888888889,
						"originY": 0.7412587412587412,
						"color": [
							1,
							1,
							1,
							1
						],
						"angle": 3.141592653589793,
						"zElevation": 0
					}
				},
				{
					"type": "Kapal2",
					"properties": {
						"initially-visible": false,
						"initial-animation": "Animation 1",
						"initial-frame": 1,
						"enable-collisions": true,
						"live-preview": false
					},
					"uid": 15,
					"instanceVariables": {
						"Choosen": false,
						"PerluTembak": 5
					},
					"behaviors": {},
					"world": {
						"x": 773,
						"y": 218.68531468531472,
						"width": 83,
						"height": 883.2260146860675,
						"originX": 0.4888888888888889,
						"originY": 0.7412587412587412,
						"color": [
							1,
							1,
							1,
							1
						],
						"angle": 3.141592653589793,
						"zElevation": 0
					}
				},
				{
					"type": "Kapal2",
					"properties": {
						"initially-visible": false,
						"initial-animation": "Animation 1",
						"initial-frame": 1,
						"enable-collisions": true,
						"live-preview": false
					},
					"uid": 16,
					"instanceVariables": {
						"Choosen": false,
						"PerluTembak": 5
					},
					"behaviors": {},
					"world": {
						"x": -59,
						"y": 221,
						"width": 83,
						"height": 883.2260146860675,
						"originX": 0.4888888888888889,
						"originY": 0.7412587412587412,
						"color": [
							1,
							1,
							1,
							1
						],
						"angle": 3.141592653589793,
						"zElevation": 0
					}
				},
				{
					"type": "TextInput",
					"properties": {
						"text": "",
						"placeholder": "",
						"tooltip": "",
						"initially-visible": true,
						"enabled": true,
						"read-only": false,
						"spell-check": false,
						"type": "text",
						"auto-font-size": false,
						"id": "",
						"class": ""
					},
					"uid": 17,
					"instanceVariables": {},
					"behaviors": {},
					"world": {
						"x": 70,
						"y": 1057,
						"width": 527,
						"height": 72,
						"originX": 0,
						"originY": 0,
						"color": [
							1,
							1,
							1,
							1
						]
					}
				},
				{
					"type": "GetDatabBtn",
					"properties": {
						"initially-visible": true,
						"initial-animation": "Animation 1",
						"initial-frame": 2,
						"enable-collisions": true,
						"live-preview": false
					},
					"uid": 26,
					"instanceVariables": {},
					"behaviors": {},
					"world": {
						"x": 379,
						"y": 1013,
						"width": 124.99999999999999,
						"height": 66,
						"originX": 0.515695067264574,
						"originY": 0.6,
						"color": [
							1,
							1,
							1,
							1
						],
						"angle": 0,
						"zElevation": 0
					}
				},
				{
					"type": "Text2",
					"properties": {
						"text": "Text",
						"enable-bbcode": false,
						"font": "monospace",
						"size": 15,
						"line-height": 0,
						"bold": true,
						"italic": false,
						"color": [
							0,
							1,
							0,
							1
						],
						"horizontal-alignment": "left",
						"vertical-alignment": "top",
						"wrapping": "character",
						"initially-visible": true,
						"origin": "top-left"
					},
					"uid": 27,
					"instanceVariables": {},
					"behaviors": {
						"Flash": {
							"properties": {}
						}
					},
					"world": {
						"x": 51,
						"y": 1157,
						"width": 502.0167080216597,
						"height": 128.3195013891957,
						"originX": 0,
						"originY": 0,
						"color": [
							1,
							1,
							1,
							1
						],
						"angle": 0,
						"zElevation": 0
					}
				}
			],
			"sid": 604977198918642,
			"effectTypes": [],
			"isInitiallyVisible": true,
			"isInitiallyInteractive": true,
			"color": [
				1,
				1,
				1,
				1
			],
			"backgroundColor": [
				0.3686274509803922,
				0.3686274509803922,
				0.3686274509803922,
				1
			],
			"isTransparent": false,
			"parallaxX": 1,
			"parallaxY": 1,
			"scaleRate": 1,
			"forceOwnTexture": false,
			"renderingMode": "3d",
			"drawOrder": "z-order",
			"useRenderCells": false,
			"blendMode": "normal",
			"zElevation": 0,
			"global": false
		}
	],
	"sid": 714594741949830,
	"nonworld-instances": [
		{
			"type": "JSON",
			"properties": {},
			"uid": 24,
			"instanceVariables": {}
		}
	],
	"effectTypes": [],
	"width": 1440,
	"height": 2560,
	"unboundedScrolling": false,
	"vpX": 0.5,
	"vpY": 0.5,
	"projection": "perspective",
	"eventSheet": "Event sheet 1"
}