{
	"name": "ButtonTembak",
	"plugin-id": "Sprite",
	"sid": 423471766295033,
	"isGlobal": false,
	"instanceVariables": [],
	"behaviorTypes": [],
	"effectTypes": [],
	"animations": {
		"items": [
			{
				"frames": [
					{
						"width": 223,
						"height": 85,
						"originX": 0.515695067264574,
						"originY": 0.6,
						"originalSource": "",
						"exportFormat": "lossless",
						"exportQuality": 0.8,
						"imageSpriteId": 7369258,
						"useCollisionPoly": true,
						"duration": 1
					}
				],
				"sid": 414062469873396,
				"name": "Animation 1",
				"isLooping": false,
				"isPingPong": false,
				"repeatCount": 1,
				"repeatTo": 0,
				"speed": 5
			}
		],
		"subfolders": []
	}
}