{
	"name": "Kapal2",
	"plugin-id": "Sprite",
	"sid": 709780059237532,
	"isGlobal": false,
	"instanceVariables": [
		{
			"name": "Choosen",
			"type": "boolean",
			"desc": "",
			"show": true,
			"sid": 117760247197145
		},
		{
			"name": "PerluTembak",
			"type": "number",
			"desc": "",
			"show": true,
			"sid": 437622475295297
		}
	],
	"behaviorTypes": [],
	"effectTypes": [],
	"animations": {
		"items": [
			{
				"frames": [
					{
						"width": 90,
						"height": 143,
						"originX": 0.4888888888888889,
						"originY": 0.7412587412587412,
						"originalSource": "",
						"exportFormat": "lossless",
						"exportQuality": 0.8,
						"imageSpriteId": 71695,
						"useCollisionPoly": true,
						"duration": 1
					},
					{
						"width": 90,
						"height": 143,
						"originX": 0.4888888888888889,
						"originY": 0.7412587412587412,
						"originalSource": "",
						"exportFormat": "lossless",
						"exportQuality": 0.8,
						"imageSpriteId": 4040184,
						"useCollisionPoly": true,
						"duration": 1
					},
					{
						"width": 90,
						"height": 220,
						"originX": 0.5,
						"originY": 0.8363636363636363,
						"originalSource": "",
						"exportFormat": "lossless",
						"exportQuality": 0.8,
						"imageSpriteId": 9752970,
						"useCollisionPoly": true,
						"duration": 1
					}
				],
				"sid": 559864364979308,
				"name": "Animation 1",
				"isLooping": false,
				"isPingPong": false,
				"repeatCount": 1,
				"repeatTo": 0,
				"speed": 0
			}
		],
		"subfolders": []
	}
}