{
	"name": "ConfirmButton",
	"plugin-id": "Sprite",
	"sid": 524828442610917,
	"isGlobal": false,
	"instanceVariables": [],
	"behaviorTypes": [],
	"effectTypes": [],
	"animations": {
		"items": [
			{
				"frames": [
					{
						"width": 234,
						"height": 87,
						"originX": 0.49572649572649574,
						"originY": 0.3793103448275862,
						"originalSource": "",
						"exportFormat": "lossless",
						"exportQuality": 0.8,
						"imageSpriteId": 4788609,
						"useCollisionPoly": true,
						"duration": 1
					}
				],
				"sid": 176832520373951,
				"name": "Animation 1",
				"isLooping": false,
				"isPingPong": false,
				"repeatCount": 1,
				"repeatTo": 0,
				"speed": 0
			}
		],
		"subfolders": []
	}
}