{
	"name": "CreateGameBtn",
	"plugin-id": "Sprite",
	"sid": 400942283023066,
	"isGlobal": false,
	"instanceVariables": [],
	"behaviorTypes": [],
	"effectTypes": [],
	"animations": {
		"items": [
			{
				"frames": [
					{
						"width": 204,
						"height": 85,
						"originX": 0.44607843137254904,
						"originY": 1.3529411764705883,
						"originalSource": "",
						"exportFormat": "lossless",
						"exportQuality": 0.8,
						"imageSpriteId": 4399012,
						"useCollisionPoly": true,
						"duration": 1
					}
				],
				"sid": 957599243622533,
				"name": "Animation 1",
				"isLooping": false,
				"isPingPong": false,
				"repeatCount": 1,
				"repeatTo": 0,
				"speed": 5
			}
		],
		"subfolders": []
	}
}