{
	"name": "Next",
	"plugin-id": "Sprite",
	"sid": 746132563905256,
	"isGlobal": false,
	"instanceVariables": [],
	"behaviorTypes": [],
	"effectTypes": [],
	"animations": {
		"items": [
			{
				"frames": [
					{
						"width": 121,
						"height": 131,
						"originX": 0.5289256198347108,
						"originY": 0.8320610687022901,
						"originalSource": "",
						"exportFormat": "lossless",
						"exportQuality": 0.8,
						"imageSpriteId": 8844366,
						"useCollisionPoly": true,
						"duration": 1
					}
				],
				"sid": 782587787838651,
				"name": "Animation 1",
				"isLooping": false,
				"isPingPong": false,
				"repeatCount": 1,
				"repeatTo": 0,
				"speed": 5
			}
		],
		"subfolders": []
	}
}