{
	"name": "Tembak",
	"plugin-id": "Sprite",
	"sid": 632135130046992,
	"isGlobal": false,
	"instanceVariables": [
		{
			"name": "Shooting",
			"type": "boolean",
			"desc": "",
			"show": true,
			"sid": 840121886540952
		}
	],
	"behaviorTypes": [],
	"effectTypes": [],
	"animations": {
		"items": [
			{
				"frames": [
					{
						"width": 129,
						"height": 129,
						"originX": 0.5,
						"originY": 0.5,
						"originalSource": "",
						"exportFormat": "lossless",
						"exportQuality": 0.8,
						"imageSpriteId": 4296965,
						"useCollisionPoly": true,
						"duration": 1
					}
				],
				"sid": 942584929983056,
				"name": "Animation 1",
				"isLooping": false,
				"isPingPong": false,
				"repeatCount": 1,
				"repeatTo": 0,
				"speed": 5
			}
		],
		"subfolders": []
	}
}