{
	"name": "MainMenu",
	"events": [
		{
			"eventType": "variable",
			"name": "menangList",
			"type": "string",
			"initialValue": "",
			"comment": "",
			"isStatic": false,
			"isConstant": false,
			"sid": 293058778284373
		},
		{
			"eventType": "comment",
			"text": "Animation"
		},
		{
			"eventType": "block",
			"conditions": [
				{
					"id": "on-start-of-layout",
					"objectClass": "System",
					"sid": 650912345770226
				}
			],
			"actions": [
				{
					"id": "tween-two-properties",
					"objectClass": "Sprite",
					"sid": 118021232894040,
					"behaviorType": "Tween",
					"parameters": {
						"tags": "\"\"",
						"property": "position",
						"end-x": "Self.targetx",
						"end-y": "Self.targety",
						"time": "1",
						"ease": "easeoutback",
						"destroy-on-complete": "no",
						"loop": "no",
						"ping-pong": "no"
					}
				},
				{
					"id": "tween-two-properties",
					"objectClass": "Text",
					"sid": 196660591578139,
					"behaviorType": "Tween",
					"parameters": {
						"tags": "\"\"",
						"property": "position",
						"end-x": "Self.targetx",
						"end-y": "Self.targety",
						"time": "1",
						"ease": "easeoutback",
						"destroy-on-complete": "no",
						"loop": "no",
						"ping-pong": "no"
					}
				},
				{
					"id": "get-item",
					"objectClass": "LocalStorage",
					"sid": 206639135511210,
					"parameters": {
						"key": "\"menangList\""
					}
				},
				{
					"id": "show-consent-dialog",
					"objectClass": "MobileAdvert",
					"sid": 711029167934495
				},
				{
					"id": "create-banner",
					"objectClass": "MobileAdvert",
					"sid": 616109527729416,
					"parameters": {
						"advert-id": "\"ca-app-pub-6918394155230385/7061915685\"",
						"banner-size": "portrait",
						"show": "true",
						"position": "top"
					}
				}
			],
			"sid": 452666638502330
		},
		{
			"eventType": "comment",
			"text": "Go to level"
		},
		{
			"eventType": "block",
			"conditions": [
				{
					"id": "on-tap-object",
					"objectClass": "Touch",
					"sid": 834810981230721,
					"parameters": {
						"object": "Sprite"
					}
				}
			],
			"actions": [
				{
					"id": "play",
					"objectClass": "Audio",
					"sid": 720976357413875,
					"parameters": {
						"audio-file": "Pop",
						"loop": "not-looping",
						"volume": "-10",
						"tag-optional": "\"\""
					}
				}
			],
			"sid": 707810541353011,
			"children": [
				{
					"eventType": "block",
					"conditions": [
						{
							"id": "compare-instance-variable",
							"objectClass": "Sprite",
							"sid": 152400472443772,
							"parameters": {
								"instance-variable": "item",
								"comparison": 0,
								"value": "1"
							}
						}
					],
					"actions": [
						{
							"id": "go-to-layout",
							"objectClass": "System",
							"sid": 162872737815229,
							"parameters": {
								"layout": "ChooseLevel"
							}
						}
					],
					"sid": 370883218544683
				},
				{
					"eventType": "block",
					"conditions": [
						{
							"id": "compare-instance-variable",
							"objectClass": "Sprite",
							"sid": 638857724227710,
							"parameters": {
								"instance-variable": "item",
								"comparison": 0,
								"value": "2"
							}
						}
					],
					"actions": [
						{
							"id": "go-to-layout",
							"objectClass": "System",
							"sid": 593534274495339,
							"parameters": {
								"layout": "Faces"
							}
						}
					],
					"sid": 489883190818448
				}
			]
		},
		{
			"eventType": "comment",
			"text": "Bila touch, keluar benda kt blkg"
		},
		{
			"eventType": "block",
			"conditions": [
				{
					"id": "on-any-touch-start",
					"objectClass": "Touch",
					"sid": 741255892028504
				}
			],
			"actions": [
				{
					"id": "create-object",
					"objectClass": "System",
					"sid": 481611721107123,
					"parameters": {
						"object-to-create": "Shape",
						"layer": "0",
						"x": "Touch.X",
						"y": "Touch.Y",
						"create-hierarchy": false,
						"template-name": "\"\""
					}
				},
				{
					"id": "set-animation-frame",
					"objectClass": "Shape",
					"sid": 771554738487364,
					"parameters": {
						"frame-number": "round(random(0,Self.AnimationFrameCount))"
					}
				},
				{
					"id": "spawn-another-object",
					"objectClass": "Shape",
					"sid": 233658690568950,
					"parameters": {
						"object": "Faces",
						"layer": "0",
						"image-point": "0",
						"create-hierarchy": false
					}
				},
				{
					"id": "set-opacity",
					"objectClass": "Shape",
					"sid": 814658628686514,
					"parameters": {
						"opacity": "30"
					}
				},
				{
					"id": "move-to-bottom",
					"objectClass": "Shape",
					"sid": 267393277610690
				},
				{
					"id": "set-scale",
					"objectClass": "Shape",
					"sid": 419822120794571,
					"parameters": {
						"scale": "0.5"
					}
				},
				{
					"id": "pin-to-object",
					"objectClass": "Faces",
					"sid": 144479137000641,
					"behaviorType": "Pin",
					"parameters": {
						"pin-to": "Shape",
						"mode": "position-angle"
					}
				},
				{
					"id": "set-animation-frame",
					"objectClass": "Faces",
					"sid": 282104997199520,
					"parameters": {
						"frame-number": "round(random(0,self.AnimationFrameCount))"
					}
				},
				{
					"id": "set-opacity",
					"objectClass": "Faces",
					"sid": 673608226982866,
					"parameters": {
						"opacity": "30"
					}
				},
				{
					"id": "move-to-bottom",
					"objectClass": "Faces",
					"sid": 458999084187080
				},
				{
					"id": "set-scale",
					"objectClass": "Faces",
					"sid": 117885636284785,
					"parameters": {
						"scale": "0.5"
					}
				}
			],
			"sid": 568437925673434
		},
		{
			"eventType": "comment",
			"text": "Feedback"
		},
		{
			"eventType": "block",
			"conditions": [
				{
					"id": "on-touched-object",
					"objectClass": "Touch",
					"sid": 493671790750608,
					"parameters": {
						"object": "Sprite"
					}
				},
				{
					"id": "compare-instance-variable",
					"objectClass": "Sprite",
					"sid": 513888357069694,
					"parameters": {
						"instance-variable": "item",
						"comparison": 1,
						"value": "0"
					}
				}
			],
			"actions": [
				{
					"id": "set-opacity",
					"objectClass": "Sprite",
					"sid": 607601907729857,
					"parameters": {
						"opacity": "70"
					}
				}
			],
			"sid": 407131621908149
		},
		{
			"eventType": "block",
			"conditions": [
				{
					"id": "on-any-touch-end",
					"objectClass": "Touch",
					"sid": 373247154536977
				}
			],
			"actions": [
				{
					"id": "set-opacity",
					"objectClass": "Sprite",
					"sid": 632908987599824,
					"parameters": {
						"opacity": "100"
					}
				}
			],
			"sid": 793794969971047
		},
		{
			"eventType": "comment",
			"text": "Pandang touch"
		},
		{
			"eventType": "block",
			"conditions": [
				{
					"id": "is-in-touch",
					"objectClass": "Touch",
					"sid": 674311073675357
				},
				{
					"id": "compare-instance-variable",
					"objectClass": "Faces",
					"sid": 246369061045432,
					"parameters": {
						"instance-variable": "item",
						"comparison": 0,
						"value": "1"
					}
				}
			],
			"actions": [
				{
					"id": "set-angle-toward-position",
					"objectClass": "Faces",
					"sid": 890995044452726,
					"parameters": {
						"x": "Touch.X",
						"y": "Touch.Y + 10"
					}
				}
			],
			"sid": 115063402294516
		},
		{
			"eventType": "comment",
			"text": "menangList ada"
		},
		{
			"eventType": "block",
			"conditions": [
				{
					"id": "on-item-get",
					"objectClass": "LocalStorage",
					"sid": 865989901278442,
					"parameters": {
						"key": "\"menangList\""
					}
				}
			],
			"actions": [
				{
					"id": "set-eventvar-value",
					"objectClass": "System",
					"sid": 964546015386583,
					"parameters": {
						"variable": "menangList",
						"value": "LocalStorage.ItemValue"
					}
				}
			],
			"sid": 525003329430217
		},
		{
			"eventType": "block",
			"conditions": [
				{
					"id": "on-item-missing",
					"objectClass": "LocalStorage",
					"sid": 862284956308270,
					"parameters": {
						"key": "\"menangList\""
					}
				}
			],
			"actions": [
				{
					"id": "set-eventvar-value",
					"objectClass": "System",
					"sid": 284333528937545,
					"parameters": {
						"variable": "menangList",
						"value": "\"\""
					}
				}
			],
			"sid": 881681954699271
		}
	],
	"sid": 470383875504422
}