{
	"name": "Game",
	"events": [
		{
			"eventType": "variable",
			"name": "levelJSON",
			"type": "string",
			"initialValue": "",
			"comment": "",
			"isStatic": false,
			"isConstant": false,
			"sid": 514579230026769
		},
		{
			"eventType": "variable",
			"name": "dataItem",
			"type": "string",
			"initialValue": "",
			"comment": "",
			"isStatic": false,
			"isConstant": false,
			"sid": 326638553209581
		},
		{
			"eventType": "variable",
			"name": "dataScale",
			"type": "string",
			"initialValue": "",
			"comment": "",
			"isStatic": false,
			"isConstant": false,
			"sid": 899147934696260
		},
		{
			"eventType": "variable",
			"name": "faceFrame",
			"type": "number",
			"initialValue": "0",
			"comment": "",
			"isStatic": false,
			"isConstant": false,
			"sid": 852326670438347
		},
		{
			"eventType": "variable",
			"name": "boxYgKe",
			"type": "number",
			"initialValue": "0",
			"comment": "",
			"isStatic": false,
			"isConstant": false,
			"sid": 375005468961606
		},
		{
			"eventType": "variable",
			"name": "startCount",
			"type": "number",
			"initialValue": "0",
			"comment": "",
			"isStatic": false,
			"isConstant": false,
			"sid": 887205908477354
		},
		{
			"eventType": "variable",
			"name": "level",
			"type": "number",
			"initialValue": "0",
			"comment": "",
			"isStatic": false,
			"isConstant": false,
			"sid": 387061228578624
		},
		{
			"eventType": "block",
			"conditions": [
				{
					"id": "on-start-of-layout",
					"objectClass": "System",
					"sid": 699436268373317
				}
			],
			"actions": [
				{
					"id": "set-eventvar-value",
					"objectClass": "System",
					"sid": 111896681277808,
					"parameters": {
						"variable": "boxYgKe",
						"value": "0"
					}
				},
				{
					"id": "set-eventvar-value",
					"objectClass": "System",
					"sid": 526296876606575,
					"parameters": {
						"variable": "level",
						"value": "mid(LayoutName,5,3)"
					}
				},
				{
					"id": "request-url",
					"objectClass": "AJAX",
					"sid": 376287687986416,
					"parameters": {
						"tag": "\"\"",
						"url": "\"level\"&level&\".json\""
					}
				},
				{
					"id": "set-eventvar-value",
					"objectClass": "System",
					"sid": 275503984376448,
					"parameters": {
						"variable": "startCount",
						"value": "0"
					}
				},
				{
					"id": "set-eventvar-value",
					"objectClass": "System",
					"sid": 259721211987841,
					"parameters": {
						"variable": "counting",
						"value": "0"
					}
				},
				{
					"id": "set-scale",
					"objectClass": "Counter",
					"sid": 976189767245865,
					"parameters": {
						"scale": "0.5"
					}
				},
				{
					"id": "set-visible",
					"objectClass": "Bintang",
					"sid": 437202765399343,
					"parameters": {
						"visibility": "invisible"
					}
				}
			],
			"sid": 722669453756169
		},
		{
			"eventType": "comment",
			"text": "dapat json file"
		},
		{
			"eventType": "block",
			"conditions": [
				{
					"id": "on-completed",
					"objectClass": "AJAX",
					"sid": 126127568140800,
					"parameters": {
						"tag": "\"\""
					}
				}
			],
			"actions": [
				{
					"id": "parse",
					"objectClass": "JSON",
					"sid": 383819867317749,
					"parameters": {
						"data": "AJAX.LastData"
					}
				},
				{
					"id": "set-eventvar-value",
					"objectClass": "System",
					"sid": 522806594867859,
					"parameters": {
						"variable": "dataItem",
						"value": "JSON.Get(\"item\")"
					}
				},
				{
					"id": "set-eventvar-value",
					"objectClass": "System",
					"sid": 232462993414001,
					"parameters": {
						"variable": "dataScale",
						"value": "JSON.Get(\"scale\")"
					}
				},
				{
					"id": "call-function",
					"objectClass": "Function",
					"sid": 261164591108184,
					"parameters": {
						"name": "\"loadNextBox\"",
						"parameter-n": []
					}
				}
			],
			"sid": 485409209016042,
			"children": [
				{
					"eventType": "comment",
					"text": "Kalau ada tutorial, spawn, pos 522, 775"
				},
				{
					"eventType": "block",
					"conditions": [
						{
							"id": "compare-two-values",
							"objectClass": "System",
							"sid": 766907209678595,
							"parameters": {
								"first-value": "JSON.Get(\"adaInfo\")",
								"comparison": 0,
								"second-value": "1"
							}
						}
					],
					"actions": [
						{
							"id": "set-animation-frame",
							"objectClass": "infoTutorial",
							"sid": 978690864932788,
							"parameters": {
								"frame-number": "int(JSON.Get(\"infoFrame\"))"
							}
						},
						{
							"id": "tween-two-properties",
							"objectClass": "backgroundPass",
							"sid": 462211068310161,
							"behaviorType": "Tween",
							"parameters": {
								"tags": "\"\"",
								"property": "position",
								"end-x": "540",
								"end-y": " 775",
								"time": "1",
								"ease": "default",
								"destroy-on-complete": "no",
								"loop": "no",
								"ping-pong": "no"
							}
						},
						{
							"id": "tween-two-properties",
							"objectClass": "infoTutorial",
							"sid": 280766755921431,
							"behaviorType": "Tween",
							"parameters": {
								"tags": "\"\"",
								"property": "position",
								"end-x": "540",
								"end-y": "775",
								"time": "1",
								"ease": "default",
								"destroy-on-complete": "no",
								"loop": "no",
								"ping-pong": "no"
							}
						},
						{
							"id": "set-boolean-eventvar",
							"objectClass": "System",
							"sid": 955751929181930,
							"parameters": {
								"variable": "canPlay",
								"value": "false"
							}
						},
						{
							"id": "wait",
							"objectClass": "System",
							"sid": 336707647918200,
							"parameters": {
								"seconds": "1"
							}
						},
						{
							"id": "set-boolean-eventvar",
							"objectClass": "System",
							"sid": 945388991855129,
							"parameters": {
								"variable": "canPlay",
								"value": "true"
							}
						}
					],
					"sid": 315506412746780
				},
				{
					"eventType": "block",
					"conditions": [
						{
							"id": "compare-instance-variable",
							"objectClass": "Text",
							"sid": 986712278004183,
							"parameters": {
								"instance-variable": "item",
								"comparison": 0,
								"value": "1"
							}
						}
					],
					"actions": [
						{
							"id": "set-text",
							"objectClass": "Text",
							"sid": 349042526276887,
							"parameters": {
								"text": "JSON.Get(\"tajuk\")"
							}
						}
					],
					"sid": 556174034842604
				},
				{
					"eventType": "block",
					"conditions": [
						{
							"id": "compare-instance-variable",
							"objectClass": "Text",
							"sid": 538997670737025,
							"parameters": {
								"instance-variable": "item",
								"comparison": 0,
								"value": "2"
							}
						}
					],
					"actions": [
						{
							"id": "set-text",
							"objectClass": "Text",
							"sid": 907642571784387,
							"parameters": {
								"text": "JSON.Get(\"levelname\")"
							}
						}
					],
					"sid": 818402208281976
				}
			]
		},
		{
			"eventType": "comment",
			"text": "keluarkan contoh box"
		},
		{
			"eventType": "block",
			"conditions": [
				{
					"id": "on-any-touch-start",
					"objectClass": "Touch",
					"sid": 978104567834321
				},
				{
					"id": "compare-two-values",
					"objectClass": "System",
					"sid": 349226038984802,
					"parameters": {
						"first-value": "tokenat(dataItem, boxYgKe, \",\")",
						"comparison": 0,
						"second-value": "\"\""
					},
					"isInverted": true
				},
				{
					"id": "compare-boolean-eventvar",
					"objectClass": "System",
					"sid": 709883127552177,
					"parameters": {
						"variable": "canPlay"
					}
				}
			],
			"actions": [
				{
					"id": "set-position",
					"objectClass": "infoTutorial",
					"sid": 812205347948090,
					"parameters": {
						"x": "1665",
						"y": "775"
					}
				},
				{
					"id": "set-position",
					"objectClass": "backgroundPass",
					"sid": 738866928128487,
					"parameters": {
						"x": "1665",
						"y": "775"
					}
				}
			],
			"sid": 957152881443891,
			"children": [
				{
					"eventType": "comment",
					"text": "Takleh tekan"
				},
				{
					"eventType": "comment",
					"text": "TUKAR SINI"
				},
				{
					"eventType": "block",
					"conditions": [
						{
							"id": "is-touching-object",
							"objectClass": "Touch",
							"sid": 746038249727330,
							"parameters": {
								"object": "TaklehTekan"
							}
						},
						{
							"id": "is-boolean-instance-variable-set",
							"objectClass": "TaklehTekan",
							"sid": 473756045652572,
							"parameters": {
								"instance-variable": "tghBukak"
							},
							"isInverted": true
						}
					],
					"actions": [
						{
							"id": "set-boolean-instvar",
							"objectClass": "TaklehTekan",
							"sid": 343785473979621,
							"parameters": {
								"instance-variable": "tghBukak",
								"value": "true"
							}
						},
						{
							"id": "set-opacity",
							"objectClass": "TaklehTekan",
							"sid": 399099993018895,
							"parameters": {
								"opacity": "100"
							}
						},
						{
							"id": "set-opacity",
							"objectClass": "Text2",
							"sid": 904640684936760,
							"parameters": {
								"opacity": "100"
							}
						},
						{
							"id": "flash",
							"objectClass": "TaklehTekan",
							"sid": 462478285942533,
							"behaviorType": "Flash",
							"parameters": {
								"on-time": "0.1",
								"off-time": "0.1",
								"duration": "1.0"
							}
						},
						{
							"id": "flash",
							"objectClass": "Text2",
							"sid": 926310931586355,
							"behaviorType": "Flash",
							"parameters": {
								"on-time": "0.1",
								"off-time": "0.1",
								"duration": "1.0"
							}
						},
						{
							"id": "wait",
							"objectClass": "System",
							"sid": 893737778516035,
							"parameters": {
								"seconds": "4"
							}
						},
						{
							"id": "set-opacity",
							"objectClass": "TaklehTekan",
							"sid": 589651066237194,
							"parameters": {
								"opacity": "0"
							}
						},
						{
							"id": "set-opacity",
							"objectClass": "Text2",
							"sid": 825715302816148,
							"parameters": {
								"opacity": "0"
							}
						},
						{
							"id": "set-boolean-instvar",
							"objectClass": "TaklehTekan",
							"sid": 462730496927619,
							"parameters": {
								"instance-variable": "tghBukak",
								"value": "false"
							}
						}
					],
					"sid": 945390204363360,
					"disabled": true
				},
				{
					"eventType": "comment",
					"text": "Boleh letak"
				},
				{
					"eventType": "block",
					"conditions": [
						{
							"id": "else",
							"objectClass": "System",
							"sid": 625949544041954
						}
					],
					"actions": [
						{
							"id": "set-visible",
							"objectClass": "CancelPut",
							"sid": 876718090252625,
							"parameters": {
								"visibility": "visible"
							}
						},
						{
							"id": "create-object",
							"objectClass": "System",
							"sid": 769080972883882,
							"parameters": {
								"object-to-create": "Shape",
								"layer": "0",
								"x": "touch.X",
								"y": "touch.Y",
								"create-hierarchy": false,
								"template-name": "\"\""
							}
						},
						{
							"id": "set-enabled",
							"objectClass": "Shape",
							"sid": 994729489147370,
							"behaviorType": "Physics",
							"parameters": {
								"mode": "disabled"
							}
						},
						{
							"id": "set-boolean-instvar",
							"objectClass": "Shape",
							"sid": 548050271691354,
							"parameters": {
								"instance-variable": "contoh",
								"value": "true"
							}
						},
						{
							"id": "set-opacity",
							"objectClass": "Shape",
							"sid": 149649588919914,
							"parameters": {
								"opacity": "50"
							}
						},
						{
							"id": "spawn-another-object",
							"objectClass": "Shape",
							"sid": 702177094011574,
							"parameters": {
								"object": "Faces",
								"layer": "0",
								"image-point": "0",
								"create-hierarchy": false
							}
						},
						{
							"id": "set-instvar-value",
							"objectClass": "Shape",
							"sid": 698381975467234,
							"parameters": {
								"instance-variable": "item",
								"value": "0"
							}
						},
						{
							"id": "set-scale",
							"objectClass": "Shape",
							"sid": 534602341031733,
							"parameters": {
								"scale": "float( tokenat(dataScale, boxYgKe, \",\") )"
							}
						},
						{
							"id": "pin-to-object",
							"objectClass": "Faces",
							"sid": 988912648877599,
							"behaviorType": "Pin",
							"parameters": {
								"pin-to": "Shape",
								"mode": "position-angle"
							}
						},
						{
							"id": "set-animation-frame",
							"objectClass": "Faces",
							"sid": 548992166392587,
							"parameters": {
								"frame-number": "faceFrame"
							}
						},
						{
							"id": "set-boolean-instvar",
							"objectClass": "Faces",
							"sid": 225505775774923,
							"parameters": {
								"instance-variable": "contoh",
								"value": "true"
							}
						},
						{
							"id": "set-opacity",
							"objectClass": "Faces",
							"sid": 669931214997254,
							"parameters": {
								"opacity": "50"
							}
						},
						{
							"id": "set-instvar-value",
							"objectClass": "Faces",
							"sid": 280911399373191,
							"parameters": {
								"instance-variable": "item",
								"value": "0"
							}
						},
						{
							"id": "set-scale",
							"objectClass": "Faces",
							"sid": 118892798426164,
							"parameters": {
								"scale": "float( tokenat(dataScale, boxYgKe, \",\") )"
							}
						},
						{
							"id": "set-eventvar-value",
							"objectClass": "System",
							"sid": 904509491368058,
							"disabled": true,
							"parameters": {
								"variable": "faceFrame",
								"value": "faces.AnimationFrame"
							}
						},
						{
							"id": "set-animation-frame",
							"objectClass": "Shape",
							"sid": 281174935625399,
							"parameters": {
								"frame-number": "int(tokenat(dataItem, boxYgKe, \",\"))"
							}
						}
					],
					"sid": 978825798633976
				}
			]
		},
		{
			"eventType": "comment",
			"text": "shape ikut Touch"
		},
		{
			"eventType": "block",
			"conditions": [
				{
					"id": "is-boolean-instance-variable-set",
					"objectClass": "Shape",
					"sid": 567662209850544,
					"parameters": {
						"instance-variable": "contoh"
					}
				}
			],
			"actions": [
				{
					"id": "set-position",
					"objectClass": "Shape",
					"sid": 569163743400171,
					"parameters": {
						"x": "Touch.X",
						"y": "Touch.Y"
					}
				}
			],
			"sid": 474594828650708
		},
		{
			"eventType": "block",
			"conditions": [
				{
					"id": "on-any-touch-end",
					"objectClass": "Touch",
					"sid": 137736547385108
				},
				{
					"id": "is-boolean-instance-variable-set",
					"objectClass": "Shape",
					"sid": 814125568197776,
					"parameters": {
						"instance-variable": "contoh"
					}
				},
				{
					"id": "is-on-screen",
					"objectClass": "Shape",
					"sid": 201942437557922
				},
				{
					"id": "compare-boolean-eventvar",
					"objectClass": "System",
					"sid": 295011324890937,
					"parameters": {
						"variable": "canPlay"
					}
				}
			],
			"actions": [
				{
					"id": "set-visible",
					"objectClass": "CancelPut",
					"sid": 827336493272369,
					"parameters": {
						"visibility": "invisible"
					}
				}
			],
			"sid": 860286750642922,
			"children": [
				{
					"eventType": "comment",
					"text": "Cancel letak"
				},
				{
					"eventType": "block",
					"conditions": [
						{
							"id": "is-touching-object",
							"objectClass": "Touch",
							"sid": 380775289595918,
							"parameters": {
								"object": "CancelPut"
							}
						}
					],
					"actions": [],
					"sid": 730197032433220,
					"children": [
						{
							"eventType": "block",
							"conditions": [
								{
									"id": "is-boolean-instance-variable-set",
									"objectClass": "Shape",
									"sid": 887473488647764,
									"parameters": {
										"instance-variable": "contoh"
									}
								},
								{
									"id": "is-boolean-instance-variable-set",
									"objectClass": "Faces",
									"sid": 180277506264968,
									"parameters": {
										"instance-variable": "contoh"
									}
								}
							],
							"actions": [
								{
									"id": "destroy",
									"objectClass": "Shape",
									"sid": 673887790916964
								},
								{
									"id": "destroy",
									"objectClass": "Faces",
									"sid": 111759672704093
								}
							],
							"sid": 858470077153608
						}
					]
				},
				{
					"eventType": "comment",
					"text": "Letak"
				},
				{
					"eventType": "block",
					"conditions": [
						{
							"id": "else",
							"objectClass": "System",
							"sid": 857436584575393
						}
					],
					"actions": [
						{
							"id": "play",
							"objectClass": "Audio",
							"sid": 612827340745533,
							"parameters": {
								"audio-file": "Pop",
								"loop": "not-looping",
								"volume": "-7",
								"tag-optional": "\"\""
							}
						}
					],
					"sid": 439617007681537,
					"children": [
						{
							"eventType": "block",
							"conditions": [
								{
									"id": "is-boolean-instance-variable-set",
									"objectClass": "Shape",
									"sid": 566659681743785,
									"parameters": {
										"instance-variable": "contoh"
									}
								},
								{
									"id": "is-boolean-instance-variable-set",
									"objectClass": "Faces",
									"sid": 676147529213239,
									"parameters": {
										"instance-variable": "contoh"
									}
								}
							],
							"actions": [
								{
									"id": "destroy",
									"objectClass": "Shape",
									"sid": 106550153024290
								},
								{
									"id": "destroy",
									"objectClass": "Faces",
									"sid": 123619095954467
								}
							],
							"sid": 760755629685182
						},
						{
							"eventType": "comment",
							"text": "Create object betul"
						},
						{
							"eventType": "comment",
							"text": "TUKAR SINI"
						},
						{
							"eventType": "block",
							"conditions": [
								{
									"id": "is-touching-object",
									"objectClass": "Touch",
									"sid": 238152804928552,
									"disabled": true,
									"parameters": {
										"object": "TaklehTekan"
									},
									"isInverted": true
								},
								{
									"id": "compare-two-values",
									"objectClass": "System",
									"sid": 278408785209416,
									"parameters": {
										"first-value": "tokenat(dataItem, boxYgKe, \",\")",
										"comparison": 0,
										"second-value": "\"\""
									},
									"isInverted": true
								}
							],
							"actions": [
								{
									"id": "create-object",
									"objectClass": "System",
									"sid": 586834461206399,
									"parameters": {
										"object-to-create": "Shape",
										"layer": "0",
										"x": "touch.X",
										"y": "touch.Y",
										"create-hierarchy": false,
										"template-name": "\"\""
									}
								},
								{
									"id": "set-boolean-instvar",
									"objectClass": "Shape",
									"sid": 799580281238717,
									"parameters": {
										"instance-variable": "contoh",
										"value": "false"
									}
								},
								{
									"id": "set-animation-frame",
									"objectClass": "Shape",
									"sid": 695399074715091,
									"parameters": {
										"frame-number": "int(tokenat(dataItem, boxYgKe, \",\"))"
									}
								},
								{
									"id": "spawn-another-object",
									"objectClass": "Shape",
									"sid": 484361545171181,
									"parameters": {
										"object": "Faces",
										"layer": "0",
										"image-point": "0",
										"create-hierarchy": false
									}
								},
								{
									"id": "set-scale",
									"objectClass": "Shape",
									"sid": 244309592583905,
									"parameters": {
										"scale": "float( tokenat(dataScale, boxYgKe, \",\") )"
									}
								},
								{
									"id": "pin-to-object",
									"objectClass": "Faces",
									"sid": 138009853754422,
									"behaviorType": "Pin",
									"parameters": {
										"pin-to": "Shape",
										"mode": "position-angle"
									}
								},
								{
									"id": "set-animation-frame",
									"objectClass": "Faces",
									"sid": 610888332534266,
									"parameters": {
										"frame-number": "faceFrame"
									}
								},
								{
									"id": "set-scale",
									"objectClass": "Faces",
									"sid": 531174648764846,
									"parameters": {
										"scale": "float( tokenat(dataScale, boxYgKe, \",\") )"
									}
								},
								{
									"id": "add-to-eventvar",
									"objectClass": "System",
									"sid": 420002199455463,
									"parameters": {
										"variable": "boxYgKe",
										"value": "1"
									}
								},
								{
									"id": "call-function",
									"objectClass": "Function",
									"sid": 980330814980917,
									"parameters": {
										"name": "\"loadNextBox\"",
										"parameter-n": []
									}
								}
							],
							"sid": 129632806570181
						}
					]
				}
			]
		},
		{
			"eventType": "comment",
			"text": "NEXT show"
		},
		{
			"eventType": "block",
			"conditions": [
				{
					"id": "on-function",
					"objectClass": "Function",
					"sid": 517554291434622,
					"parameters": {
						"name": "\"loadNextBox\""
					}
				},
				{
					"id": "compare-instance-variable",
					"objectClass": "Shape",
					"sid": 863240372479392,
					"parameters": {
						"instance-variable": "item",
						"comparison": 0,
						"value": "100"
					}
				},
				{
					"id": "compare-instance-variable",
					"objectClass": "Faces",
					"sid": 490505692760602,
					"parameters": {
						"instance-variable": "item",
						"comparison": 0,
						"value": "100"
					}
				}
			],
			"actions": [],
			"sid": 498664928781774,
			"children": [
				{
					"eventType": "comment",
					"text": "Dah habis benda & bukannya dah kalah"
				},
				{
					"eventType": "block",
					"conditions": [
						{
							"id": "compare-two-values",
							"objectClass": "System",
							"sid": 485426351501773,
							"parameters": {
								"first-value": "tokenat(dataItem, boxYgKe, \",\")",
								"comparison": 0,
								"second-value": "\"\""
							}
						},
						{
							"id": "compare-eventvar",
							"objectClass": "System",
							"sid": 239842181040326,
							"parameters": {
								"variable": "startCount",
								"comparison": 1,
								"value": "-1"
							}
						}
					],
					"actions": [
						{
							"id": "destroy",
							"objectClass": "Shape",
							"sid": 952009360901222
						},
						{
							"id": "destroy",
							"objectClass": "Faces",
							"sid": 486212977518622
						},
						{
							"id": "set-eventvar-value",
							"objectClass": "System",
							"sid": 923119398821730,
							"parameters": {
								"variable": "startCount",
								"value": "1"
							}
						},
						{
							"id": "destroy",
							"objectClass": "Text3",
							"sid": 132890236238142
						},
						{
							"id": "destroy",
							"objectClass": "TBPutih",
							"sid": 560797163231063
						},
						{
							"id": "set-text",
							"objectClass": "TextRemaining",
							"sid": 156125836474451,
							"parameters": {
								"text": "\"\""
							}
						}
					],
					"sid": 697435127949734
				},
				{
					"eventType": "comment",
					"text": "Ada benda"
				},
				{
					"eventType": "block",
					"conditions": [
						{
							"id": "else",
							"objectClass": "System",
							"sid": 880875723026633
						}
					],
					"actions": [
						{
							"id": "set-animation-frame",
							"objectClass": "Shape",
							"sid": 682340348602872,
							"parameters": {
								"frame-number": "int( tokenat(dataItem, boxYgKe, \",\") )"
							}
						},
						{
							"id": "set-scale",
							"objectClass": "Shape",
							"sid": 431062745934613,
							"parameters": {
								"scale": "float( tokenat(dataScale, boxYgKe, \",\") )"
							}
						},
						{
							"id": "set-eventvar-value",
							"objectClass": "System",
							"sid": 227865689325843,
							"parameters": {
								"variable": "faceFrame",
								"value": "round(random(0,Faces.AnimationFrameCount))"
							}
						},
						{
							"id": "set-animation-frame",
							"objectClass": "Faces",
							"sid": 805228239243080,
							"parameters": {
								"frame-number": "faceFrame"
							}
						},
						{
							"id": "set-scale",
							"objectClass": "Faces",
							"sid": 729672792775926,
							"parameters": {
								"scale": "float( tokenat(dataScale, boxYgKe, \",\") )"
							}
						},
						{
							"id": "set-text",
							"objectClass": "TextRemaining",
							"sid": 474380010671027,
							"parameters": {
								"text": "\"Remaining: \" & str(tokencount(dataItem, \",\") - boxYgKe)"
							}
						}
					],
					"sid": 841475250844169
				}
			]
		},
		{
			"eventType": "comment",
			"text": "Counter Menang"
		},
		{
			"eventType": "variable",
			"name": "counting",
			"type": "number",
			"initialValue": "0",
			"comment": "",
			"isStatic": false,
			"isConstant": false,
			"sid": 484698398625719
		},
		{
			"eventType": "comment",
			"text": "counter kalah"
		},
		{
			"eventType": "variable",
			"name": "counting2",
			"type": "number",
			"initialValue": "0",
			"comment": "",
			"isStatic": false,
			"isConstant": false,
			"sid": 729985381641225
		},
		{
			"eventType": "block",
			"conditions": [
				{
					"id": "compare-eventvar",
					"objectClass": "System",
					"sid": 375803094774894,
					"parameters": {
						"variable": "startCount",
						"comparison": 0,
						"value": "1"
					}
				}
			],
			"actions": [],
			"sid": 410310778016501,
			"children": [
				{
					"eventType": "comment",
					"text": "Dah sampai garisan"
				},
				{
					"eventType": "block",
					"conditions": [
						{
							"id": "is-overlapping-another-object",
							"objectClass": "Shape",
							"sid": 872891144477687,
							"parameters": {
								"object": "Garisan"
							}
						}
					],
					"actions": [
						{
							"id": "set-eventvar-value",
							"objectClass": "System",
							"sid": 781233835657159,
							"parameters": {
								"variable": "counting2",
								"value": "0"
							}
						}
					],
					"sid": 166363388591166,
					"children": [
						{
							"eventType": "block",
							"conditions": [
								{
									"id": "every-x-seconds",
									"objectClass": "System",
									"sid": 399305046622237,
									"parameters": {
										"interval-seconds": "1.0"
									}
								},
								{
									"id": "compare-eventvar",
									"objectClass": "System",
									"sid": 561188846165568,
									"parameters": {
										"variable": "counting",
										"comparison": 2,
										"value": "5"
									}
								}
							],
							"actions": [
								{
									"id": "play",
									"objectClass": "Audio",
									"sid": 523438238084330,
									"parameters": {
										"audio-file": "Ting",
										"loop": "not-looping",
										"volume": "0",
										"tag-optional": "\"\""
									}
								},
								{
									"id": "move-to-top",
									"objectClass": "Counter",
									"sid": 722887048222181
								},
								{
									"id": "add-to-eventvar",
									"objectClass": "System",
									"sid": 815023176803485,
									"parameters": {
										"variable": "counting",
										"value": "1"
									}
								},
								{
									"id": "set-animation-frame",
									"objectClass": "Counter",
									"sid": 313102861851671,
									"parameters": {
										"frame-number": "counting"
									}
								},
								{
									"id": "set-visible",
									"objectClass": "Counter",
									"sid": 422048915042598,
									"parameters": {
										"visibility": "visible"
									}
								},
								{
									"id": "set-scale",
									"objectClass": "Counter",
									"sid": 746213716726511,
									"parameters": {
										"scale": "0.5"
									}
								},
								{
									"id": "tween-two-properties",
									"objectClass": "Counter",
									"sid": 314217325355816,
									"behaviorType": "Tween",
									"parameters": {
										"tags": "\"\"",
										"property": "scale",
										"end-x": "1",
										"end-y": "1",
										"time": "1",
										"ease": "default",
										"destroy-on-complete": "no",
										"loop": "no",
										"ping-pong": "no"
									}
								}
							],
							"sid": 691487186036501,
							"children": [
								{
									"eventType": "comment",
									"text": "Menang"
								},
								{
									"eventType": "block",
									"conditions": [
										{
											"id": "compare-eventvar",
											"objectClass": "System",
											"sid": 805080837962286,
											"parameters": {
												"variable": "counting",
												"comparison": 0,
												"value": "5"
											}
										}
									],
									"actions": [
										{
											"id": "set-eventvar-value",
											"objectClass": "System",
											"sid": 412121148321159,
											"parameters": {
												"variable": "menangList",
												"value": "menangList & JSON.Get(\"level\") & \",\""
											}
										},
										{
											"id": "set-item",
											"objectClass": "LocalStorage",
											"sid": 169546108213089,
											"parameters": {
												"key": "\"menangList\"",
												"value": "menangList"
											}
										},
										{
											"id": "play",
											"objectClass": "Audio",
											"sid": 649521403988812,
											"parameters": {
												"audio-file": "Magical Wand",
												"loop": "not-looping",
												"volume": "0",
												"tag-optional": "\"\""
											}
										},
										{
											"id": "set-eventvar-value",
											"objectClass": "System",
											"sid": 994047407403806,
											"parameters": {
												"variable": "startCount",
												"value": "2"
											}
										},
										{
											"id": "wait",
											"objectClass": "System",
											"sid": 113777605317971,
											"parameters": {
												"seconds": "1"
											}
										},
										{
											"callFunction": "papanTandaOut",
											"sid": 577903988581356,
											"parameters": [
												"0",
												"0",
												"0"
											]
										},
										{
											"id": "move-to-top",
											"objectClass": "Counter",
											"sid": 760803807555385
										},
										{
											"id": "wait",
											"objectClass": "System",
											"sid": 737178879147633,
											"parameters": {
												"seconds": "3"
											}
										},
										{
											"id": "move-to-top",
											"objectClass": "NextLevelButton",
											"sid": 440202825391282
										},
										{
											"id": "set-visible",
											"objectClass": "NextLevelButton",
											"sid": 185284894085136,
											"parameters": {
												"visibility": "visible"
											}
										}
									],
									"sid": 263545872408716
								}
							]
						}
					]
				},
				{
					"eventType": "block",
					"conditions": [
						{
							"id": "else",
							"objectClass": "System",
							"sid": 372639041390350
						}
					],
					"actions": [
						{
							"id": "set-eventvar-value",
							"objectClass": "System",
							"sid": 395293927209034,
							"parameters": {
								"variable": "counting",
								"value": "0"
							}
						},
						{
							"id": "set-animation-frame",
							"objectClass": "Counter",
							"sid": 817006302880827,
							"parameters": {
								"frame-number": "0"
							}
						},
						{
							"id": "set-visible",
							"objectClass": "Counter",
							"sid": 262877586547746,
							"parameters": {
								"visibility": "invisible"
							}
						},
						{
							"id": "set-scale",
							"objectClass": "Counter",
							"sid": 334411334338432,
							"parameters": {
								"scale": "0.5"
							}
						},
						{
							"id": "pause-all-tweens",
							"objectClass": "Counter",
							"sid": 101432089108099,
							"behaviorType": "Tween"
						}
					],
					"sid": 154047384513634,
					"children": [
						{
							"eventType": "block",
							"conditions": [
								{
									"id": "every-x-seconds",
									"objectClass": "System",
									"sid": 492150237450998,
									"parameters": {
										"interval-seconds": "1.0"
									}
								},
								{
									"id": "compare-eventvar",
									"objectClass": "System",
									"sid": 421571313640651,
									"parameters": {
										"variable": "counting2",
										"comparison": 2,
										"value": "7"
									}
								}
							],
							"actions": [
								{
									"id": "add-to-eventvar",
									"objectClass": "System",
									"sid": 880494970838397,
									"parameters": {
										"variable": "counting2",
										"value": "1"
									}
								}
							],
							"sid": 517010970230862,
							"children": [
								{
									"eventType": "comment",
									"text": "kalah"
								},
								{
									"eventType": "block",
									"conditions": [
										{
											"id": "compare-eventvar",
											"objectClass": "System",
											"sid": 446112078415922,
											"parameters": {
												"variable": "counting2",
												"comparison": 0,
												"value": "7"
											}
										}
									],
									"actions": [
										{
											"id": "play",
											"objectClass": "Audio",
											"sid": 689690111364461,
											"parameters": {
												"audio-file": "Wha! wha! wha! 2",
												"loop": "not-looping",
												"volume": "0",
												"tag-optional": "\"\""
											}
										},
										{
											"id": "set-eventvar-value",
											"objectClass": "System",
											"sid": 131306197699259,
											"parameters": {
												"variable": "startCount",
												"value": "-1"
											}
										},
										{
											"id": "set-animation-frame",
											"objectClass": "Counter",
											"sid": 576055002242891,
											"parameters": {
												"frame-number": "6"
											}
										},
										{
											"id": "set-visible",
											"objectClass": "Counter",
											"sid": 391526435851765,
											"parameters": {
												"visibility": "visible"
											}
										},
										{
											"id": "set-scale",
											"objectClass": "Counter",
											"sid": 871437638872575,
											"parameters": {
												"scale": "0.5"
											}
										},
										{
											"id": "tween-two-properties",
											"objectClass": "Counter",
											"sid": 521090457617462,
											"behaviorType": "Tween",
											"parameters": {
												"tags": "\"\"",
												"property": "scale",
												"end-x": "1",
												"end-y": "1",
												"time": "1",
												"ease": "default",
												"destroy-on-complete": "no",
												"loop": "no",
												"ping-pong": "no"
											}
										},
										{
											"id": "resume-all-tweens",
											"objectClass": "Counter",
											"sid": 682520321119317,
											"behaviorType": "Tween"
										},
										{
											"id": "wait",
											"objectClass": "System",
											"sid": 476693100574369,
											"parameters": {
												"seconds": "1"
											}
										},
										{
											"callFunction": "papanTandaOut",
											"sid": 227334911729720,
											"parameters": [
												"1",
												"1",
												"1"
											]
										},
										{
											"id": "move-to-top",
											"objectClass": "Counter",
											"sid": 220245896160346
										},
										{
											"id": "wait",
											"objectClass": "System",
											"sid": 423701437998400,
											"parameters": {
												"seconds": "3"
											}
										},
										{
											"id": "move-to-top",
											"objectClass": "NextLevelButton",
											"sid": 484947118314774
										},
										{
											"id": "set-animation-frame",
											"objectClass": "NextLevelButton",
											"sid": 831306375378954,
											"parameters": {
												"frame-number": "1"
											}
										},
										{
											"id": "set-visible",
											"objectClass": "NextLevelButton",
											"sid": 903848357414042,
											"parameters": {
												"visibility": "visible"
											}
										}
									],
									"sid": 947394036040404
								}
							]
						}
					]
				}
			]
		},
		{
			"eventType": "comment",
			"text": "Go to next level"
		},
		{
			"eventType": "block",
			"conditions": [
				{
					"id": "on-tap-object",
					"objectClass": "Touch",
					"sid": 332610748455158,
					"parameters": {
						"object": "NextLevelButton"
					}
				},
				{
					"id": "is-visible",
					"objectClass": "NextLevelButton",
					"sid": 792908202603700
				},
				{
					"id": "compare-animation-frame",
					"objectClass": "NextLevelButton",
					"sid": 158772239090525,
					"parameters": {
						"comparison": 0,
						"number": "0"
					}
				}
			],
			"actions": [
				{
					"id": "go-to-layout-by-name",
					"objectClass": "System",
					"sid": 648805296240704,
					"parameters": {
						"layout": "\"Level\"&str(int(level)+1)"
					}
				}
			],
			"sid": 919669706210171
		},
		{
			"eventType": "comment",
			"text": "Restart level"
		},
		{
			"eventType": "block",
			"conditions": [
				{
					"id": "on-tap-object",
					"objectClass": "Touch",
					"sid": 631306110860197,
					"parameters": {
						"object": "ReloadGame"
					}
				}
			],
			"actions": [
				{
					"id": "restart-layout",
					"objectClass": "System",
					"sid": 194391306816557
				}
			],
			"sid": 695837170735883
		},
		{
			"eventType": "block",
			"conditions": [
				{
					"id": "on-tap-object",
					"objectClass": "Touch",
					"sid": 196043423914993,
					"parameters": {
						"object": "NextLevelButton"
					}
				},
				{
					"id": "is-visible",
					"objectClass": "NextLevelButton",
					"sid": 817116739175467
				},
				{
					"id": "compare-animation-frame",
					"objectClass": "NextLevelButton",
					"sid": 560018646818619,
					"parameters": {
						"comparison": 0,
						"number": "1"
					}
				}
			],
			"actions": [
				{
					"id": "restart-layout",
					"objectClass": "System",
					"sid": 370768890713510
				}
			],
			"sid": 516655886765054
		},
		{
			"eventType": "comment",
			"text": "Home Button"
		},
		{
			"eventType": "block",
			"conditions": [
				{
					"id": "on-tap-object",
					"objectClass": "Touch",
					"sid": 665547461922340,
					"parameters": {
						"object": "HomeButton"
					}
				}
			],
			"actions": [
				{
					"id": "go-to-layout",
					"objectClass": "System",
					"sid": 591761091025384,
					"parameters": {
						"layout": "MainMenu"
					}
				}
			],
			"sid": 133674654306584
		},
		{
			"eventType": "comment",
			"text": "Fail level"
		},
		{
			"eventType": "block",
			"conditions": [
				{
					"id": "on-destroyed",
					"objectClass": "Shape",
					"sid": 636691428941077
				},
				{
					"id": "is-outside-layout",
					"objectClass": "Shape",
					"sid": 802710301947232
				},
				{
					"id": "is-boolean-instance-variable-set",
					"objectClass": "Shape",
					"sid": 488110850761247,
					"parameters": {
						"instance-variable": "contoh"
					},
					"isInverted": true
				},
				{
					"id": "compare-eventvar",
					"objectClass": "System",
					"sid": 784535228272095,
					"parameters": {
						"variable": "startCount",
						"comparison": 1,
						"value": "2"
					}
				}
			],
			"actions": [
				{
					"callFunction": "kalahJatuh",
					"sid": 224650759866844
				}
			],
			"sid": 174618938301606
		},
		{
			"eventType": "block",
			"conditions": [
				{
					"id": "compare-y",
					"objectClass": "GreenRedYellow",
					"sid": 963539056960853,
					"parameters": {
						"comparison": 4,
						"y-co-ordinate": "2000"
					}
				},
				{
					"id": "compare-eventvar",
					"objectClass": "System",
					"sid": 478125004196006,
					"parameters": {
						"variable": "startCount",
						"comparison": 1,
						"value": "2"
					}
				}
			],
			"actions": [
				{
					"id": "destroy",
					"objectClass": "GreenRedYellow",
					"sid": 866335304279765
				},
				{
					"callFunction": "kalahJatuh",
					"sid": 540995851394824
				}
			],
			"sid": 326405465698344
		},
		{
			"functionName": "kalahJatuh",
			"functionDescription": "",
			"functionCategory": "",
			"functionReturnType": "none",
			"functionCopyPicked": false,
			"functionIsAsync": false,
			"functionParameters": [],
			"eventType": "function-block",
			"conditions": [],
			"actions": [
				{
					"id": "play",
					"objectClass": "Audio",
					"sid": 973287260967751,
					"parameters": {
						"audio-file": "Wha! wha! wha! 2",
						"loop": "not-looping",
						"volume": "0",
						"tag-optional": "\"\""
					}
				},
				{
					"id": "set-eventvar-value",
					"objectClass": "System",
					"sid": 549651280112550,
					"parameters": {
						"variable": "startCount",
						"value": "-1"
					}
				},
				{
					"id": "set-animation-frame",
					"objectClass": "Counter",
					"sid": 179294079748924,
					"parameters": {
						"frame-number": "6"
					}
				},
				{
					"id": "set-visible",
					"objectClass": "Counter",
					"sid": 765284045291212,
					"parameters": {
						"visibility": "visible"
					}
				},
				{
					"id": "set-scale",
					"objectClass": "Counter",
					"sid": 614803033805026,
					"parameters": {
						"scale": "0.5"
					}
				},
				{
					"id": "tween-two-properties",
					"objectClass": "Counter",
					"sid": 716498080067999,
					"behaviorType": "Tween",
					"parameters": {
						"tags": "\"\"",
						"property": "scale",
						"end-x": "1",
						"end-y": "1",
						"time": "1",
						"ease": "default",
						"destroy-on-complete": "no",
						"loop": "no",
						"ping-pong": "no"
					}
				},
				{
					"id": "resume-all-tweens",
					"objectClass": "Counter",
					"sid": 396252099171417,
					"behaviorType": "Tween"
				},
				{
					"id": "wait",
					"objectClass": "System",
					"sid": 303515054427844,
					"parameters": {
						"seconds": "1"
					}
				},
				{
					"callFunction": "papanTandaOut",
					"sid": 635652157073698,
					"parameters": [
						"1",
						"1",
						"1"
					]
				},
				{
					"id": "move-to-top",
					"objectClass": "Counter",
					"sid": 802308933609742
				},
				{
					"id": "wait",
					"objectClass": "System",
					"sid": 249568424008916,
					"parameters": {
						"seconds": "3"
					}
				},
				{
					"id": "move-to-top",
					"objectClass": "NextLevelButton",
					"sid": 576919423608651
				},
				{
					"id": "set-animation-frame",
					"objectClass": "NextLevelButton",
					"sid": 701059954755527,
					"parameters": {
						"frame-number": "1"
					}
				},
				{
					"id": "set-visible",
					"objectClass": "NextLevelButton",
					"sid": 530640785665108,
					"parameters": {
						"visibility": "visible"
					}
				}
			],
			"sid": 661283317228550,
			"children": [
				{
					"eventType": "block",
					"conditions": [
						{
							"id": "every-x-seconds",
							"objectClass": "System",
							"sid": 977913350250508,
							"parameters": {
								"interval-seconds": "1.0"
							}
						},
						{
							"id": "for-each",
							"objectClass": "System",
							"sid": 529815970346614,
							"parameters": {
								"object": "Bintang"
							}
						}
					],
					"actions": [
						{
							"id": "tween-one-property",
							"objectClass": "Bintang",
							"sid": 490182041238507,
							"behaviorType": "Tween",
							"parameters": {
								"tags": "\"\"",
								"property": "offsetAngle",
								"end-value": "0",
								"time": "0.5",
								"ease": "default",
								"destroy-on-complete": "no",
								"loop": "no",
								"ping-pong": "no"
							}
						},
						{
							"id": "tween-two-properties",
							"objectClass": "Bintang",
							"sid": 862517252476160,
							"behaviorType": "Tween",
							"parameters": {
								"tags": "\"\"",
								"property": "size",
								"end-x": "131 ",
								"end-y": " 126",
								"time": "0.5",
								"ease": "default",
								"destroy-on-complete": "no",
								"loop": "no",
								"ping-pong": "no"
							}
						}
					],
					"sid": 657201506145878
				}
			]
		},
		{
			"eventType": "comment",
			"text": "Feedback"
		},
		{
			"eventType": "block",
			"conditions": [
				{
					"id": "on-touched-object",
					"objectClass": "Touch",
					"sid": 233625891582817,
					"parameters": {
						"object": "HomeButton"
					}
				}
			],
			"actions": [
				{
					"id": "set-opacity",
					"objectClass": "HomeButton",
					"sid": 218678478336580,
					"parameters": {
						"opacity": "70"
					}
				}
			],
			"sid": 309073466541033
		},
		{
			"eventType": "block",
			"conditions": [
				{
					"id": "on-touched-object",
					"objectClass": "Touch",
					"sid": 130058325884348,
					"parameters": {
						"object": "ReloadGame"
					}
				}
			],
			"actions": [
				{
					"id": "set-opacity",
					"objectClass": "ReloadGame",
					"sid": 297740902930252,
					"parameters": {
						"opacity": "70"
					}
				}
			],
			"sid": 417359419930309
		},
		{
			"eventType": "block",
			"conditions": [
				{
					"id": "on-touched-object",
					"objectClass": "Touch",
					"sid": 692850017353258,
					"parameters": {
						"object": "NextLevelButton"
					}
				}
			],
			"actions": [
				{
					"id": "set-opacity",
					"objectClass": "NextLevelButton",
					"sid": 909945191085326,
					"parameters": {
						"opacity": "70"
					}
				}
			],
			"sid": 760558795196554
		},
		{
			"eventType": "block",
			"conditions": [
				{
					"id": "on-any-touch-end",
					"objectClass": "Touch",
					"sid": 512561393755207
				}
			],
			"actions": [
				{
					"id": "set-opacity",
					"objectClass": "HomeButton",
					"sid": 953267661969620,
					"parameters": {
						"opacity": "100"
					}
				},
				{
					"id": "set-opacity",
					"objectClass": "ReloadGame",
					"sid": 262700611733028,
					"parameters": {
						"opacity": "100"
					}
				},
				{
					"id": "set-opacity",
					"objectClass": "NextLevelButton",
					"sid": 459777339267891,
					"parameters": {
						"opacity": "100"
					}
				}
			],
			"sid": 498717575234747
		},
		{
			"eventType": "comment",
			"text": "Green bergerak"
		},
		{
			"eventType": "block",
			"conditions": [
				{
					"id": "every-tick",
					"objectClass": "System",
					"sid": 450467770378660
				}
			],
			"actions": [
				{
					"id": "set-velocity",
					"objectClass": "GreenRedYellow",
					"sid": 588051863178820,
					"behaviorType": "Physics",
					"parameters": {
						"x-component": "Self.speed",
						"y-component": "Self.Physics.VelocityY"
					}
				},
				{
					"id": "set-x",
					"objectClass": "GreenRedYellow",
					"sid": 307480768216722,
					"disabled": true,
					"parameters": {
						"x": "Self.X+1"
					}
				}
			],
			"sid": 142643637632835
		},
		{
			"eventType": "comment",
			"text": "tukar arah"
		},
		{
			"eventType": "block",
			"conditions": [
				{
					"id": "compare-instance-variable",
					"objectClass": "GreenRedYellow",
					"sid": 999441082510099,
					"parameters": {
						"instance-variable": "turning",
						"comparison": 0,
						"value": "0"
					}
				}
			],
			"actions": [],
			"sid": 763743279025657,
			"children": [
				{
					"eventType": "block",
					"conditions": [
						{
							"id": "on-collision-with-another-object",
							"objectClass": "GreenRedYellow",
							"sid": 623809199258722,
							"parameters": {
								"object": "TileTurning"
							}
						},
						{
							"id": "on-collision-with-another-object",
							"objectClass": "GreenRedYellow",
							"sid": 239998212094186,
							"parameters": {
								"object": "Shape"
							}
						}
					],
					"actions": [],
					"sid": 994652501581479,
					"children": [
						{
							"eventType": "block",
							"conditions": [
								{
									"id": "is-boolean-instance-variable-set",
									"objectClass": "Shape",
									"sid": 397775858571104,
									"parameters": {
										"instance-variable": "contoh"
									},
									"isInverted": true
								}
							],
							"actions": [
								{
									"id": "set-instvar-value",
									"objectClass": "GreenRedYellow",
									"sid": 378486963483774,
									"parameters": {
										"instance-variable": "turning",
										"value": "1"
									}
								},
								{
									"id": "wait",
									"objectClass": "System",
									"sid": 423157468198037,
									"parameters": {
										"seconds": "1.0"
									}
								},
								{
									"id": "set-size",
									"objectClass": "GreenRedYellow",
									"sid": 456868105359588,
									"parameters": {
										"width": "-Self.Width",
										"height": "Self.Height"
									}
								},
								{
									"id": "set-instvar-value",
									"objectClass": "GreenRedYellow",
									"sid": 308619750768332,
									"parameters": {
										"instance-variable": "speed",
										"value": "-Self.speed"
									}
								},
								{
									"id": "wait",
									"objectClass": "System",
									"sid": 197321384111095,
									"parameters": {
										"seconds": "2"
									}
								},
								{
									"id": "set-instvar-value",
									"objectClass": "GreenRedYellow",
									"sid": 615496580421768,
									"parameters": {
										"instance-variable": "turning",
										"value": "0"
									}
								}
							],
							"sid": 354718778378157
						}
					],
					"isOrBlock": true
				}
			]
		},
		{
			"eventType": "comment",
			"text": "keluar bintang"
		},
		{
			"functionName": "bintang",
			"functionDescription": "",
			"functionCategory": "",
			"functionReturnType": "none",
			"functionCopyPicked": false,
			"functionIsAsync": false,
			"functionParameters": [
				{
					"name": "bintang",
					"type": "number",
					"initialValue": "1",
					"comment": "",
					"sid": 342001542186356
				},
				{
					"name": "frame",
					"type": "number",
					"initialValue": "0",
					"comment": "",
					"sid": 677485893344405
				}
			],
			"eventType": "function-block",
			"conditions": [
				{
					"id": "compare-instance-variable",
					"objectClass": "Bintang",
					"sid": 492706018259714,
					"parameters": {
						"instance-variable": "item",
						"comparison": 0,
						"value": "bintang"
					}
				}
			],
			"actions": [
				{
					"id": "move-to-top",
					"objectClass": "Bintang",
					"sid": 267651311790736
				},
				{
					"id": "set-angle",
					"objectClass": "Bintang",
					"sid": 339895333076441,
					"parameters": {
						"angle": "330"
					}
				},
				{
					"id": "set-scale",
					"objectClass": "Bintang",
					"sid": 853941081864726,
					"parameters": {
						"scale": "0"
					}
				},
				{
					"id": "set-visible",
					"objectClass": "Bintang",
					"sid": 903289766328075,
					"parameters": {
						"visibility": "visible"
					}
				},
				{
					"id": "tween-one-property",
					"objectClass": "Bintang",
					"sid": 222133348722072,
					"behaviorType": "Tween",
					"parameters": {
						"tags": "\"\"",
						"property": "offsetAngle",
						"end-value": "0",
						"time": "0.5",
						"ease": "default",
						"destroy-on-complete": "no",
						"loop": "no",
						"ping-pong": "no"
					}
				},
				{
					"id": "tween-two-properties",
					"objectClass": "Bintang",
					"sid": 568717474123981,
					"behaviorType": "Tween",
					"parameters": {
						"tags": "\"\"",
						"property": "scale",
						"end-x": "1",
						"end-y": "1",
						"time": "0.5",
						"ease": "default",
						"destroy-on-complete": "no",
						"loop": "no",
						"ping-pong": "no"
					}
				},
				{
					"id": "set-animation-frame",
					"objectClass": "Bintang",
					"sid": 417666936412215,
					"parameters": {
						"frame-number": "frame"
					}
				}
			],
			"sid": 816499664814216,
			"children": [
				{
					"eventType": "block",
					"conditions": [
						{
							"id": "compare-two-values",
							"objectClass": "System",
							"sid": 498799018510337,
							"parameters": {
								"first-value": "frame",
								"comparison": 0,
								"second-value": "0"
							}
						}
					],
					"actions": [
						{
							"id": "play",
							"objectClass": "Audio",
							"sid": 209707154107632,
							"parameters": {
								"audio-file": "star",
								"loop": "not-looping",
								"volume": "-12",
								"tag-optional": "\"\""
							}
						}
					],
					"sid": 507682809443136
				}
			]
		},
		{
			"functionName": "papanTandaOut",
			"functionDescription": "",
			"functionCategory": "",
			"functionReturnType": "none",
			"functionCopyPicked": false,
			"functionIsAsync": false,
			"functionParameters": [
				{
					"name": "bintang1",
					"type": "number",
					"initialValue": "0",
					"comment": "",
					"sid": 490540221924069
				},
				{
					"name": "bintang2",
					"type": "number",
					"initialValue": "0",
					"comment": "",
					"sid": 546324818467585
				},
				{
					"name": "bintang3",
					"type": "number",
					"initialValue": "0",
					"comment": "",
					"sid": 375217965254935
				}
			],
			"eventType": "function-block",
			"conditions": [],
			"actions": [
				{
					"id": "set-boolean-eventvar",
					"objectClass": "System",
					"sid": 495042245016466,
					"parameters": {
						"variable": "canPlay",
						"value": "false"
					}
				},
				{
					"id": "move-to-top",
					"objectClass": "backgroundPass",
					"sid": 665308322244214
				},
				{
					"id": "tween-one-property",
					"objectClass": "backgroundPass",
					"sid": 982508739497171,
					"behaviorType": "Tween",
					"parameters": {
						"tags": "\"\"",
						"property": "offsetX",
						"end-value": "536",
						"time": "1",
						"ease": "default",
						"destroy-on-complete": "no",
						"loop": "no",
						"ping-pong": "no"
					}
				},
				{
					"id": "wait",
					"objectClass": "System",
					"sid": 167394630207220,
					"parameters": {
						"seconds": "1"
					}
				},
				{
					"callFunction": "bintang",
					"sid": 465661643733918,
					"parameters": [
						"1",
						"bintang1"
					]
				},
				{
					"id": "wait",
					"objectClass": "System",
					"sid": 361355613305054,
					"parameters": {
						"seconds": "0.7"
					}
				},
				{
					"callFunction": "bintang",
					"sid": 466292792087153,
					"parameters": [
						"2",
						"bintang2"
					]
				},
				{
					"id": "wait",
					"objectClass": "System",
					"sid": 148121777118757,
					"parameters": {
						"seconds": "0.7"
					}
				},
				{
					"callFunction": "bintang",
					"sid": 922732505450802,
					"parameters": [
						"3",
						"bintang3"
					]
				}
			],
			"sid": 645972385055817
		},
		{
			"eventType": "comment",
			"text": "RESET ALL"
		},
		{
			"eventType": "block",
			"conditions": [
				{
					"id": "on-end-of-layout",
					"objectClass": "System",
					"sid": 595079968175126
				}
			],
			"actions": [
				{
					"id": "set-boolean-eventvar",
					"objectClass": "System",
					"sid": 368916341041234,
					"parameters": {
						"variable": "canPlay",
						"value": "true"
					}
				}
			],
			"sid": 541772739036928
		},
		{
			"eventType": "comment",
			"text": "warna kuning ada benda atasnya"
		},
		{
			"eventType": "block",
			"conditions": [
				{
					"id": "on-collision-with-another-object",
					"objectClass": "GreenRedYellow",
					"sid": 983881469094474,
					"parameters": {
						"object": "Shape"
					}
				},
				{
					"id": "compare-y",
					"objectClass": "Shape",
					"sid": 191394474979439,
					"parameters": {
						"comparison": 2,
						"y-co-ordinate": "GreenRedYellow.Y"
					}
				},
				{
					"id": "compare-animation-frame",
					"objectClass": "GreenRedYellow",
					"sid": 329281933438177,
					"parameters": {
						"comparison": 0,
						"number": "2"
					}
				}
			],
			"actions": [
				{
					"id": "set-instvar-value",
					"objectClass": "GreenRedYellow",
					"sid": 939355585578971,
					"parameters": {
						"instance-variable": "speed",
						"value": "0"
					}
				}
			],
			"sid": 408230767752441
		}
	],
	"sid": 271771155852894
}