{
	"name": "Level0",
	"layers": [
		{
			"name": "Layer 0",
			"overriden": 0,
			"subLayers": [],
			"instances": [
				{
					"type": "Sprite",
					"properties": {
						"initially-visible": true,
						"initial-animation": "Default",
						"initial-frame": 5,
						"enable-collisions": true,
						"live-preview": false
					},
					"uid": 159,
					"instanceVariables": {
						"item": 0,
						"targetx": 539.307,
						"targety": 1741.212
					},
					"behaviors": {
						"Tween": {
							"properties": {
								"enabled": false
							}
						}
					},
					"world": {
						"x": 541,
						"y": 1744,
						"width": 1086.724121094,
						"height": 412.3660653923761,
						"originX": 0.500713,
						"originY": 0.4398496240601504,
						"color": [
							1,
							1,
							1,
							1
						],
						"angle": 0,
						"zElevation": 0
					}
				},
				{
					"type": "Sprite",
					"properties": {
						"initially-visible": true,
						"initial-animation": "Default",
						"initial-frame": 0,
						"enable-collisions": true,
						"live-preview": false
					},
					"uid": 141,
					"instanceVariables": {
						"item": 0,
						"targetx": 555,
						"targety": 196
					},
					"behaviors": {
						"Tween": {
							"properties": {
								"enabled": true
							}
						}
					},
					"world": {
						"x": 593,
						"y": -281,
						"width": 1415.026489258,
						"height": 464.0831604,
						"originX": 0.5,
						"originY": 0.5,
						"color": [
							1,
							1,
							1,
							1
						],
						"angle": 0,
						"zElevation": 0
					}
				},
				{
					"type": "TaklehTekan",
					"properties": {
						"initially-visible": true,
						"initial-animation": "Default",
						"initial-frame": 0,
						"enable-collisions": true,
						"live-preview": false
					},
					"uid": 142,
					"instanceVariables": {
						"tghBukak": false
					},
					"behaviors": {
						"Flash": {
							"properties": {}
						}
					},
					"world": {
						"x": 538.5,
						"y": 1468,
						"width": 1075,
						"height": 920,
						"originX": 0.5,
						"originY": 0.5,
						"color": [
							1,
							1,
							1,
							0
						],
						"angle": 0,
						"zElevation": 0
					}
				},
				{
					"type": "Tile",
					"properties": {
						"initially-visible": true,
						"origin": "top-left",
						"wrap-horizontal": "repeat",
						"wrap-vertical": "repeat",
						"image-offset-x": 0,
						"image-offset-y": 0,
						"image-scale-x": 1,
						"image-scale-y": 1,
						"image-angle": 0
					},
					"uid": 143,
					"instanceVariables": {},
					"behaviors": {
						"Physics": {
							"properties": {
								"immovable": true,
								"collision-mask": "use-collision-polygon",
								"prevent-rotation": false,
								"density": 1,
								"friction": 0.5,
								"elasticity": 0.2,
								"linear-damping": 0,
								"angular-damping": 0.01,
								"bullet": false,
								"enabled": true
							}
						}
					},
					"world": {
						"x": 280,
						"y": 1700,
						"width": 513,
						"height": 125,
						"originX": 0,
						"originY": 0,
						"color": [
							1,
							1,
							1,
							1
						],
						"angle": 0,
						"zElevation": 0
					}
				},
				{
					"type": "TBPutih",
					"properties": {
						"initially-visible": true,
						"origin": "top-left",
						"wrap-horizontal": "repeat",
						"wrap-vertical": "repeat",
						"image-offset-x": 0,
						"image-offset-y": 0,
						"image-scale-x": 1,
						"image-scale-y": 1,
						"image-angle": 0
					},
					"uid": 144,
					"instanceVariables": {},
					"behaviors": {},
					"world": {
						"x": 846,
						"y": 21,
						"width": 216.8253241786288,
						"height": 258.91217859624055,
						"originX": 0,
						"originY": 0,
						"color": [
							1,
							1,
							1,
							1
						],
						"angle": 0,
						"zElevation": 0
					}
				},
				{
					"type": "CancelPut",
					"properties": {
						"initially-visible": false,
						"initial-animation": "Default",
						"initial-frame": 0,
						"enable-collisions": true,
						"live-preview": false
					},
					"uid": 145,
					"instanceVariables": {},
					"behaviors": {},
					"world": {
						"x": 121,
						"y": 267,
						"width": 158.435913086,
						"height": 159.256820679,
						"originX": 0.502591,
						"originY": 0.5,
						"color": [
							1,
							1,
							1,
							1
						],
						"angle": 0,
						"zElevation": 0
					}
				},
				{
					"type": "Garisan",
					"properties": {
						"initially-visible": true,
						"origin": "top-left",
						"wrap-horizontal": "repeat",
						"wrap-vertical": "repeat",
						"image-offset-x": 0,
						"image-offset-y": 0,
						"image-scale-x": 1,
						"image-scale-y": 1,
						"image-angle": 0
					},
					"uid": 146,
					"instanceVariables": {},
					"behaviors": {},
					"world": {
						"x": -38,
						"y": 1019,
						"width": 1127,
						"height": -13,
						"originX": 0,
						"originY": 0,
						"color": [
							1,
							1,
							1,
							1
						],
						"angle": 0,
						"zElevation": 0
					}
				},
				{
					"type": "Text2",
					"properties": {
						"text": "You are not allowed to drop from here!",
						"enable-bbcode": false,
						"font": "Franklin Gothic Heavy",
						"size": 48,
						"line-height": 0,
						"bold": false,
						"italic": false,
						"color": [
							1,
							1,
							1,
							1
						],
						"horizontal-alignment": "center",
						"vertical-alignment": "center",
						"wrapping": "word",
						"initially-visible": true,
						"origin": "center"
					},
					"uid": 147,
					"instanceVariables": {},
					"behaviors": {
						"Flash": {
							"properties": {}
						}
					},
					"world": {
						"x": 544,
						"y": 1184,
						"width": 847,
						"height": 232,
						"originX": 0.5,
						"originY": 0.5,
						"color": [
							1,
							1,
							1,
							0
						],
						"angle": 0,
						"zElevation": 0
					}
				},
				{
					"type": "Garisan2",
					"properties": {
						"initially-visible": true,
						"origin": "top-left",
						"wrap-horizontal": "repeat",
						"wrap-vertical": "repeat",
						"image-offset-x": 0,
						"image-offset-y": 0,
						"image-scale-x": 1,
						"image-scale-y": 1,
						"image-angle": 0
					},
					"uid": 148,
					"instanceVariables": {},
					"behaviors": {},
					"world": {
						"x": -1115,
						"y": 733,
						"width": 1088,
						"height": 7,
						"originX": 0,
						"originY": 0,
						"color": [
							1,
							1,
							1,
							0.5
						],
						"angle": 0,
						"zElevation": 0
					}
				},
				{
					"type": "Shape",
					"properties": {
						"initially-visible": true,
						"initial-animation": "Default",
						"initial-frame": 1,
						"enable-collisions": true,
						"live-preview": false
					},
					"uid": 149,
					"instanceVariables": {
						"item": 100,
						"contoh": false
					},
					"behaviors": {
						"Physics": {
							"properties": {
								"immovable": false,
								"collision-mask": "use-collision-polygon",
								"prevent-rotation": false,
								"density": 1,
								"friction": 0.5,
								"elasticity": 0.2,
								"linear-damping": 0,
								"angular-damping": 0.01,
								"bullet": false,
								"enabled": false
							}
						},
						"DestroyOutsideLayout": {
							"properties": {}
						},
						"Pin": {
							"properties": {
								"destroy": false
							}
						}
					},
					"world": {
						"x": 957,
						"y": 172,
						"width": 178.00000000000003,
						"height": 177,
						"originX": 0.5,
						"originY": 0.503226,
						"color": [
							1,
							1,
							1,
							1
						],
						"angle": 0,
						"zElevation": 0
					}
				},
				{
					"type": "Faces",
					"properties": {
						"initially-visible": true,
						"initial-animation": "Default",
						"initial-frame": 0,
						"enable-collisions": true,
						"live-preview": false
					},
					"uid": 150,
					"instanceVariables": {
						"contoh": false,
						"item": 100,
						"offsetPandang": 0
					},
					"behaviors": {
						"Pin": {
							"properties": {
								"destroy": false
							}
						},
						"DestroyOutsideLayout": {
							"properties": {}
						}
					},
					"world": {
						"x": 957,
						"y": 172,
						"width": 128,
						"height": 84,
						"originX": 0.5,
						"originY": 0.5,
						"color": [
							1,
							1,
							1,
							1
						],
						"angle": 0,
						"zElevation": 0
					}
				},
				{
					"type": "Counter",
					"properties": {
						"initially-visible": false,
						"initial-animation": "Default",
						"initial-frame": 5,
						"enable-collisions": true,
						"live-preview": false
					},
					"uid": 151,
					"instanceVariables": {},
					"behaviors": {
						"Tween": {
							"properties": {
								"enabled": true
							}
						}
					},
					"world": {
						"x": 540,
						"y": 578,
						"width": 265.290344238,
						"height": 84.67742157,
						"originX": 0.503891,
						"originY": 0.502857,
						"color": [
							1,
							1,
							1,
							0.899999976
						],
						"angle": 0,
						"zElevation": 0
					}
				},
				{
					"type": "Text3",
					"properties": {
						"text": "NEXT",
						"enable-bbcode": false,
						"font": "Verdana",
						"size": 30,
						"line-height": 0,
						"bold": false,
						"italic": false,
						"color": [
							0,
							0,
							0,
							1
						],
						"horizontal-alignment": "center",
						"vertical-alignment": "center",
						"wrapping": "word",
						"initially-visible": true,
						"origin": "center"
					},
					"uid": 152,
					"instanceVariables": {},
					"behaviors": {},
					"world": {
						"x": 956,
						"y": 51,
						"width": 294,
						"height": 118,
						"originX": 0.5,
						"originY": 0.5,
						"color": [
							1,
							1,
							1,
							1
						],
						"angle": 0,
						"zElevation": 0
					}
				},
				{
					"type": "NextLevelButton",
					"properties": {
						"initially-visible": false,
						"initial-animation": "Default",
						"initial-frame": 0,
						"enable-collisions": true,
						"live-preview": false
					},
					"uid": 153,
					"instanceVariables": {},
					"behaviors": {},
					"world": {
						"x": 533,
						"y": 879,
						"width": 206.33203125,
						"height": 205.431015015,
						"originX": 0.502183,
						"originY": 0.5,
						"color": [
							1,
							1,
							1,
							1
						],
						"angle": 0,
						"zElevation": 0
					}
				},
				{
					"type": "ReloadGame",
					"properties": {
						"initially-visible": true,
						"initial-animation": "Default",
						"initial-frame": 0,
						"enable-collisions": true,
						"live-preview": false
					},
					"uid": 154,
					"instanceVariables": {},
					"behaviors": {},
					"world": {
						"x": 225,
						"y": 92,
						"width": 106.995330811,
						"height": 106.995330811,
						"originX": 0.502203,
						"originY": 0.502203,
						"color": [
							1,
							1,
							1,
							1
						],
						"angle": 0,
						"zElevation": 0
					}
				},
				{
					"type": "HomeButton",
					"properties": {
						"initially-visible": true,
						"initial-animation": "Default",
						"initial-frame": 0,
						"enable-collisions": true,
						"live-preview": false
					},
					"uid": 156,
					"instanceVariables": {},
					"behaviors": {
						"Flash": {
							"properties": {}
						}
					},
					"world": {
						"x": 91,
						"y": 94,
						"width": 108.305122375,
						"height": 108.305122375,
						"originX": 0.5,
						"originY": 0.5,
						"color": [
							1,
							1,
							1,
							1
						],
						"angle": 0,
						"zElevation": 0
					}
				},
				{
					"type": "Text",
					"properties": {
						"text": "Tutorial",
						"enable-bbcode": false,
						"font": "Bahnschrift",
						"size": 35,
						"line-height": 0,
						"bold": true,
						"italic": false,
						"color": [
							0,
							0,
							0,
							1
						],
						"horizontal-alignment": "center",
						"vertical-alignment": "center",
						"wrapping": "word",
						"initially-visible": true,
						"origin": "center"
					},
					"uid": 157,
					"instanceVariables": {
						"item": 2,
						"targetx": 0,
						"targety": 0
					},
					"behaviors": {
						"Tween": {
							"properties": {
								"enabled": true
							}
						}
					},
					"world": {
						"x": 537,
						"y": 97,
						"width": 406.312591553,
						"height": 110.122108459,
						"originX": 0.5,
						"originY": 0.5,
						"color": [
							1,
							1,
							1,
							1
						],
						"angle": 0,
						"zElevation": 0
					}
				},
				{
					"type": "TextRemaining",
					"properties": {
						"text": "Remaining: ",
						"enable-bbcode": true,
						"font": "Arial Rounded MT",
						"size": 24,
						"line-height": 0,
						"bold": false,
						"italic": false,
						"color": [
							0,
							0,
							0,
							1
						],
						"horizontal-alignment": "center",
						"vertical-alignment": "top",
						"wrapping": "word",
						"initially-visible": true,
						"origin": "center"
					},
					"uid": 158,
					"instanceVariables": {},
					"behaviors": {},
					"world": {
						"x": 947,
						"y": 329,
						"width": 300,
						"height": 96,
						"originX": 0.5,
						"originY": 0.5,
						"color": [
							1,
							1,
							1,
							1
						],
						"angle": 0,
						"zElevation": 0
					}
				},
				{
					"type": "Sprite2",
					"properties": {
						"initially-visible": true,
						"initial-animation": "Animation 1",
						"initial-frame": 0,
						"enable-collisions": true,
						"live-preview": false
					},
					"uid": 160,
					"instanceVariables": {
						"item": 1
					},
					"behaviors": {
						"Tween": {
							"properties": {
								"enabled": true
							}
						},
						"Fade": {
							"properties": {
								"fade-in-time": 0,
								"wait-time": 0,
								"fade-out-time": 1,
								"destroy": true,
								"enabled": false,
								"live-preview": false
							}
						}
					},
					"world": {
						"x": 1174,
						"y": 749,
						"width": 94,
						"height": 121,
						"originX": 0.5,
						"originY": 0.5,
						"color": [
							1,
							1,
							1,
							0.9
						],
						"angle": 0,
						"zElevation": 0
					}
				},
				{
					"type": "Sprite2",
					"properties": {
						"initially-visible": true,
						"initial-animation": "Animation 1",
						"initial-frame": 1,
						"enable-collisions": true,
						"live-preview": false
					},
					"uid": 161,
					"instanceVariables": {
						"item": 3
					},
					"behaviors": {
						"Tween": {
							"properties": {
								"enabled": true
							}
						},
						"Fade": {
							"properties": {
								"fade-in-time": 1,
								"wait-time": 0,
								"fade-out-time": 0,
								"destroy": true,
								"enabled": true,
								"live-preview": false
							}
						}
					},
					"world": {
						"x": 780,
						"y": 421,
						"width": 130,
						"height": 205,
						"originX": 0.5,
						"originY": 0.5,
						"color": [
							1,
							1,
							1,
							1
						],
						"angle": 0,
						"zElevation": 0
					}
				},
				{
					"type": "Sprite2",
					"properties": {
						"initially-visible": true,
						"initial-animation": "Animation 1",
						"initial-frame": 2,
						"enable-collisions": true,
						"live-preview": false
					},
					"uid": 162,
					"instanceVariables": {
						"item": 2
					},
					"behaviors": {
						"Tween": {
							"properties": {
								"enabled": true
							}
						},
						"Fade": {
							"properties": {
								"fade-in-time": 1,
								"wait-time": 0,
								"fade-out-time": 0,
								"destroy": true,
								"enabled": true,
								"live-preview": false
							}
						}
					},
					"world": {
						"x": 740,
						"y": 582,
						"width": 509,
						"height": 67,
						"originX": 0.5,
						"originY": 0.5,
						"color": [
							1,
							1,
							1,
							1
						],
						"angle": 0,
						"zElevation": 0
					}
				},
				{
					"type": "Sprite2",
					"properties": {
						"initially-visible": false,
						"initial-animation": "Animation 1",
						"initial-frame": 6,
						"enable-collisions": true,
						"live-preview": false
					},
					"uid": 163,
					"instanceVariables": {
						"item": 8
					},
					"behaviors": {
						"Tween": {
							"properties": {
								"enabled": true
							}
						},
						"Fade": {
							"properties": {
								"fade-in-time": 1,
								"wait-time": 0,
								"fade-out-time": 0,
								"destroy": true,
								"enabled": false,
								"live-preview": false
							}
						}
					},
					"world": {
						"x": 554,
						"y": 1316,
						"width": 619,
						"height": 117,
						"originX": 0.5,
						"originY": 0.49572649572649574,
						"color": [
							1,
							1,
							1,
							1
						],
						"angle": 0,
						"zElevation": 0
					}
				},
				{
					"type": "Sprite2",
					"properties": {
						"initially-visible": false,
						"initial-animation": "Animation 1",
						"initial-frame": 4,
						"enable-collisions": true,
						"live-preview": false
					},
					"uid": 164,
					"instanceVariables": {
						"item": 5
					},
					"behaviors": {
						"Tween": {
							"properties": {
								"enabled": true
							}
						},
						"Fade": {
							"properties": {
								"fade-in-time": 1,
								"wait-time": 0,
								"fade-out-time": 0,
								"destroy": true,
								"enabled": false,
								"live-preview": false
							}
						}
					},
					"world": {
						"x": 544,
						"y": 671,
						"width": 148.77605919459515,
						"height": 143.73280295071058,
						"originX": 0.5,
						"originY": 0.5,
						"color": [
							1,
							1,
							1,
							0.5
						],
						"angle": 0,
						"zElevation": 0
					}
				},
				{
					"type": "Sprite2",
					"properties": {
						"initially-visible": false,
						"initial-animation": "Animation 1",
						"initial-frame": 1,
						"enable-collisions": true,
						"live-preview": false
					},
					"uid": 167,
					"instanceVariables": {
						"item": 10
					},
					"behaviors": {
						"Tween": {
							"properties": {
								"enabled": true
							}
						},
						"Fade": {
							"properties": {
								"fade-in-time": 1,
								"wait-time": 0,
								"fade-out-time": 0,
								"destroy": true,
								"enabled": true,
								"live-preview": false
							}
						}
					},
					"world": {
						"x": 829,
						"y": 1432,
						"width": 130,
						"height": 205,
						"originX": 0.5,
						"originY": 0.5,
						"color": [
							1,
							1,
							1,
							1
						],
						"angle": 1.912055822641723,
						"zElevation": 0
					}
				},
				{
					"type": "Sprite2",
					"properties": {
						"initially-visible": false,
						"initial-animation": "Animation 1",
						"initial-frame": 1,
						"enable-collisions": true,
						"live-preview": false
					},
					"uid": 168,
					"instanceVariables": {
						"item": 9
					},
					"behaviors": {
						"Tween": {
							"properties": {
								"enabled": true
							}
						},
						"Fade": {
							"properties": {
								"fade-in-time": 1,
								"wait-time": 0,
								"fade-out-time": 0,
								"destroy": true,
								"enabled": true,
								"live-preview": false
							}
						}
					},
					"world": {
						"x": 242,
						"y": 1440,
						"width": -130,
						"height": 205,
						"originX": 0.5,
						"originY": 0.5,
						"color": [
							1,
							1,
							1,
							1
						],
						"angle": 4.39456371981103,
						"zElevation": 0
					}
				},
				{
					"type": "Sprite3",
					"properties": {
						"initially-visible": false,
						"initial-animation": "Animation 1",
						"initial-frame": 0,
						"enable-collisions": true,
						"live-preview": false
					},
					"uid": 169,
					"instanceVariables": {
						"item": 2
					},
					"behaviors": {},
					"world": {
						"x": 943,
						"y": 1688,
						"width": 85,
						"height": 300,
						"originX": 0.5,
						"originY": 0.5,
						"color": [
							1,
							1,
							1,
							1
						],
						"angle": 0,
						"zElevation": 0
					}
				},
				{
					"type": "Sprite3",
					"properties": {
						"initially-visible": false,
						"initial-animation": "Animation 1",
						"initial-frame": 0,
						"enable-collisions": true,
						"live-preview": false
					},
					"uid": 165,
					"instanceVariables": {
						"item": 1
					},
					"behaviors": {},
					"world": {
						"x": 122,
						"y": 1688,
						"width": 85,
						"height": 300,
						"originX": 0.5,
						"originY": 0.5,
						"color": [
							1,
							1,
							1,
							1
						],
						"angle": 0,
						"zElevation": 0
					}
				},
				{
					"type": "Sprite2",
					"properties": {
						"initially-visible": false,
						"initial-animation": "Animation 1",
						"initial-frame": 3,
						"enable-collisions": true,
						"live-preview": false
					},
					"uid": 166,
					"instanceVariables": {
						"item": 4
					},
					"behaviors": {
						"Tween": {
							"properties": {
								"enabled": true
							}
						},
						"Fade": {
							"properties": {
								"fade-in-time": 1,
								"wait-time": 0,
								"fade-out-time": 0,
								"destroy": true,
								"enabled": false,
								"live-preview": false
							}
						}
					},
					"world": {
						"x": 551,
						"y": 833,
						"width": 574,
						"height": 65,
						"originX": 0.5,
						"originY": 0.5,
						"color": [
							1,
							1,
							1,
							1
						],
						"angle": 0,
						"zElevation": 0
					}
				},
				{
					"type": "Sprite2",
					"properties": {
						"initially-visible": true,
						"initial-animation": "Animation 1",
						"initial-frame": 7,
						"enable-collisions": true,
						"live-preview": false
					},
					"uid": 170,
					"instanceVariables": {
						"item": 11
					},
					"behaviors": {
						"Tween": {
							"properties": {
								"enabled": true
							}
						},
						"Fade": {
							"properties": {
								"fade-in-time": 1,
								"wait-time": 0,
								"fade-out-time": 0,
								"destroy": true,
								"enabled": false,
								"live-preview": false
							}
						}
					},
					"world": {
						"x": 537,
						"y": 440,
						"width": 333.39714493378614,
						"height": 78.15903764015499,
						"originX": 0.5,
						"originY": 0.5,
						"color": [
							1,
							1,
							1,
							0
						],
						"angle": 0,
						"zElevation": 0
					}
				},
				{
					"type": "backgroundPass",
					"properties": {
						"initially-visible": true,
						"initial-animation": "Animation 1",
						"initial-frame": 2,
						"enable-collisions": true,
						"live-preview": false
					},
					"uid": 338,
					"instanceVariables": {
						"level": 0
					},
					"behaviors": {
						"Tween": {
							"properties": {
								"enabled": true
							}
						},
						"Flash": {
							"properties": {}
						},
						"Pin": {
							"properties": {
								"destroy": false
							}
						}
					},
					"world": {
						"x": 1649,
						"y": 775,
						"width": 1015,
						"height": 778,
						"originX": 0.5,
						"originY": 0.5,
						"color": [
							1,
							1,
							1,
							1
						],
						"angle": 0,
						"zElevation": 0
					}
				},
				{
					"type": "Bintang",
					"properties": {
						"initially-visible": true,
						"initial-animation": "Animation 1",
						"initial-frame": 1,
						"enable-collisions": true,
						"live-preview": false
					},
					"uid": 339,
					"instanceVariables": {
						"item": 3
					},
					"behaviors": {
						"Tween": {
							"properties": {
								"enabled": true
							}
						},
						"Pin": {
							"properties": {
								"destroy": false
							}
						}
					},
					"world": {
						"x": 195,
						"y": 735,
						"width": 131,
						"height": 126,
						"originX": 0.5,
						"originY": 0.5,
						"color": [
							1,
							1,
							1,
							1
						],
						"angle": 0,
						"zElevation": 0
					}
				},
				{
					"type": "Bintang",
					"properties": {
						"initially-visible": true,
						"initial-animation": "Animation 1",
						"initial-frame": 1,
						"enable-collisions": true,
						"live-preview": false
					},
					"uid": 340,
					"instanceVariables": {
						"item": 2
					},
					"behaviors": {
						"Tween": {
							"properties": {
								"enabled": true
							}
						},
						"Pin": {
							"properties": {
								"destroy": false
							}
						}
					},
					"world": {
						"x": 195,
						"y": 863,
						"width": 131,
						"height": 126,
						"originX": 0.5,
						"originY": 0.5,
						"color": [
							1,
							1,
							1,
							1
						],
						"angle": 0,
						"zElevation": 0
					}
				},
				{
					"type": "Bintang",
					"properties": {
						"initially-visible": true,
						"initial-animation": "Animation 1",
						"initial-frame": 1,
						"enable-collisions": true,
						"live-preview": false
					},
					"uid": 341,
					"instanceVariables": {
						"item": 1
					},
					"behaviors": {
						"Tween": {
							"properties": {
								"enabled": true
							}
						},
						"Pin": {
							"properties": {
								"destroy": false
							}
						}
					},
					"world": {
						"x": 195,
						"y": 992,
						"width": 131,
						"height": 126,
						"originX": 0.5,
						"originY": 0.5,
						"color": [
							1,
							1,
							1,
							1
						],
						"angle": 0,
						"zElevation": 0
					}
				},
				{
					"type": "Text",
					"properties": {
						"text": "Try drop and balance it as high as you can!",
						"enable-bbcode": false,
						"font": "Candara",
						"size": 26,
						"line-height": 0,
						"bold": true,
						"italic": false,
						"color": [
							0,
							0,
							0,
							1
						],
						"horizontal-alignment": "center",
						"vertical-alignment": "top",
						"wrapping": "word",
						"initially-visible": true,
						"origin": "center"
					},
					"uid": 155,
					"instanceVariables": {
						"item": 1,
						"targetx": 0,
						"targety": 0
					},
					"behaviors": {
						"Tween": {
							"properties": {
								"enabled": true
							}
						}
					},
					"world": {
						"x": 540,
						"y": 256,
						"width": 608,
						"height": 133,
						"originX": 0.5,
						"originY": 0.5,
						"color": [
							1,
							1,
							1,
							1
						],
						"angle": 0,
						"zElevation": 0
					}
				}
			],
			"sid": 926227547890768,
			"effectTypes": [],
			"isInitiallyVisible": true,
			"isInitiallyInteractive": true,
			"color": [
				1,
				1,
				1,
				1
			],
			"backgroundColor": [
				0.796078431372549,
				0.8823529411764706,
				0.8823529411764706,
				1
			],
			"isTransparent": false,
			"parallaxX": 1,
			"parallaxY": 1,
			"scaleRate": 1,
			"forceOwnTexture": false,
			"renderingMode": "3d",
			"drawOrder": "z-order",
			"useRenderCells": false,
			"blendMode": "normal",
			"zElevation": 0,
			"global": false
		}
	],
	"sid": 455253799481627,
	"nonworld-instances": [],
	"effectTypes": [],
	"width": 1080,
	"height": 1920,
	"unboundedScrolling": false,
	"vpX": 0.5,
	"vpY": 0.5,
	"projection": "perspective",
	"eventSheet": "Level0"
}