{
	"name": "Faces",
	"layers": [
		{
			"name": "Layer 0",
			"overriden": 0,
			"subLayers": [],
			"instances": [
				{
					"type": "Shape",
					"properties": {
						"initially-visible": true,
						"initial-animation": "Default",
						"initial-frame": 0,
						"enable-collisions": true,
						"live-preview": false
					},
					"uid": 8,
					"instanceVariables": {
						"item": 0,
						"contoh": false
					},
					"behaviors": {
						"Physics": {
							"properties": {
								"immovable": false,
								"collision-mask": "use-collision-polygon",
								"prevent-rotation": false,
								"density": 1,
								"friction": 0.5,
								"elasticity": 0.2,
								"linear-damping": 0,
								"angular-damping": 0.01,
								"bullet": false,
								"enabled": true
							}
						},
						"DestroyOutsideLayout": {
							"properties": {}
						},
						"Pin": {
							"properties": {
								"destroy": false
							}
						}
					},
					"world": {
						"x": 508,
						"y": 717,
						"width": 313,
						"height": 105,
						"originX": 0.501597,
						"originY": 0.504762,
						"color": [
							1,
							1,
							1,
							1
						],
						"angle": 0,
						"zElevation": 0
					}
				},
				{
					"type": "Faces",
					"properties": {
						"initially-visible": true,
						"initial-animation": "Default",
						"initial-frame": 1,
						"enable-collisions": true,
						"live-preview": false
					},
					"uid": 9,
					"instanceVariables": {
						"contoh": false,
						"item": 0,
						"offsetPandang": 0
					},
					"behaviors": {
						"Pin": {
							"properties": {
								"destroy": false
							}
						},
						"DestroyOutsideLayout": {
							"properties": {}
						}
					},
					"world": {
						"x": 508,
						"y": 717,
						"width": 114,
						"height": 90,
						"originX": 0.5,
						"originY": 0.5,
						"color": [
							1,
							1,
							1,
							1
						],
						"angle": 0,
						"zElevation": 0
					}
				},
				{
					"type": "Shape",
					"properties": {
						"initially-visible": true,
						"initial-animation": "Default",
						"initial-frame": 1,
						"enable-collisions": true,
						"live-preview": false
					},
					"uid": 10,
					"instanceVariables": {
						"item": 0,
						"contoh": false
					},
					"behaviors": {
						"Physics": {
							"properties": {
								"immovable": false,
								"collision-mask": "use-collision-polygon",
								"prevent-rotation": false,
								"density": 1,
								"friction": 0.5,
								"elasticity": 0.2,
								"linear-damping": 0,
								"angular-damping": 0.01,
								"bullet": false,
								"enabled": true
							}
						},
						"DestroyOutsideLayout": {
							"properties": {}
						},
						"Pin": {
							"properties": {
								"destroy": false
							}
						}
					},
					"world": {
						"x": 366,
						"y": 518,
						"width": 178,
						"height": 177,
						"originX": 0.5,
						"originY": 0.503226,
						"color": [
							1,
							1,
							1,
							1
						],
						"angle": 0,
						"zElevation": 0
					}
				},
				{
					"type": "Shape",
					"properties": {
						"initially-visible": true,
						"initial-animation": "Default",
						"initial-frame": 2,
						"enable-collisions": true,
						"live-preview": false
					},
					"uid": 11,
					"instanceVariables": {
						"item": 0,
						"contoh": false
					},
					"behaviors": {
						"Physics": {
							"properties": {
								"immovable": false,
								"collision-mask": "use-collision-polygon",
								"prevent-rotation": false,
								"density": 1,
								"friction": 0.5,
								"elasticity": 0.2,
								"linear-damping": 0,
								"angular-damping": 0.01,
								"bullet": false,
								"enabled": true
							}
						},
						"DestroyOutsideLayout": {
							"properties": {}
						},
						"Pin": {
							"properties": {
								"destroy": false
							}
						}
					},
					"world": {
						"x": 673,
						"y": 418,
						"width": 168,
						"height": 168.00000000000003,
						"originX": 0.5,
						"originY": 0.5,
						"color": [
							1,
							1,
							1,
							1
						],
						"angle": 0,
						"zElevation": 0
					}
				},
				{
					"type": "Shape",
					"properties": {
						"initially-visible": true,
						"initial-animation": "Default",
						"initial-frame": 3,
						"enable-collisions": true,
						"live-preview": false
					},
					"uid": 12,
					"instanceVariables": {
						"item": 0,
						"contoh": false
					},
					"behaviors": {
						"Physics": {
							"properties": {
								"immovable": false,
								"collision-mask": "use-collision-polygon",
								"prevent-rotation": false,
								"density": 1,
								"friction": 0.5,
								"elasticity": 0.2,
								"linear-damping": 0,
								"angular-damping": 0.01,
								"bullet": false,
								"enabled": true
							}
						},
						"DestroyOutsideLayout": {
							"properties": {}
						},
						"Pin": {
							"properties": {
								"destroy": false
							}
						}
					},
					"world": {
						"x": 210,
						"y": 871,
						"width": 131,
						"height": 306,
						"originX": 0.503817,
						"originY": 0.5,
						"color": [
							1,
							1,
							1,
							1
						],
						"angle": 0,
						"zElevation": 0
					}
				},
				{
					"type": "Shape",
					"properties": {
						"initially-visible": true,
						"initial-animation": "Default",
						"initial-frame": 4,
						"enable-collisions": true,
						"live-preview": false
					},
					"uid": 13,
					"instanceVariables": {
						"item": 0,
						"contoh": false
					},
					"behaviors": {
						"Physics": {
							"properties": {
								"immovable": false,
								"collision-mask": "use-collision-polygon",
								"prevent-rotation": false,
								"density": 1,
								"friction": 0.5,
								"elasticity": 0.2,
								"linear-damping": 0,
								"angular-damping": 0.01,
								"bullet": false,
								"enabled": true
							}
						},
						"DestroyOutsideLayout": {
							"properties": {}
						},
						"Pin": {
							"properties": {
								"destroy": false
							}
						}
					},
					"world": {
						"x": 570,
						"y": 936,
						"width": 179.99999999999997,
						"height": 188,
						"originX": 0.5,
						"originY": 0.5,
						"color": [
							1,
							1,
							1,
							1
						],
						"angle": 0,
						"zElevation": 0
					}
				},
				{
					"type": "Shape",
					"properties": {
						"initially-visible": true,
						"initial-animation": "Default",
						"initial-frame": 5,
						"enable-collisions": true,
						"live-preview": false
					},
					"uid": 14,
					"instanceVariables": {
						"item": 0,
						"contoh": false
					},
					"behaviors": {
						"Physics": {
							"properties": {
								"immovable": false,
								"collision-mask": "use-collision-polygon",
								"prevent-rotation": false,
								"density": 1,
								"friction": 0.5,
								"elasticity": 0.2,
								"linear-damping": 0,
								"angular-damping": 0.01,
								"bullet": false,
								"enabled": true
							}
						},
						"DestroyOutsideLayout": {
							"properties": {}
						},
						"Pin": {
							"properties": {
								"destroy": false
							}
						}
					},
					"world": {
						"x": 860,
						"y": 768,
						"width": 211,
						"height": 211,
						"originX": 0.50237,
						"originY": 0.50237,
						"color": [
							1,
							1,
							1,
							1
						],
						"angle": 0,
						"zElevation": 0
					}
				},
				{
					"type": "Shape",
					"properties": {
						"initially-visible": true,
						"initial-animation": "Default",
						"initial-frame": 6,
						"enable-collisions": true,
						"live-preview": false
					},
					"uid": 15,
					"instanceVariables": {
						"item": 0,
						"contoh": false
					},
					"behaviors": {
						"Physics": {
							"properties": {
								"immovable": false,
								"collision-mask": "use-collision-polygon",
								"prevent-rotation": false,
								"density": 1,
								"friction": 0.5,
								"elasticity": 0.2,
								"linear-damping": 0,
								"angular-damping": 0.01,
								"bullet": false,
								"enabled": true
							}
						},
						"DestroyOutsideLayout": {
							"properties": {}
						},
						"Pin": {
							"properties": {
								"destroy": false
							}
						}
					},
					"world": {
						"x": 241,
						"y": 1272,
						"width": 246,
						"height": 140,
						"originX": 0.5,
						"originY": 0.5,
						"color": [
							1,
							1,
							1,
							1
						],
						"angle": 0,
						"zElevation": 0
					}
				},
				{
					"type": "Shape",
					"properties": {
						"initially-visible": true,
						"initial-animation": "Default",
						"initial-frame": 7,
						"enable-collisions": true,
						"live-preview": false
					},
					"uid": 16,
					"instanceVariables": {
						"item": 0,
						"contoh": false
					},
					"behaviors": {
						"Physics": {
							"properties": {
								"immovable": false,
								"collision-mask": "use-collision-polygon",
								"prevent-rotation": false,
								"density": 1,
								"friction": 0.5,
								"elasticity": 0.2,
								"linear-damping": 0,
								"angular-damping": 0.01,
								"bullet": false,
								"enabled": true
							}
						},
						"DestroyOutsideLayout": {
							"properties": {}
						},
						"Pin": {
							"properties": {
								"destroy": false
							}
						}
					},
					"world": {
						"x": 587,
						"y": 1444,
						"width": 254,
						"height": 128,
						"originX": 0.5,
						"originY": 0.5,
						"color": [
							1,
							1,
							1,
							1
						],
						"angle": 0,
						"zElevation": 0
					}
				},
				{
					"type": "Shape",
					"properties": {
						"initially-visible": true,
						"initial-animation": "Default",
						"initial-frame": 8,
						"enable-collisions": true,
						"live-preview": false
					},
					"uid": 17,
					"instanceVariables": {
						"item": 0,
						"contoh": false
					},
					"behaviors": {
						"Physics": {
							"properties": {
								"immovable": false,
								"collision-mask": "use-collision-polygon",
								"prevent-rotation": false,
								"density": 1,
								"friction": 0.5,
								"elasticity": 0.2,
								"linear-damping": 0,
								"angular-damping": 0.01,
								"bullet": false,
								"enabled": true
							}
						},
						"DestroyOutsideLayout": {
							"properties": {}
						},
						"Pin": {
							"properties": {
								"destroy": false
							}
						}
					},
					"world": {
						"x": 907,
						"y": 1245,
						"width": 253,
						"height": 127,
						"originX": 0.501976,
						"originY": 0.503937,
						"color": [
							1,
							1,
							1,
							1
						],
						"angle": 0,
						"zElevation": 0
					}
				},
				{
					"type": "Faces",
					"properties": {
						"initially-visible": true,
						"initial-animation": "Default",
						"initial-frame": 0,
						"enable-collisions": true,
						"live-preview": false
					},
					"uid": 18,
					"instanceVariables": {
						"contoh": false,
						"item": 0,
						"offsetPandang": 0
					},
					"behaviors": {
						"Pin": {
							"properties": {
								"destroy": false
							}
						},
						"DestroyOutsideLayout": {
							"properties": {}
						}
					},
					"world": {
						"x": 364,
						"y": 525,
						"width": 128,
						"height": 84,
						"originX": 0.5,
						"originY": 0.5,
						"color": [
							1,
							1,
							1,
							1
						],
						"angle": 0,
						"zElevation": 0
					}
				},
				{
					"type": "Faces",
					"properties": {
						"initially-visible": true,
						"initial-animation": "Default",
						"initial-frame": 2,
						"enable-collisions": true,
						"live-preview": false
					},
					"uid": 19,
					"instanceVariables": {
						"contoh": false,
						"item": 0,
						"offsetPandang": 0
					},
					"behaviors": {
						"Pin": {
							"properties": {
								"destroy": false
							}
						},
						"DestroyOutsideLayout": {
							"properties": {}
						}
					},
					"world": {
						"x": 673,
						"y": 418,
						"width": 119,
						"height": 83,
						"originX": 0.504202,
						"originY": 0.506024,
						"color": [
							1,
							1,
							1,
							1
						],
						"angle": 0,
						"zElevation": 0
					}
				},
				{
					"type": "Faces",
					"properties": {
						"initially-visible": true,
						"initial-animation": "Default",
						"initial-frame": 3,
						"enable-collisions": true,
						"live-preview": false
					},
					"uid": 20,
					"instanceVariables": {
						"contoh": false,
						"item": 0,
						"offsetPandang": 0
					},
					"behaviors": {
						"Pin": {
							"properties": {
								"destroy": false
							}
						},
						"DestroyOutsideLayout": {
							"properties": {}
						}
					},
					"world": {
						"x": 211,
						"y": 868,
						"width": 100,
						"height": 83,
						"originX": 0.5,
						"originY": 0.506024,
						"color": [
							1,
							1,
							1,
							1
						],
						"angle": 0,
						"zElevation": 0
					}
				},
				{
					"type": "Faces",
					"properties": {
						"initially-visible": true,
						"initial-animation": "Default",
						"initial-frame": 4,
						"enable-collisions": true,
						"live-preview": false
					},
					"uid": 21,
					"instanceVariables": {
						"contoh": false,
						"item": 0,
						"offsetPandang": 0
					},
					"behaviors": {
						"Pin": {
							"properties": {
								"destroy": false
							}
						},
						"DestroyOutsideLayout": {
							"properties": {}
						}
					},
					"world": {
						"x": 571,
						"y": 939,
						"width": 98,
						"height": 119,
						"originX": 0.5,
						"originY": 0.504202,
						"color": [
							1,
							1,
							1,
							1
						],
						"angle": 0,
						"zElevation": 0
					}
				},
				{
					"type": "Faces",
					"properties": {
						"initially-visible": true,
						"initial-animation": "Default",
						"initial-frame": 5,
						"enable-collisions": true,
						"live-preview": false
					},
					"uid": 22,
					"instanceVariables": {
						"contoh": false,
						"item": 0,
						"offsetPandang": 0
					},
					"behaviors": {
						"Pin": {
							"properties": {
								"destroy": false
							}
						},
						"DestroyOutsideLayout": {
							"properties": {}
						}
					},
					"world": {
						"x": 242,
						"y": 1271,
						"width": 130,
						"height": 83,
						"originX": 0.5,
						"originY": 0.506024,
						"color": [
							1,
							1,
							1,
							1
						],
						"angle": 0,
						"zElevation": 0
					}
				},
				{
					"type": "Faces",
					"properties": {
						"initially-visible": true,
						"initial-animation": "Default",
						"initial-frame": 6,
						"enable-collisions": true,
						"live-preview": false
					},
					"uid": 23,
					"instanceVariables": {
						"contoh": false,
						"item": 0,
						"offsetPandang": 0
					},
					"behaviors": {
						"Pin": {
							"properties": {
								"destroy": false
							}
						},
						"DestroyOutsideLayout": {
							"properties": {}
						}
					},
					"world": {
						"x": 860,
						"y": 768,
						"width": 130,
						"height": 165,
						"originX": 0.5,
						"originY": 0.50303,
						"color": [
							1,
							1,
							1,
							1
						],
						"angle": 0,
						"zElevation": 0
					}
				},
				{
					"type": "Faces",
					"properties": {
						"initially-visible": true,
						"initial-animation": "Default",
						"initial-frame": 0,
						"enable-collisions": true,
						"live-preview": false
					},
					"uid": 24,
					"instanceVariables": {
						"contoh": false,
						"item": 0,
						"offsetPandang": 0
					},
					"behaviors": {
						"Pin": {
							"properties": {
								"destroy": false
							}
						},
						"DestroyOutsideLayout": {
							"properties": {}
						}
					},
					"world": {
						"x": 591,
						"y": 1459,
						"width": 128,
						"height": 84,
						"originX": 0.5,
						"originY": 0.5,
						"color": [
							1,
							1,
							1,
							1
						],
						"angle": 0,
						"zElevation": 0
					}
				},
				{
					"type": "Faces",
					"properties": {
						"initially-visible": true,
						"initial-animation": "Default",
						"initial-frame": 5,
						"enable-collisions": true,
						"live-preview": false
					},
					"uid": 25,
					"instanceVariables": {
						"contoh": false,
						"item": 0,
						"offsetPandang": 0
					},
					"behaviors": {
						"Pin": {
							"properties": {
								"destroy": false
							}
						},
						"DestroyOutsideLayout": {
							"properties": {}
						}
					},
					"world": {
						"x": 903,
						"y": 1229,
						"width": 130,
						"height": 83,
						"originX": 0.5,
						"originY": 0.506024,
						"color": [
							1,
							1,
							1,
							1
						],
						"angle": 0,
						"zElevation": 0
					}
				},
				{
					"type": "Tile",
					"properties": {
						"initially-visible": true,
						"origin": "top-left",
						"wrap-horizontal": "repeat",
						"wrap-vertical": "repeat",
						"image-offset-x": 0,
						"image-offset-y": 0,
						"image-scale-x": 1,
						"image-scale-y": 1,
						"image-angle": 0
					},
					"uid": 26,
					"instanceVariables": {},
					"behaviors": {
						"Physics": {
							"properties": {
								"immovable": true,
								"collision-mask": "use-collision-polygon",
								"prevent-rotation": false,
								"density": 1,
								"friction": 0.5,
								"elasticity": 0.2,
								"linear-damping": 0,
								"angular-damping": 0.01,
								"bullet": false,
								"enabled": true
							}
						}
					},
					"world": {
						"x": -2,
						"y": 1697,
						"width": 1086,
						"height": 125,
						"originX": 0,
						"originY": 0,
						"color": [
							1,
							1,
							1,
							1
						],
						"angle": 0,
						"zElevation": 0
					}
				},
				{
					"type": "Garisan",
					"properties": {
						"initially-visible": true,
						"origin": "top-left",
						"wrap-horizontal": "repeat",
						"wrap-vertical": "repeat",
						"image-offset-x": 0,
						"image-offset-y": 0,
						"image-scale-x": 1,
						"image-scale-y": 1,
						"image-angle": 0
					},
					"uid": 28,
					"instanceVariables": {},
					"behaviors": {},
					"world": {
						"x": -5,
						"y": 1087,
						"width": 1127,
						"height": -13,
						"originX": 0,
						"originY": 0,
						"color": [
							1,
							1,
							1,
							1
						],
						"angle": 0,
						"zElevation": 0
					}
				},
				{
					"type": "HomeButton",
					"properties": {
						"initially-visible": true,
						"initial-animation": "Default",
						"initial-frame": 0,
						"enable-collisions": true,
						"live-preview": false
					},
					"uid": 111,
					"instanceVariables": {},
					"behaviors": {
						"Flash": {
							"properties": {}
						}
					},
					"world": {
						"x": 91,
						"y": 94,
						"width": 108.305122375,
						"height": 108.305122375,
						"originX": 0.5,
						"originY": 0.5,
						"color": [
							1,
							1,
							1,
							1
						],
						"angle": 0,
						"zElevation": 0
					}
				},
				{
					"type": "Text",
					"properties": {
						"text": "How to Play",
						"enable-bbcode": false,
						"font": "Bahnschrift",
						"size": 35,
						"line-height": 0,
						"bold": true,
						"italic": false,
						"color": [
							0,
							0,
							0,
							1
						],
						"horizontal-alignment": "center",
						"vertical-alignment": "center",
						"wrapping": "word",
						"initially-visible": true,
						"origin": "center"
					},
					"uid": 132,
					"instanceVariables": {
						"item": 1,
						"targetx": 0,
						"targety": 0
					},
					"behaviors": {
						"Tween": {
							"properties": {
								"enabled": true
							}
						}
					},
					"world": {
						"x": 540,
						"y": 111,
						"width": 462,
						"height": 101,
						"originX": 0.5,
						"originY": 0.5,
						"color": [
							1,
							1,
							1,
							1
						],
						"angle": 0,
						"zElevation": 0
					}
				},
				{
					"type": "Text",
					"properties": {
						"text": "Touch anywhere to drop the shape, pass the dotted line for 5 seconds to pass the level!",
						"enable-bbcode": false,
						"font": "monospace",
						"size": 27.75,
						"line-height": 0,
						"bold": false,
						"italic": false,
						"color": [
							0,
							0,
							0,
							1
						],
						"horizontal-alignment": "left",
						"vertical-alignment": "center",
						"wrapping": "word",
						"initially-visible": true,
						"origin": "center"
					},
					"uid": 133,
					"instanceVariables": {
						"item": 1,
						"targetx": 0,
						"targety": 0
					},
					"behaviors": {
						"Tween": {
							"properties": {
								"enabled": true
							}
						}
					},
					"world": {
						"x": 541,
						"y": 256,
						"width": 856,
						"height": 232,
						"originX": 0.5,
						"originY": 0.5,
						"color": [
							1,
							1,
							1,
							1
						],
						"angle": 0,
						"zElevation": 0
					}
				},
				{
					"type": "Text",
					"properties": {
						"text": "Made by: AF1 Productions",
						"enable-bbcode": false,
						"font": "Bahnschrift",
						"size": 27.75,
						"line-height": 0,
						"bold": false,
						"italic": false,
						"color": [
							0,
							0,
							0,
							1
						],
						"horizontal-alignment": "center",
						"vertical-alignment": "center",
						"wrapping": "word",
						"initially-visible": true,
						"origin": "center"
					},
					"uid": 134,
					"instanceVariables": {
						"item": 1,
						"targetx": 0,
						"targety": 0
					},
					"behaviors": {
						"Tween": {
							"properties": {
								"enabled": true
							}
						}
					},
					"world": {
						"x": 829,
						"y": 1873,
						"width": 645,
						"height": 101,
						"originX": 0.5,
						"originY": 0.5,
						"color": [
							1,
							1,
							1,
							1
						],
						"angle": 0,
						"zElevation": 0
					}
				},
				{
					"type": "Sprite",
					"properties": {
						"initially-visible": true,
						"initial-animation": "Default",
						"initial-frame": 6,
						"enable-collisions": true,
						"live-preview": false
					},
					"uid": 583,
					"instanceVariables": {
						"item": 2,
						"targetx": 758,
						"targety": 1269
					},
					"behaviors": {
						"Tween": {
							"properties": {
								"enabled": true
							}
						}
					},
					"world": {
						"x": 140,
						"y": 1868,
						"width": 198.87503251496804,
						"height": 58.61579905704322,
						"originX": 0.5,
						"originY": 0.5,
						"color": [
							1,
							1,
							1,
							1
						],
						"angle": 0,
						"zElevation": 0
					}
				}
			],
			"sid": 660128441753789,
			"effectTypes": [],
			"isInitiallyVisible": true,
			"isInitiallyInteractive": true,
			"color": [
				1,
				1,
				1,
				1
			],
			"backgroundColor": [
				0.796078431372549,
				0.8823529411764706,
				0.8823529411764706,
				1
			],
			"isTransparent": false,
			"parallaxX": 1,
			"parallaxY": 1,
			"scaleRate": 1,
			"forceOwnTexture": false,
			"renderingMode": "3d",
			"drawOrder": "z-order",
			"useRenderCells": false,
			"blendMode": "normal",
			"zElevation": 0,
			"global": false
		}
	],
	"sid": 621882837171742,
	"nonworld-instances": [
		{
			"type": "JSON",
			"properties": {},
			"uid": 136,
			"instanceVariables": {}
		}
	],
	"effectTypes": [],
	"width": 1080,
	"height": 1920,
	"unboundedScrolling": false,
	"vpX": 0.5,
	"vpY": 0.5,
	"projection": "perspective",
	"eventSheet": "Faces"
}