{
	"name": "Sprite2",
	"plugin-id": "Sprite",
	"sid": 307846051404654,
	"isGlobal": false,
	"instanceVariables": [
		{
			"name": "item",
			"type": "number",
			"desc": "",
			"sid": 624479160131390
		}
	],
	"behaviorTypes": [
		{
			"behaviorId": "Tween",
			"name": "Tween",
			"sid": 131517922904224
		},
		{
			"behaviorId": "Fade",
			"name": "Fade",
			"sid": 836769286224315
		}
	],
	"effectTypes": [],
	"animations": {
		"items": [
			{
				"frames": [
					{
						"width": 94,
						"height": 121,
						"originX": 0.5,
						"originY": 0.5,
						"originalSource": "",
						"exportFormat": "lossless",
						"exportQuality": 0.8,
						"imageSpriteId": 8194194,
						"useCollisionPoly": true,
						"duration": 1
					},
					{
						"width": 130,
						"height": 205,
						"originX": 0.5,
						"originY": 0.5,
						"originalSource": "",
						"exportFormat": "lossless",
						"exportQuality": 0.8,
						"imageSpriteId": 5992302,
						"useCollisionPoly": true,
						"duration": 1
					},
					{
						"width": 509,
						"height": 67,
						"originX": 0.5,
						"originY": 0.5,
						"originalSource": "",
						"exportFormat": "lossless",
						"exportQuality": 0.8,
						"imageSpriteId": 5990253,
						"collisionPoly": {
							"points": [
								0.0019646365422396855,
								0.014925373134328358,
								0.9980353634577603,
								0.014925373134328358,
								0.9980353634577603,
								0.9850746268656716,
								0.0019646365422396855,
								0.9850746268656716
							]
						},
						"useCollisionPoly": true,
						"duration": 1
					},
					{
						"width": 574,
						"height": 65,
						"originX": 0.5,
						"originY": 0.5,
						"originalSource": "",
						"exportFormat": "lossless",
						"exportQuality": 0.8,
						"imageSpriteId": 9352244,
						"useCollisionPoly": true,
						"duration": 1
					},
					{
						"width": 236,
						"height": 228,
						"originX": 0.5,
						"originY": 0.5,
						"originalSource": "",
						"exportFormat": "lossless",
						"exportQuality": 0.8,
						"imageSpriteId": 6444862,
						"collisionPoly": {
							"points": [
								0,
								0.0043859649122807015,
								1,
								0.0043859649122807015,
								1,
								0.9956140350877193,
								0,
								0.9956140350877193
							]
						},
						"useCollisionPoly": true,
						"duration": 1
					},
					{
						"width": 236,
						"height": 228,
						"originX": 0.5,
						"originY": 0.5,
						"originalSource": "",
						"exportFormat": "lossless",
						"exportQuality": 0.8,
						"imageSpriteId": 7824166,
						"useCollisionPoly": true,
						"duration": 1
					},
					{
						"width": 619,
						"height": 117,
						"originX": 0.5,
						"originY": 0.49572649572649574,
						"originalSource": "",
						"exportFormat": "lossless",
						"exportQuality": 0.8,
						"imageSpriteId": 4170385,
						"useCollisionPoly": true,
						"duration": 1
					},
					{
						"width": 273,
						"height": 64,
						"originX": 0.5,
						"originY": 0.5,
						"originalSource": "",
						"exportFormat": "lossless",
						"exportQuality": 0.8,
						"imageSpriteId": 9545016,
						"useCollisionPoly": true,
						"duration": 1
					}
				],
				"sid": 284964808823611,
				"name": "Animation 1",
				"isLooping": false,
				"isPingPong": false,
				"repeatCount": 1,
				"repeatTo": 0,
				"speed": 0
			}
		],
		"subfolders": []
	}
}