{
	"name": "backgroundPass",
	"plugin-id": "Sprite",
	"sid": 402616104746216,
	"isGlobal": false,
	"instanceVariables": [
		{
			"name": "level",
			"type": "number",
			"desc": "",
			"sid": 636004053981240
		}
	],
	"behaviorTypes": [
		{
			"behaviorId": "Tween",
			"name": "Tween",
			"sid": 610444210523320
		},
		{
			"behaviorId": "Flash",
			"name": "Flash",
			"sid": 755834466564597
		},
		{
			"behaviorId": "Pin",
			"name": "Pin",
			"sid": 722609027203365
		}
	],
	"effectTypes": [],
	"animations": {
		"items": [
			{
				"frames": [
					{
						"width": 1076,
						"height": 778,
						"originX": 0.5,
						"originY": 0.5,
						"originalSource": "",
						"exportFormat": "lossless",
						"exportQuality": 0.8,
						"imageSpriteId": 5117741,
						"collisionPoly": {
							"points": [
								0.0009293680297397769,
								0,
								0.9990706319702602,
								0,
								0.9990706319702602,
								1,
								0.0009293680297397769,
								1
							]
						},
						"useCollisionPoly": true,
						"duration": 1
					},
					{
						"width": 1076,
						"height": 778,
						"originX": 0.5,
						"originY": 0.5,
						"originalSource": "",
						"exportFormat": "lossless",
						"exportQuality": 0.8,
						"imageSpriteId": 6170575,
						"collisionPoly": {
							"points": [
								0.0009293680297397769,
								0,
								0.9990706319702602,
								0,
								0.9990706319702602,
								1,
								0.0009293680297397769,
								1
							]
						},
						"useCollisionPoly": true,
						"duration": 1
					},
					{
						"width": 1015,
						"height": 778,
						"originX": 0.5,
						"originY": 0.5,
						"originalSource": "",
						"exportFormat": "lossless",
						"exportQuality": 0.8,
						"imageSpriteId": 3897911,
						"useCollisionPoly": true,
						"duration": 1
					},
					{
						"width": 278,
						"height": 334,
						"originX": 0.5,
						"originY": 0.4041916167664671,
						"originalSource": "",
						"exportFormat": "lossless",
						"exportQuality": 0.8,
						"imageSpriteId": 6294821,
						"useCollisionPoly": true,
						"duration": 1
					}
				],
				"sid": 864762279582724,
				"name": "Animation 1",
				"isLooping": false,
				"isPingPong": false,
				"repeatCount": 1,
				"repeatTo": 0,
				"speed": 0
			}
		],
		"subfolders": []
	}
}