{
	"name": "HomeButton",
	"plugin-id": "Sprite",
	"sid": 791708556605529,
	"isGlobal": false,
	"instanceVariables": [],
	"behaviorTypes": [
		{
			"behaviorId": "Flash",
			"name": "Flash",
			"sid": 973221348687959
		}
	],
	"effectTypes": [],
	"animations": {
		"items": [
			{
				"frames": [
					{
						"width": 228,
						"height": 228,
						"originX": 0.5,
						"originY": 0.5,
						"originalSource": "",
						"exportFormat": "lossless",
						"exportQuality": 0.8,
						"imageSpriteId": 9846109,
						"useCollisionPoly": true,
						"duration": 1
					}
				],
				"sid": 293698665900773,
				"name": "Default",
				"isLooping": false,
				"isPingPong": false,
				"repeatCount": 1,
				"repeatTo": 0,
				"speed": 5
			}
		],
		"subfolders": []
	}
}