{
	"name": "Shape",
	"plugin-id": "Sprite",
	"sid": 989745464851082,
	"isGlobal": false,
	"instanceVariables": [
		{
			"name": "item",
			"type": "number",
			"desc": "",
			"sid": 419717601124347
		},
		{
			"name": "contoh",
			"type": "boolean",
			"desc": "",
			"sid": 500038091086407
		}
	],
	"behaviorTypes": [
		{
			"behaviorId": "Physics",
			"name": "Physics",
			"sid": 742213673293796
		},
		{
			"behaviorId": "destroy",
			"name": "DestroyOutsideLayout",
			"sid": 821390267635051
		},
		{
			"behaviorId": "Pin",
			"name": "Pin",
			"sid": 102076283448637
		}
	],
	"effectTypes": [],
	"animations": {
		"items": [
			{
				"frames": [
					{
						"width": 313,
						"height": 105,
						"originX": 0.501597,
						"originY": 0.504762,
						"originalSource": "",
						"exportFormat": "lossless",
						"exportQuality": 0.8,
						"imageSpriteId": 9195042,
						"useCollisionPoly": true,
						"duration": 1
					},
					{
						"width": 178,
						"height": 177,
						"originX": 0.5,
						"originY": 0.503226,
						"originalSource": "",
						"exportFormat": "lossless",
						"exportQuality": 0.8,
						"imageSpriteId": 9970290,
						"useCollisionPoly": true,
						"duration": 1
					},
					{
						"width": 168,
						"height": 168,
						"originX": 0.5,
						"originY": 0.5,
						"originalSource": "",
						"exportFormat": "lossless",
						"exportQuality": 0.8,
						"imageSpriteId": 2701530,
						"collisionPoly": {
							"points": [
								0.14881,
								0.14881,
								0.294643,
								0.0416667,
								0.4246031746031745,
								0.00595238,
								0.5947419920634923,
								0.015873032063492064,
								0.705357,
								0.0416667,
								0.85119,
								0.14881,
								0.964286,
								0.300595,
								0.994048,
								0.5,
								0.958333,
								0.691467873015873,
								0.9206345158730158,
								0.7713289365079365,
								0.85119,
								0.85119,
								0.7827380952380949,
								0.9067459365079368,
								0.7036210317460315,
								0.9479166904761906,
								0.6264880952380951,
								0.9771826825396825,
								0.5322420634920634,
								0.9990083174603175,
								0.41641884126984136,
								0.9900795793650794,
								0.3020837142857143,
								0.9588294126984127,
								0.23759963492063488,
								0.9255950238095237,
								0.14881,
								0.85119,
								0.03571431904761905,
								0.699405,
								0.00595238,
								0.5,
								0.0416667,
								0.294643
							]
						},
						"useCollisionPoly": true,
						"duration": 1
					},
					{
						"width": 131,
						"height": 306,
						"originX": 0.503817,
						"originY": 0.5,
						"originalSource": "",
						"exportFormat": "lossless",
						"exportQuality": 0.8,
						"imageSpriteId": 6338977,
						"useCollisionPoly": true,
						"duration": 1
					},
					{
						"width": 180,
						"height": 188,
						"originX": 0.5,
						"originY": 0.5,
						"originalSource": "",
						"exportFormat": "lossless",
						"exportQuality": 0.8,
						"imageSpriteId": 852436,
						"useCollisionPoly": true,
						"duration": 1
					},
					{
						"width": 211,
						"height": 211,
						"originX": 0.50237,
						"originY": 0.50237,
						"originalSource": "",
						"exportFormat": "lossless",
						"exportQuality": 0.8,
						"imageSpriteId": 6219393,
						"collisionPoly": {
							"points": [
								0.00947867298578199,
								0.2875195576619273,
								0.29067911532385465,
								0,
								0.7109,
								0.0015797788309636655,
								0.9921011058451814,
								0.289099336492891,
								0.9936808846761451,
								0.7109,
								0.7077404423380728,
								0.9952606635071088,
								0.2922588941548183,
								0.995260663507109,
								0.007898894154818325,
								0.7124797788309636
							]
						},
						"useCollisionPoly": true,
						"duration": 1
					},
					{
						"width": 246,
						"height": 140,
						"originX": 0.5,
						"originY": 0.5,
						"originalSource": "",
						"exportFormat": "lossless",
						"exportQuality": 0.8,
						"imageSpriteId": 4332902,
						"collisionPoly": {
							"points": [
								0.243902,
								0,
								0.7493221761517612,
								0.0023809523809523807,
								1,
								1,
								0,
								1
							]
						},
						"useCollisionPoly": true,
						"duration": 1
					},
					{
						"width": 254,
						"height": 128,
						"originX": 0.5,
						"originY": 0.5,
						"originalSource": "",
						"exportFormat": "lossless",
						"exportQuality": 0.8,
						"imageSpriteId": 2981853,
						"collisionPoly": {
							"points": [
								0.4973753832020998,
								0,
								1,
								1,
								0,
								1
							]
						},
						"useCollisionPoly": true,
						"duration": 1
					},
					{
						"width": 253,
						"height": 127,
						"originX": 0.501976,
						"originY": 0.503937,
						"originalSource": "",
						"exportFormat": "lossless",
						"exportQuality": 0.8,
						"imageSpriteId": 8021936,
						"collisionPoly": {
							"points": [
								0,
								0,
								1,
								0,
								0.4980237233201583,
								0.9921259842519686
							]
						},
						"useCollisionPoly": true,
						"duration": 1
					},
					{
						"width": 168,
						"height": 86,
						"originX": 0.5,
						"originY": 0.5,
						"originalSource": "",
						"exportFormat": "lossless",
						"exportQuality": 0.8,
						"imageSpriteId": 3910228,
						"collisionPoly": {
							"points": [
								0.14881,
								0.2906986046511628,
								0.294643,
								0.08139541395348837,
								0.5,
								0.01162790511627907,
								0.705357,
								0.08139541395348837,
								0.85119,
								0.2906986046511628,
								0.964286,
								0.5872088372093024,
								0.994048,
								0.9767441860465116,
								0.00595238,
								0.9767441860465116,
								0.0416667,
								0.5755816744186046
							]
						},
						"useCollisionPoly": true,
						"duration": 1
					},
					{
						"width": 500,
						"height": 306,
						"originX": 0.5,
						"originY": 0.8823529411764706,
						"originalSource": "",
						"exportFormat": "lossless",
						"exportQuality": 0.8,
						"imageSpriteId": 5867409,
						"collisionPoly": {
							"points": [
								0,
								0,
								0.17399999999999985,
								0,
								0.17399999999999982,
								0.7712418300653594,
								0.82,
								0.7761437908496728,
								0.8219999999999998,
								0,
								1,
								0,
								1,
								1,
								0,
								1
							]
						},
						"useCollisionPoly": true,
						"duration": 1
					},
					{
						"width": 500,
						"height": 306,
						"originX": 0.508,
						"originY": 0.12091503267973856,
						"originalSource": "",
						"exportFormat": "lossless",
						"exportQuality": 0.8,
						"imageSpriteId": 5351455,
						"collisionPoly": {
							"points": [
								0,
								0,
								1,
								0,
								1,
								1,
								0.8219999999999998,
								1,
								0.82,
								0.22385620915032722,
								0.17399999999999982,
								0.2287581699346406,
								0.17399999999999985,
								1,
								0,
								1
							]
						},
						"useCollisionPoly": true,
						"duration": 1
					}
				],
				"sid": 299663204428463,
				"name": "Default",
				"isLooping": false,
				"isPingPong": false,
				"repeatCount": 1,
				"repeatTo": 0,
				"speed": 0
			}
		],
		"subfolders": []
	}
}