{"propertiesBar":{"properties":[{"name":"About","expanded":true,"children":[]},{"name":"Colors","expanded":true,"children":[]},{"name":"Startup","expanded":true,"children":[]},{"name":"Display","expanded":true,"children":[{"name":"Viewport size","expanded":false,"children":[]}]},{"name":"Advanced","expanded":false,"children":[]},{"name":"Editor","expanded":true,"children":[]}],"scrollPosition":0},"openTabs":{"active":{"name":"Level18","type":"layout"},"open":[{"name":"MainMenu","type":"layout"},{"name":"MainMenu","type":"eventSheet"},{"name":"Level5","type":"layout"},{"name":"Level1","type":"layout"},{"name":"Level15","type":"layout"},{"name":"Level2","type":"layout"},{"name":"Level3","type":"layout"},{"name":"Level4","type":"layout"},{"name":"Level0","type":"layout"},{"name":"ChooseLevel","type":"layout"},{"name":"ChooseLevel","type":"eventSheet"},{"name":"Faces","type":"layout"},{"name":"Faces","type":"eventSheet"},{"name":"Level6","type":"layout"},{"name":"Level7","type":"layout"},{"name":"Level8","type":"layout"},{"name":"Level9","type":"layout"},{"name":"Level10","type":"layout"},{"name":"Level11","type":"layout"},{"name":"Level12","type":"layout"},{"name":"Level13","type":"layout"},{"name":"Level14","type":"layout"},{"name":"Level16","type":"layout"},{"name":"Level17","type":"layout"},{"name":"Game","type":"eventSheet"},{"name":"Level18","type":"layout"},{"name":"Level19","type":"layout"},{"name":"Level20","type":"layout"},{"name":"Level21","type":"layout"},{"name":"Level22","type":"layout"},{"name":"Level23","type":"layout"},{"name":"Level24","type":"layout"},{"name":"Level25","type":"layout"},{"name":"Level26","type":"layout"}]},"previewEffects":true,"previewBrowser":"default","pauseOnUnfocus":false,"projectBar":{"name":"<root>","children":[{"name":"Balance It","expanded":true,"children":[{"name":"Layouts","expanded":true,"children":[{"name":"ChooseLevel","expanded":true,"children":[]},{"name":"Faces","expanded":true,"children":[]},{"name":"Level0","expanded":true,"children":[]},{"name":"Level1","expanded":true,"children":[]},{"name":"Level2","expanded":true,"children":[]},{"name":"Level3","expanded":true,"children":[]},{"name":"Level4","expanded":true,"children":[]},{"name":"Level5","expanded":true,"children":[]},{"name":"MainMenu","expanded":true,"children":[]},{"name":"Level6","expanded":true,"children":[]},{"name":"Level7","expanded":true,"children":[]},{"name":"Level8","expanded":true,"children":[]},{"name":"Level9","expanded":true,"children":[]},{"name":"Level10","expanded":true,"children":[]},{"name":"Level11","expanded":true,"children":[]},{"name":"Level12","expanded":true,"children":[]},{"name":"Level13","expanded":true,"children":[]},{"name":"Level14","expanded":true,"children":[]},{"name":"Level15","expanded":true,"children":[]},{"name":"Level16","expanded":true,"children":[]},{"name":"Level17","expanded":true,"children":[]},{"name":"Level18","expanded":true,"children":[]},{"name":"Level19","expanded":true,"children":[]},{"name":"Level20","expanded":true,"children":[]},{"name":"Level21","expanded":true,"children":[]},{"name":"Level22","expanded":true,"children":[]},{"name":"Level23","expanded":true,"children":[]},{"name":"Level24","expanded":true,"children":[]},{"name":"Level25","expanded":true,"children":[]},{"name":"Level26","expanded":true,"children":[]}]},{"name":"Event sheets","expanded":true,"children":[{"name":"ChooseLevel","expanded":true,"children":[]},{"name":"Faces","expanded":true,"children":[]},{"name":"Game","expanded":true,"children":[]},{"name":"Level0","expanded":true,"children":[]},{"name":"MainMenu","expanded":true,"children":[]}]},{"name":"Scripts","expanded":true,"children":[]},{"name":"Object types","expanded":true,"children":[{"name":"AJAX","expanded":true,"children":[]},{"name":"Audio","expanded":true,"children":[]},{"name":"backgroundPass","expanded":true,"children":[]},{"name":"Bintang","expanded":true,"children":[]},{"name":"CancelPut","expanded":true,"children":[]},{"name":"Counter","expanded":true,"children":[]},{"name":"Faces","expanded":true,"children":[]},{"name":"Function","expanded":true,"children":[]},{"name":"Garisan","expanded":true,"children":[]},{"name":"Garisan2","expanded":true,"children":[]},{"name":"GreenRedYellow","expanded":true,"children":[]},{"name":"HomeButton","expanded":true,"children":[]},{"name":"infoTutorial","expanded":true,"children":[]},{"name":"JSON","expanded":true,"children":[]},{"name":"LocalStorage","expanded":true,"children":[]},{"name":"MobileAdvert","expanded":true,"children":[]},{"name":"NextLevelButton","expanded":true,"children":[]},{"name":"Nombor","expanded":true,"children":[]},{"name":"ReloadGame","expanded":true,"children":[]},{"name":"scrollArea","expanded":true,"children":[]},{"name":"Shape","expanded":true,"children":[]},{"name":"Sprite","expanded":true,"children":[]},{"name":"Sprite2","expanded":true,"children":[]},{"name":"Sprite3","expanded":true,"children":[]},{"name":"TaklehTekan","expanded":true,"children":[]},{"name":"TBPutih","expanded":true,"children":[]},{"name":"Text","expanded":true,"children":[]},{"name":"Text2","expanded":true,"children":[]},{"name":"Text3","expanded":true,"children":[]},{"name":"textdebug","expanded":true,"children":[]},{"name":"TextRemaining","expanded":true,"children":[]},{"name":"Tile","expanded":true,"children":[]},{"name":"TileTurning","expanded":true,"children":[]},{"name":"topi","expanded":true,"children":[]},{"name":"Touch","expanded":true,"children":[]}]},{"name":"Families","expanded":true,"children":[]},{"name":"Timelines","expanded":true,"children":[{"name":"Eases","expanded":false,"children":[]}]},{"name":"Sounds","expanded":false,"children":[{"name":"Appear.webm","expanded":true,"children":[]},{"name":"Appear2.webm","expanded":true,"children":[]},{"name":"flashback.webm","expanded":true,"children":[]},{"name":"Magical Wand.webm","expanded":true,"children":[]},{"name":"Pop.webm","expanded":true,"children":[]},{"name":"star.webm","expanded":true,"children":[]},{"name":"Ting.webm","expanded":true,"children":[]},{"name":"Wha! wha! wha! 2.webm","expanded":true,"children":[]}]},{"name":"Music","expanded":true,"children":[]},{"name":"Videos","expanded":true,"children":[]},{"name":"Fonts","expanded":true,"children":[]},{"name":"Icons","expanded":true,"children":[{"name":"icon-114.png","expanded":true,"children":[]},{"name":"icon-128.png","expanded":true,"children":[]},{"name":"icon-16.png","expanded":true,"children":[]},{"name":"icon-256.png","expanded":true,"children":[]},{"name":"icon-32.png","expanded":true,"children":[]},{"name":"loading-logo.png","expanded":true,"children":[]}]},{"name":"Files","expanded":true,"children":[{"name":"LevelData","expanded":true,"children":[{"name":"level0.json","expanded":true,"children":[]},{"name":"level1.json","expanded":true,"children":[]},{"name":"level10.json","expanded":true,"children":[]},{"name":"level11.json","expanded":true,"children":[]},{"name":"level12.json","expanded":true,"children":[]},{"name":"level13.json","expanded":true,"children":[]},{"name":"level14.json","expanded":true,"children":[]},{"name":"level15.json","expanded":true,"children":[]},{"name":"level16.json","expanded":true,"children":[]},{"name":"level17.json","expanded":true,"children":[]},{"name":"level18.json","expanded":true,"children":[]},{"name":"level19.json","expanded":true,"children":[]},{"name":"level2.json","expanded":true,"children":[]},{"name":"level20.json","expanded":true,"children":[]},{"name":"level21.json","expanded":true,"children":[]},{"name":"level22.json","expanded":true,"children":[]},{"name":"level23.json","expanded":true,"children":[]},{"name":"level24.json","expanded":true,"children":[]},{"name":"level25.json","expanded":true,"children":[]},{"name":"level26.json","expanded":true,"children":[]},{"name":"level27.json","expanded":true,"children":[]},{"name":"level3.json","expanded":true,"children":[]},{"name":"level4.json","expanded":true,"children":[]},{"name":"level5.json","expanded":true,"children":[]},{"name":"level6.json","expanded":true,"children":[]},{"name":"level7.json","expanded":true,"children":[]},{"name":"level8.json","expanded":true,"children":[]},{"name":"level9.json","expanded":true,"children":[]}]}]}]}]},"propertiesBarActiveObject":{"name":"Level18","type":"layout"}}