{
	"name": "ReloadGame",
	"plugin-id": "Sprite",
	"sid": 728582727567514,
	"isGlobal": false,
	"instanceVariables": [],
	"behaviorTypes": [],
	"effectTypes": [],
	"animations": {
		"items": [
			{
				"frames": [
					{
						"width": 227,
						"height": 227,
						"originX": 0.502203,
						"originY": 0.502203,
						"originalSource": "",
						"exportFormat": "lossless",
						"exportQuality": 0.8,
						"imageSpriteId": 2584285,
						"useCollisionPoly": true,
						"duration": 1
					}
				],
				"sid": 227464574609684,
				"name": "Default",
				"isLooping": false,
				"isPingPong": false,
				"repeatCount": 1,
				"repeatTo": 0,
				"speed": 5
			}
		],
		"subfolders": []
	}
}