{
	"name": "Text",
	"plugin-id": "Text",
	"sid": 410080740830842,
	"isGlobal": false,
	"instanceVariables": [
		{
			"name": "item",
			"type": "number",
			"desc": "",
			"sid": 697501006985765
		},
		{
			"name": "targetx",
			"type": "number",
			"desc": "",
			"sid": 398114937396568
		},
		{
			"name": "targety",
			"type": "number",
			"desc": "",
			"sid": 759291514407800
		}
	],
	"behaviorTypes": [
		{
			"behaviorId": "Tween",
			"name": "Tween",
			"sid": 302366166987673
		}
	],
	"effectTypes": []
}