{
	"name": "CancelPut",
	"plugin-id": "Sprite",
	"sid": 775079375158781,
	"isGlobal": false,
	"instanceVariables": [],
	"behaviorTypes": [],
	"effectTypes": [],
	"animations": {
		"items": [
			{
				"frames": [
					{
						"width": 193,
						"height": 194,
						"originX": 0.502591,
						"originY": 0.5,
						"originalSource": "",
						"exportFormat": "lossless",
						"exportQuality": 0.8,
						"imageSpriteId": 7476836,
						"useCollisionPoly": true,
						"duration": 1
					}
				],
				"sid": 170778521865624,
				"name": "Default",
				"isLooping": false,
				"isPingPong": false,
				"repeatCount": 1,
				"repeatTo": 0,
				"speed": 5
			}
		],
		"subfolders": []
	}
}