{
	"name": "infoTutorial",
	"plugin-id": "Sprite",
	"sid": 760089881769742,
	"isGlobal": false,
	"instanceVariables": [],
	"behaviorTypes": [
		{
			"behaviorId": "Tween",
			"name": "Tween",
			"sid": 116723404374388
		}
	],
	"effectTypes": [],
	"animations": {
		"items": [
			{
				"frames": [
					{
						"width": 623,
						"height": 577,
						"originX": 0.5,
						"originY": 0.5,
						"originalSource": "",
						"exportFormat": "lossless",
						"exportQuality": 0.8,
						"imageSpriteId": 500763,
						"useCollisionPoly": true,
						"duration": 1
					},
					{
						"width": 652,
						"height": 558,
						"originX": 0.5,
						"originY": 0.5,
						"originalSource": "",
						"exportFormat": "lossless",
						"exportQuality": 0.8,
						"imageSpriteId": 36972,
						"useCollisionPoly": true,
						"duration": 1
					},
					{
						"width": 624,
						"height": 558,
						"originX": 0.5,
						"originY": 0.5,
						"originalSource": "",
						"exportFormat": "lossless",
						"exportQuality": 0.8,
						"imageSpriteId": 5754867,
						"useCollisionPoly": true,
						"duration": 1
					}
				],
				"sid": 660817526609674,
				"name": "Animation 1",
				"isLooping": false,
				"isPingPong": false,
				"repeatCount": 1,
				"repeatTo": 0,
				"speed": 0
			}
		],
		"subfolders": []
	}
}