{
	"name": "Event sheet 1",
	"events": [
		{
			"eventType": "variable",
			"name": "spinGot",
			"type": "string",
			"initialValue": "",
			"comment": "",
			"isStatic": false,
			"isConstant": false,
			"sid": 205244930594121
		},
		{
			"eventType": "comment",
			"text": "stop bulatan"
		},
		{
			"eventType": "block",
			"conditions": [
				{
					"id": "on-touched-object",
					"objectClass": "Touch",
					"sid": 676240672633940,
					"parameters": {
						"object": "bulat"
					}
				}
			],
			"actions": [
				{
					"id": "set-boolean-instvar",
					"objectClass": "bulat",
					"sid": 896797847356722,
					"parameters": {
						"instance-variable": "stop",
						"value": "true"
					}
				}
			],
			"sid": 569874019470327
		},
		{
			"eventType": "block",
			"conditions": [
				{
					"id": "is-boolean-instance-variable-set",
					"objectClass": "bulat",
					"sid": 920457339278637,
					"parameters": {
						"instance-variable": "stop"
					}
				},
				{
					"id": "compare-two-values",
					"objectClass": "System",
					"sid": 913643334395479,
					"parameters": {
						"first-value": "bulat.Rotate.Speed",
						"comparison": 4,
						"second-value": "0"
					}
				}
			],
			"actions": [
				{
					"id": "set-speed",
					"objectClass": "bulat",
					"sid": 640594918666840,
					"behaviorType": "Rotate",
					"parameters": {
						"speed": "Self.Rotate.Speed - 1"
					}
				}
			],
			"sid": 709973104800090
		},
		{
			"eventType": "comment",
			"text": "bulatan stop"
		},
		{
			"eventType": "block",
			"conditions": [
				{
					"id": "compare-two-values",
					"objectClass": "System",
					"sid": 869915483565463,
					"parameters": {
						"first-value": "bulat.Rotate.Speed",
						"comparison": 2,
						"second-value": "1"
					}
				}
			],
			"actions": [],
			"sid": 670045742125676,
			"children": [
				{
					"eventType": "block",
					"conditions": [
						{
							"id": "is-overlapping-another-object",
							"objectClass": "collapse",
							"sid": 514094039341674,
							"disabled": true,
							"parameters": {
								"object": "penunjuk"
							}
						},
						{
							"id": "is-overlapping-another-object",
							"objectClass": "penunjuk",
							"sid": 885351780024943,
							"parameters": {
								"object": "TulisanWheel"
							}
						}
					],
					"actions": [
						{
							"id": "set-eventvar-value",
							"objectClass": "System",
							"sid": 505418419243716,
							"disabled": true,
							"parameters": {
								"variable": "spinGot",
								"value": "collapse.data"
							}
						},
						{
							"id": "set-eventvar-value",
							"objectClass": "System",
							"sid": 233513711391341,
							"parameters": {
								"variable": "spinGot",
								"value": "TulisanWheel.Text"
							}
						},
						{
							"id": "set-text",
							"objectClass": "Text",
							"sid": 408471669552730,
							"parameters": {
								"text": "\"You Got : \" & spinGot"
							}
						}
					],
					"sid": 504360684603544
				}
			]
		},
		{
			"eventType": "block",
			"conditions": [
				{
					"id": "on-start-of-layout",
					"objectClass": "System",
					"sid": 770673524735172
				}
			],
			"actions": [
				{
					"id": "set-visible",
					"objectClass": "collapse",
					"sid": 530108316903421,
					"parameters": {
						"visibility": "invisible"
					}
				},
				{
					"id": "set-visible",
					"objectClass": "penunjuk",
					"sid": 268461950368620,
					"parameters": {
						"visibility": "invisible"
					}
				}
			],
			"sid": 996556066542834,
			"children": [
				{
					"eventType": "block",
					"conditions": [
						{
							"id": "for-each",
							"objectClass": "System",
							"sid": 197647826528269,
							"parameters": {
								"object": "collapse"
							}
						}
					],
					"actions": [
						{
							"id": "pin-to-object-properties",
							"objectClass": "collapse",
							"sid": 257713384191788,
							"behaviorType": "Pin",
							"parameters": {
								"pin-to": "bulat",
								"x": true,
								"y": true,
								"angle": true,
								"width-type": "no",
								"height-type": "no",
								"z": false
							}
						}
					],
					"sid": 933393507238740
				},
				{
					"eventType": "block",
					"conditions": [
						{
							"id": "for-each",
							"objectClass": "System",
							"sid": 652505406806718,
							"parameters": {
								"object": "TulisanWheel"
							}
						}
					],
					"actions": [
						{
							"id": "pin-to-object-properties",
							"objectClass": "TulisanWheel",
							"sid": 263996362585586,
							"behaviorType": "Pin",
							"parameters": {
								"pin-to": "bulat",
								"x": true,
								"y": true,
								"angle": true,
								"width-type": "no",
								"height-type": "no",
								"z": false
							}
						}
					],
					"sid": 708966855193122
				}
			]
		},
		{
			"eventType": "comment",
			"text": "jalankan balik bulatan"
		},
		{
			"eventType": "block",
			"conditions": [
				{
					"id": "on-double-tap",
					"objectClass": "Touch",
					"sid": 338498574946782
				}
			],
			"actions": [
				{
					"id": "set-boolean-instvar",
					"objectClass": "bulat",
					"sid": 461592222069913,
					"parameters": {
						"instance-variable": "stop",
						"value": "false"
					}
				},
				{
					"id": "set-speed",
					"objectClass": "bulat",
					"sid": 391687068224062,
					"behaviorType": "Rotate",
					"parameters": {
						"speed": "180"
					}
				}
			],
			"sid": 601823685338626
		}
	],
	"sid": 260596246754988
}