{
	"name": "Layout 1",
	"layers": [
		{
			"name": "Layer 0",
			"overriden": 0,
			"subLayers": [],
			"instances": [
				{
					"type": "bulat",
					"properties": {
						"initially-visible": true,
						"initial-animation": "Animation 1",
						"initial-frame": 3,
						"enable-collisions": true,
						"live-preview": false
					},
					"uid": 2,
					"instanceVariables": {
						"stop": false
					},
					"behaviors": {
						"Rotate": {
							"properties": {
								"speed": 180,
								"acceleration": 0,
								"enabled": true,
								"live-preview": false
							}
						}
					},
					"world": {
						"x": 423.6048186070566,
						"y": 227.0232855721075,
						"width": 309.72925926652215,
						"height": 294.60546773031547,
						"originX": 0.5024875621890548,
						"originY": 0.49331103678929766,
						"color": [
							1,
							1,
							1,
							1
						],
						"angle": 0,
						"zElevation": 0
					}
				},
				{
					"type": "collapse",
					"properties": {
						"initially-visible": true,
						"initial-animation": "Animation 1",
						"initial-frame": 0,
						"enable-collisions": true,
						"live-preview": false
					},
					"uid": 5,
					"instanceVariables": {
						"data": "1"
					},
					"behaviors": {
						"Pin": {
							"properties": {
								"destroy": false
							}
						}
					},
					"world": {
						"x": 433.285948674223,
						"y": 157.26280843890234,
						"width": 156.52778523932247,
						"height": 132.50433112875666,
						"originX": 0.527027027027027,
						"originY": 0.4788732394366197,
						"color": [
							1,
							1,
							1,
							1
						],
						"angle": 6.2660376299830105,
						"zElevation": 0
					}
				},
				{
					"type": "collapse",
					"properties": {
						"initially-visible": true,
						"initial-animation": "Animation 1",
						"initial-frame": 0,
						"enable-collisions": true,
						"live-preview": false
					},
					"uid": 6,
					"instanceVariables": {
						"data": "10"
					},
					"behaviors": {
						"Pin": {
							"properties": {
								"destroy": false
							}
						}
					},
					"world": {
						"x": 370.02017105649406,
						"y": 191.73459586302175,
						"width": 152.80472157987484,
						"height": 140.01870444659104,
						"originX": 0.527027027027027,
						"originY": 0.4788732394366197,
						"color": [
							1,
							1,
							1,
							1
						],
						"angle": 5.2528861975845,
						"zElevation": 0
					}
				},
				{
					"type": "collapse",
					"properties": {
						"initially-visible": true,
						"initial-animation": "Animation 1",
						"initial-frame": 0,
						"enable-collisions": true,
						"live-preview": false
					},
					"uid": 7,
					"instanceVariables": {
						"data": "9"
					},
					"behaviors": {
						"Pin": {
							"properties": {
								"destroy": false
							}
						}
					},
					"world": {
						"x": 364.25080307817666,
						"y": 259.11634175431624,
						"width": 157.59763721794246,
						"height": 142.63992124000322,
						"originX": 0.527027027027027,
						"originY": 0.4788732394366197,
						"color": [
							1,
							1,
							1,
							1
						],
						"angle": 4.191844619148865,
						"zElevation": 0
					}
				},
				{
					"type": "collapse",
					"properties": {
						"initially-visible": true,
						"initial-animation": "Animation 1",
						"initial-frame": 0,
						"enable-collisions": true,
						"live-preview": false
					},
					"uid": 8,
					"instanceVariables": {
						"data": "8"
					},
					"behaviors": {
						"Pin": {
							"properties": {
								"destroy": false
							}
						}
					},
					"world": {
						"x": 425.15926631685596,
						"y": 298.9778259483493,
						"width": 157.7951403784591,
						"height": 129.75788465924973,
						"originX": 0.527027027027027,
						"originY": 0.4788732394366197,
						"color": [
							1,
							1,
							1,
							1
						],
						"angle": 3.1515075710249887,
						"zElevation": 0
					}
				},
				{
					"type": "collapse",
					"properties": {
						"initially-visible": true,
						"initial-animation": "Animation 1",
						"initial-frame": 0,
						"enable-collisions": true,
						"live-preview": false
					},
					"uid": 9,
					"instanceVariables": {
						"data": "2"
					},
					"behaviors": {
						"Pin": {
							"properties": {
								"destroy": false
							}
						}
					},
					"world": {
						"x": 490.6788303300452,
						"y": 204.325790842995,
						"width": 152.24379156492887,
						"height": 137.2047373097166,
						"originX": 0.527027027027027,
						"originY": 0.4788732394366197,
						"color": [
							1,
							1,
							1,
							1
						],
						"angle": 1.0088524499865525,
						"zElevation": 0
					}
				},
				{
					"type": "collapse",
					"properties": {
						"initially-visible": true,
						"initial-animation": "Animation 1",
						"initial-frame": 0,
						"enable-collisions": true,
						"live-preview": false
					},
					"uid": 10,
					"instanceVariables": {
						"data": "7"
					},
					"behaviors": {
						"Pin": {
							"properties": {
								"destroy": false
							}
						}
					},
					"world": {
						"x": 486.12532307514044,
						"y": 266.683044558443,
						"width": 154.53859725419247,
						"height": 131.0088167490209,
						"originX": 0.527027027027027,
						"originY": 0.4788732394366197,
						"color": [
							1,
							1,
							1,
							1
						],
						"angle": 2.0535585967396592,
						"zElevation": 0
					}
				},
				{
					"type": "Text",
					"properties": {
						"text": "You Got : ",
						"enable-bbcode": true,
						"font": "Arial",
						"size": 12,
						"line-height": 0,
						"bold": false,
						"italic": false,
						"color": [
							1,
							1,
							1,
							1
						],
						"horizontal-alignment": "left",
						"vertical-alignment": "top",
						"wrapping": "word",
						"initially-visible": true,
						"origin": "top-left"
					},
					"uid": 15,
					"instanceVariables": {},
					"behaviors": {},
					"world": {
						"x": 185.7147607444652,
						"y": 42.65109032106807,
						"width": 200,
						"height": 30,
						"originX": 0,
						"originY": 0,
						"color": [
							1,
							1,
							1,
							1
						],
						"angle": 0,
						"zElevation": 0
					}
				},
				{
					"type": "TangkaiWheel",
					"properties": {
						"initially-visible": true,
						"initial-animation": "Animation 1",
						"initial-frame": 0,
						"enable-collisions": true,
						"live-preview": false
					},
					"uid": 11,
					"instanceVariables": {},
					"behaviors": {},
					"world": {
						"x": 424.8852843060595,
						"y": 235.19756391828537,
						"width": 324.6662868229181,
						"height": 398.2523221327501,
						"originX": 0.497841726618705,
						"originY": 0.3993055555555556,
						"color": [
							1,
							1,
							1,
							1
						],
						"angle": 0,
						"zElevation": 0
					}
				},
				{
					"type": "penunjuk",
					"properties": {
						"initially-visible": true,
						"initial-animation": "Animation 1",
						"initial-frame": 0,
						"enable-collisions": true,
						"live-preview": false
					},
					"uid": 4,
					"instanceVariables": {},
					"behaviors": {},
					"world": {
						"x": 423.76079242018375,
						"y": 86.74554467041497,
						"width": 9,
						"height": 74.0592157784216,
						"originX": 0.4444444444444444,
						"originY": 0.016129032258064516,
						"color": [
							1,
							1,
							1,
							1
						],
						"angle": 0,
						"zElevation": 0
					}
				},
				{
					"type": "TulisanWheel",
					"properties": {
						"text": "Ayam",
						"enable-bbcode": true,
						"font": "Courier New",
						"size": 11,
						"line-height": 0,
						"bold": true,
						"italic": false,
						"color": [
							0,
							0,
							0,
							1
						],
						"horizontal-alignment": "center",
						"vertical-alignment": "center",
						"wrapping": "word",
						"initially-visible": true,
						"origin": "center"
					},
					"uid": 12,
					"instanceVariables": {},
					"behaviors": {
						"Pin": {
							"properties": {
								"destroy": false
							}
						}
					},
					"world": {
						"x": 423.9135505811439,
						"y": 136.27305121548494,
						"width": 88.0150305969131,
						"height": 64.03635837887195,
						"originX": 0.5,
						"originY": 0.5,
						"color": [
							1,
							1,
							1,
							1
						],
						"angle": 4.7021380884841255,
						"zElevation": 0
					}
				},
				{
					"type": "TulisanWheel",
					"properties": {
						"text": "Ikan",
						"enable-bbcode": true,
						"font": "Courier New",
						"size": 11,
						"line-height": 0,
						"bold": true,
						"italic": false,
						"color": [
							0,
							0,
							0,
							1
						],
						"horizontal-alignment": "center",
						"vertical-alignment": "center",
						"wrapping": "word",
						"initially-visible": true,
						"origin": "center"
					},
					"uid": 13,
					"instanceVariables": {},
					"behaviors": {
						"Pin": {
							"properties": {
								"destroy": false
							}
						}
					},
					"world": {
						"x": 495.84141011948356,
						"y": 192.46618758110543,
						"width": 88.37901761470035,
						"height": 64.03635837887195,
						"originX": 0.5,
						"originY": 0.5,
						"color": [
							1,
							1,
							1,
							1
						],
						"angle": 5.805631950752484,
						"zElevation": 0
					}
				},
				{
					"type": "TulisanWheel",
					"properties": {
						"text": "Itik",
						"enable-bbcode": true,
						"font": "Courier New",
						"size": 11,
						"line-height": 0,
						"bold": true,
						"italic": false,
						"color": [
							0,
							0,
							0,
							1
						],
						"horizontal-alignment": "center",
						"vertical-alignment": "center",
						"wrapping": "word",
						"initially-visible": true,
						"origin": "center"
					},
					"uid": 14,
					"instanceVariables": {},
					"behaviors": {
						"Pin": {
							"properties": {
								"destroy": false
							}
						}
					},
					"world": {
						"x": 495.68794565511473,
						"y": 270.9355375777418,
						"width": 88.37901761470035,
						"height": 64.03635837887195,
						"originX": 0.5,
						"originY": 0.5,
						"color": [
							1,
							1,
							1,
							1
						],
						"angle": 0.6619802435799862,
						"zElevation": 0
					}
				},
				{
					"type": "TulisanWheel",
					"properties": {
						"text": "Paus",
						"enable-bbcode": true,
						"font": "Courier New",
						"size": 11,
						"line-height": 0,
						"bold": true,
						"italic": false,
						"color": [
							0,
							0,
							0,
							1
						],
						"horizontal-alignment": "center",
						"vertical-alignment": "center",
						"wrapping": "word",
						"initially-visible": true,
						"origin": "center"
					},
					"uid": 16,
					"instanceVariables": {},
					"behaviors": {
						"Pin": {
							"properties": {
								"destroy": false
							}
						}
					},
					"world": {
						"x": 425.6804655729878,
						"y": 309.7069271380954,
						"width": 88.37901761470035,
						"height": 64.03635837887195,
						"originX": 0.5,
						"originY": 0.5,
						"color": [
							1,
							1,
							1,
							1
						],
						"angle": 1.5120749727083886,
						"zElevation": 0
					}
				},
				{
					"type": "TulisanWheel",
					"properties": {
						"text": "Yu",
						"enable-bbcode": true,
						"font": "Courier New",
						"size": 11,
						"line-height": 0,
						"bold": true,
						"italic": false,
						"color": [
							0,
							0,
							0,
							1
						],
						"horizontal-alignment": "center",
						"vertical-alignment": "center",
						"wrapping": "word",
						"initially-visible": true,
						"origin": "center"
					},
					"uid": 17,
					"instanceVariables": {},
					"behaviors": {
						"Pin": {
							"properties": {
								"destroy": false
							}
						}
					},
					"world": {
						"x": 353.140770687725,
						"y": 271.67683042253094,
						"width": 88.37901761470035,
						"height": 64.03635837887195,
						"originX": 0.5,
						"originY": 0.5,
						"color": [
							1,
							1,
							1,
							1
						],
						"angle": 2.542430516842858,
						"zElevation": 0
					}
				},
				{
					"type": "TulisanWheel",
					"properties": {
						"text": "Rama-rama",
						"enable-bbcode": true,
						"font": "Courier New",
						"size": 11,
						"line-height": 0,
						"bold": true,
						"italic": false,
						"color": [
							0,
							0,
							0,
							1
						],
						"horizontal-alignment": "center",
						"vertical-alignment": "center",
						"wrapping": "word",
						"initially-visible": true,
						"origin": "center"
					},
					"uid": 18,
					"instanceVariables": {},
					"behaviors": {
						"Pin": {
							"properties": {
								"destroy": false
							}
						}
					},
					"world": {
						"x": 348.74709412404775,
						"y": 181.79151105475805,
						"width": 88.37901761470035,
						"height": 64.03635837887195,
						"originX": 0.5,
						"originY": 0.5,
						"color": [
							1,
							1,
							1,
							1
						],
						"angle": 3.652291590015636,
						"zElevation": 0
					}
				}
			],
			"sid": 177421498261174,
			"effectTypes": [],
			"isInitiallyVisible": true,
			"isInitiallyInteractive": true,
			"color": [
				1,
				1,
				1,
				1
			],
			"backgroundColor": [
				0.3686274509803922,
				0.3686274509803922,
				0.3686274509803922,
				1
			],
			"isTransparent": false,
			"parallaxX": 1,
			"parallaxY": 1,
			"scaleRate": 1,
			"forceOwnTexture": false,
			"renderingMode": "3d",
			"drawOrder": "z-order",
			"useRenderCells": false,
			"blendMode": "normal",
			"zElevation": 0,
			"global": false
		}
	],
	"sid": 586757182519330,
	"nonworld-instances": [],
	"effectTypes": [],
	"width": 1708,
	"height": 960,
	"unboundedScrolling": false,
	"vpX": 0.5,
	"vpY": 0.5,
	"projection": "perspective",
	"eventSheet": "Event sheet 1"
}