{
	"name": "collapse",
	"plugin-id": "Sprite",
	"sid": 744982007173159,
	"isGlobal": false,
	"instanceVariables": [
		{
			"name": "data",
			"type": "string",
			"desc": "",
			"show": true,
			"sid": 664198952056619
		}
	],
	"behaviorTypes": [
		{
			"behaviorId": "Pin",
			"name": "Pin",
			"sid": 272648019823196
		}
	],
	"effectTypes": [],
	"animations": {
		"items": [
			{
				"frames": [
					{
						"width": 148,
						"height": 213,
						"originX": 0.527027027027027,
						"originY": 0.4788732394366197,
						"originalSource": "",
						"exportFormat": "lossless",
						"exportQuality": 0.8,
						"imageSpriteId": 7289120,
						"collisionPoly": {
							"points": [
								0,
								0,
								1,
								0,
								0.48310810810810834,
								1
							]
						},
						"useCollisionPoly": true,
						"duration": 1
					}
				],
				"sid": 620378087060271,
				"name": "Animation 1",
				"isLooping": false,
				"isPingPong": false,
				"repeatCount": 1,
				"repeatTo": 0,
				"speed": 5
			}
		],
		"subfolders": []
	}
}