{
	"name": "bulat",
	"plugin-id": "Sprite",
	"sid": 691001957479932,
	"isGlobal": false,
	"instanceVariables": [
		{
			"name": "stop",
			"type": "boolean",
			"desc": "",
			"show": true,
			"sid": 594053979037771
		}
	],
	"behaviorTypes": [
		{
			"behaviorId": "Rotate",
			"name": "Rotate",
			"sid": 914287030694163
		}
	],
	"effectTypes": [],
	"animations": {
		"items": [
			{
				"frames": [
					{
						"width": 183,
						"height": 183,
						"originX": 0.5027322404371585,
						"originY": 0.5027322404371585,
						"originalSource": "",
						"exportFormat": "lossless",
						"exportQuality": 0.8,
						"imageSpriteId": 3480457,
						"useCollisionPoly": true,
						"duration": 1
					},
					{
						"width": 183,
						"height": 183,
						"originX": 0.5027322404371585,
						"originY": 0.5027322404371585,
						"originalSource": "",
						"exportFormat": "lossless",
						"exportQuality": 0.8,
						"imageSpriteId": 6614119,
						"useCollisionPoly": true,
						"duration": 1
					},
					{
						"width": 695,
						"height": 864,
						"originX": 0.49928057553956834,
						"originY": 0.5,
						"originalSource": "",
						"exportFormat": "lossless",
						"exportQuality": 0.8,
						"imageSpriteId": 1166216,
						"useCollisionPoly": true,
						"duration": 1
					},
					{
						"width": 603,
						"height": 598,
						"originX": 0.5024875621890548,
						"originY": 0.49331103678929766,
						"originalSource": "",
						"exportFormat": "lossless",
						"exportQuality": 0.8,
						"imageSpriteId": 5444681,
						"useCollisionPoly": true,
						"duration": 1
					},
					{
						"width": 695,
						"height": 864,
						"originX": 0.49928057553956834,
						"originY": 0.5,
						"originalSource": "",
						"exportFormat": "lossless",
						"exportQuality": 0.8,
						"imageSpriteId": 316341,
						"useCollisionPoly": true,
						"duration": 1
					}
				],
				"sid": 133416975905914,
				"name": "Animation 1",
				"isLooping": false,
				"isPingPong": false,
				"repeatCount": 1,
				"repeatTo": 0,
				"speed": 0
			}
		],
		"subfolders": []
	}
}