{
	"name": "TangkaiWheel",
	"plugin-id": "Sprite",
	"sid": 938517283886704,
	"isGlobal": false,
	"instanceVariables": [],
	"behaviorTypes": [],
	"effectTypes": [],
	"animations": {
		"items": [
			{
				"frames": [
					{
						"width": 695,
						"height": 864,
						"originX": 0.497841726618705,
						"originY": 0.3993055555555556,
						"originalSource": "",
						"exportFormat": "lossless",
						"exportQuality": 0.8,
						"imageSpriteId": 7571436,
						"useCollisionPoly": true,
						"duration": 1
					}
				],
				"sid": 693413330125943,
				"name": "Animation 1",
				"isLooping": false,
				"isPingPong": false,
				"repeatCount": 1,
				"repeatTo": 0,
				"speed": 5
			}
		],
		"subfolders": []
	}
}