{
	"name": "penunjuk",
	"plugin-id": "Sprite",
	"sid": 311798375174262,
	"isGlobal": false,
	"instanceVariables": [],
	"behaviorTypes": [],
	"effectTypes": [],
	"animations": {
		"items": [
			{
				"frames": [
					{
						"width": 9,
						"height": 62,
						"originX": 0.4444444444444444,
						"originY": 0.016129032258064516,
						"originalSource": "",
						"exportFormat": "lossless",
						"exportQuality": 0.8,
						"imageSpriteId": 5064799,
						"collisionPoly": {
							"points": [
								0.07407407407407407,
								0.9103942652329742,
								0.9382716049382716,
								0.9103942652329745,
								0.49382716049382697,
								0.9892473118279572
							]
						},
						"useCollisionPoly": true,
						"duration": 1
					}
				],
				"sid": 395850587773769,
				"name": "Animation 1",
				"isLooping": false,
				"isPingPong": false,
				"repeatCount": 1,
				"repeatTo": 0,
				"speed": 5
			}
		],
		"subfolders": []
	}
}