{
	"name": "Event sheet 1",
	"events": [
		{
			"eventType": "block",
			"conditions": [
				{
					"id": "on-touched-object",
					"objectClass": "Touch",
					"sid": 613148837190988,
					"parameters": {
						"object": "Button"
					}
				}
			],
			"actions": [
				{
					"id": "call-function",
					"objectClass": "Function",
					"sid": 564090129154963,
					"parameters": {
						"name": "\"Main\"",
						"parameter-n": []
					}
				},
				{
					"id": "play",
					"objectClass": "Audio",
					"sid": 715163858552742,
					"parameters": {
						"audio-file": "Magical Wand",
						"loop": "not-looping",
						"volume": "0",
						"stereo-pan": "0",
						"tag-optional": "\"\""
					}
				}
			],
			"sid": 601630166314025
		},
		{
			"eventType": "block",
			"conditions": [
				{
					"id": "on-function",
					"objectClass": "Function",
					"sid": 701478822355706,
					"parameters": {
						"name": "\"Main\""
					}
				}
			],
			"actions": [
				{
					"id": "set-opacity",
					"objectClass": "Peta",
					"sid": 802892561131188,
					"parameters": {
						"opacity": "100"
					}
				},
				{
					"id": "tween-two-properties",
					"objectClass": "Peta",
					"sid": 370069906977211,
					"behaviorType": "Tween",
					"parameters": {
						"tags": "\"\"",
						"property": "size",
						"end-x": "1267",
						"end-y": "899",
						"time": "1",
						"ease": "default",
						"destroy-on-complete": "no",
						"loop": "no",
						"ping-pong": "no"
					}
				},
				{
					"id": "tween-two-properties",
					"objectClass": "Peta",
					"sid": 295445317495861,
					"behaviorType": "Tween",
					"parameters": {
						"tags": "\"\"",
						"property": "position",
						"end-x": "969",
						"end-y": "516",
						"time": "1",
						"ease": "default",
						"destroy-on-complete": "no",
						"loop": "no",
						"ping-pong": "no"
					}
				},
				{
					"id": "tween-one-property",
					"objectClass": "Button",
					"sid": 542422423046820,
					"behaviorType": "Tween",
					"parameters": {
						"tags": "\"\"",
						"property": "offsetOpacity",
						"end-value": "0",
						"time": "1",
						"ease": "default",
						"destroy-on-complete": "no",
						"loop": "no",
						"ping-pong": "no"
					}
				},
				{
					"id": "tween-one-property",
					"objectClass": "Sprite",
					"sid": 888982265946022,
					"behaviorType": "Tween",
					"parameters": {
						"tags": "\"\"",
						"property": "offsetOpacity",
						"end-value": "0",
						"time": "1",
						"ease": "default",
						"destroy-on-complete": "no",
						"loop": "no",
						"ping-pong": "no"
					}
				},
				{
					"id": "wait",
					"objectClass": "System",
					"sid": 658655610680122,
					"parameters": {
						"seconds": "1.5"
					}
				},
				{
					"id": "go-to-layout",
					"objectClass": "System",
					"sid": 303325056645357,
					"parameters": {
						"layout": "Layout 2"
					}
				}
			],
			"sid": 889413070740947
		},
		{
			"eventType": "block",
			"conditions": [
				{
					"id": "on-start-of-layout",
					"objectClass": "System",
					"sid": 720386987641800
				}
			],
			"actions": [
				{
					"id": "tween-one-property",
					"objectClass": "Peta",
					"sid": 134326864143981,
					"behaviorType": "Tween",
					"parameters": {
						"tags": "\"\"",
						"property": "offsetOpacity",
						"end-value": "100",
						"time": "1",
						"ease": "default",
						"destroy-on-complete": "no",
						"loop": "no",
						"ping-pong": "no"
					}
				},
				{
					"id": "tween-two-properties",
					"objectClass": "Sprite",
					"sid": 537317994048538,
					"behaviorType": "Tween",
					"parameters": {
						"tags": "\"\"",
						"property": "position",
						"end-x": "982",
						"end-y": "129",
						"time": "1",
						"ease": "default",
						"destroy-on-complete": "no",
						"loop": "no",
						"ping-pong": "no"
					}
				}
			],
			"sid": 239994484761853
		}
	],
	"sid": 937874247193607
}