{"name":"layout 8","tabColor":[0.8250000000000001,0.8000000000000002,0.9999999999999999,1],"tabTextColor":null,"uiState":{"viewsUIState":[],"bookmark":false,"eventsUIState":[{"viewsUIState":[],"bookmark":false},{"viewsUIState":[],"bookmark":false,"children":[{"viewsUIState":[],"bookmark":false,"children":[]},{"viewsUIState":[],"bookmark":false,"children":[]}]},{"viewsUIState":[],"bookmark":false},{"viewsUIState":[],"bookmark":false,"children":[]},{"viewsUIState":[],"bookmark":false},{"viewsUIState":[],"bookmark":false,"children":[]}]}}