{
	"name": "Layout13",
	"events": [
		{
			"eventType": "include",
			"includeSheet": "DefaultButton"
		},
		{
			"eventType": "block",
			"conditions": [
				{
					"id": "on-start-of-layout",
					"objectClass": "System",
					"sid": 122005201768734
				}
			],
			"actions": [
				{
					"id": "set-instvar-value",
					"objectClass": "GmbrDrag",
					"sid": 529169844728548,
					"parameters": {
						"instance-variable": "startX",
						"value": "Self.x"
					}
				},
				{
					"id": "set-instvar-value",
					"objectClass": "GmbrDrag",
					"sid": 781274367038508,
					"parameters": {
						"instance-variable": "startY",
						"value": "Self.y"
					}
				},
				{
					"id": "preload",
					"objectClass": "Audio",
					"sid": 551992336144988,
					"parameters": {
						"audio-file": "xiexie"
					}
				},
				{
					"id": "preload",
					"objectClass": "Audio",
					"sid": 949916379989266,
					"parameters": {
						"audio-file": "duibuqi2"
					}
				},
				{
					"id": "preload",
					"objectClass": "Audio",
					"sid": 749685107749210,
					"parameters": {
						"audio-file": "bukeqi2"
					}
				},
				{
					"id": "preload",
					"objectClass": "Audio",
					"sid": 125819634709071,
					"parameters": {
						"audio-file": "meiguanxi2"
					}
				},
				{
					"id": "preload",
					"objectClass": "Audio",
					"sid": 108534338910243,
					"parameters": {
						"audio-file": "henmang2"
					}
				}
			],
			"sid": 829968729313808
		},
		{
			"eventType": "variable",
			"name": "draggingItem",
			"type": "number",
			"initialValue": "0",
			"comment": "",
			"isStatic": false,
			"isConstant": false,
			"sid": 588892420480431
		},
		{
			"eventType": "block",
			"conditions": [
				{
					"id": "on-drop",
					"objectClass": "GmbrDrag",
					"sid": 238753495885998,
					"behaviorType": "DragDrop"
				},
				{
					"id": "pick-nearestfurthest",
					"objectClass": "GmbrDrag2",
					"sid": 944983871165703,
					"parameters": {
						"which": "nearest",
						"x": "Gmbrdrag.x",
						"y": "Gmbrdrag.y"
					}
				}
			],
			"actions": [],
			"sid": 687597051458525,
			"children": [
				{
					"eventType": "comment",
					"text": "Betul"
				},
				{
					"eventType": "block",
					"conditions": [
						{
							"id": "compare-instance-variable",
							"objectClass": "GmbrDrag2",
							"sid": 650742799351668,
							"parameters": {
								"instance-variable": "item",
								"comparison": 0,
								"value": "Draggingitem"
							}
						}
					],
					"actions": [
						{
							"id": "set-position",
							"objectClass": "GmbrDrag",
							"sid": 320380562094266,
							"parameters": {
								"x": "Gmbrdrag2.x",
								"y": "670"
							}
						},
						{
							"id": "stop",
							"objectClass": "Audio",
							"sid": 625179340524260,
							"parameters": {
								"tag": "\"s\""
							}
						},
						{
							"id": "play-by-name",
							"objectClass": "Audio",
							"sid": 175651141953183,
							"parameters": {
								"folder": "sounds",
								"audio-file-name": "Gmbrdrag.nameSound",
								"loop": "not-looping",
								"volume": "10",
								"stereo-pan": "0",
								"tag-optional": "\"say\""
							}
						}
					],
					"sid": 486017571102705
				},
				{
					"eventType": "comment",
					"text": "Salah"
				},
				{
					"eventType": "block",
					"conditions": [
						{
							"id": "else",
							"objectClass": "System",
							"sid": 485125646041842
						}
					],
					"actions": [
						{
							"id": "set-position",
							"objectClass": "GmbrDrag",
							"sid": 288073228367567,
							"parameters": {
								"x": "Self.startx",
								"y": "Self.starty"
							}
						}
					],
					"sid": 255670212879593
				}
			]
		},
		{
			"eventType": "block",
			"conditions": [
				{
					"id": "on-drag-start",
					"objectClass": "GmbrDrag",
					"sid": 723122243279471,
					"behaviorType": "DragDrop"
				}
			],
			"actions": [
				{
					"id": "set-eventvar-value",
					"objectClass": "System",
					"sid": 208385811796301,
					"parameters": {
						"variable": "draggingItem",
						"value": "GmbrDrag.item"
					}
				}
			],
			"sid": 401695516083009
		}
	],
	"sid": 133563559655092
}