{
	"name": "layout3",
	"events": [
		{
			"eventType": "include",
			"includeSheet": "DefaultButton"
		},
		{
			"eventType": "block",
			"conditions": [
				{
					"id": "on-start-of-layout",
					"objectClass": "System",
					"sid": 310186822300051
				},
				{
					"id": "compare-instance-variable",
					"objectClass": "Sprite3",
					"sid": 797290733013196,
					"parameters": {
						"instance-variable": "item",
						"comparison": 1,
						"value": "0"
					}
				}
			],
			"actions": [
				{
					"id": "set-opacity",
					"objectClass": "Sprite3",
					"sid": 396480872703803,
					"parameters": {
						"opacity": "0"
					}
				},
				{
					"id": "set-eventvar-value",
					"objectClass": "System",
					"sid": 461234600981518,
					"parameters": {
						"variable": "giliran",
						"value": "1"
					}
				}
			],
			"sid": 231976428215795
		},
		{
			"eventType": "comment",
			"text": "keluar satu2"
		},
		{
			"eventType": "variable",
			"name": "giliran",
			"type": "number",
			"initialValue": "1",
			"comment": "",
			"isStatic": false,
			"isConstant": false,
			"sid": 838435270919398
		},
		{
			"eventType": "block",
			"conditions": [
				{
					"id": "every-x-seconds",
					"objectClass": "System",
					"sid": 463377446503214,
					"parameters": {
						"interval-seconds": "1.0"
					}
				},
				{
					"id": "compare-instance-variable",
					"objectClass": "Sprite3",
					"sid": 375892228829856,
					"parameters": {
						"instance-variable": "item",
						"comparison": 0,
						"value": "giliran"
					}
				},
				{
					"id": "compare-eventvar",
					"objectClass": "System",
					"sid": 437806143561682,
					"parameters": {
						"variable": "giliran",
						"comparison": 2,
						"value": "5"
					}
				}
			],
			"actions": [
				{
					"id": "tween-one-property",
					"objectClass": "Sprite3",
					"sid": 242200133959516,
					"behaviorType": "Tween",
					"parameters": {
						"tags": "\"\"",
						"property": "offsetOpacity",
						"end-value": "100",
						"time": "1",
						"ease": "default",
						"destroy-on-complete": "no",
						"loop": "no",
						"ping-pong": "no"
					}
				},
				{
					"id": "add-to-eventvar",
					"objectClass": "System",
					"sid": 757012583541220,
					"parameters": {
						"variable": "giliran",
						"value": "1"
					}
				},
				{
					"id": "play",
					"objectClass": "Audio",
					"sid": 229448703607024,
					"parameters": {
						"audio-file": "Appear",
						"loop": "not-looping",
						"volume": "0",
						"stereo-pan": "0",
						"tag-optional": "\"\""
					}
				}
			],
			"sid": 841456212102899
		},
		{
			"eventType": "block",
			"conditions": [
				{
					"id": "compare-eventvar",
					"objectClass": "System",
					"sid": 342001783306112,
					"parameters": {
						"variable": "giliran",
						"comparison": 0,
						"value": "5"
					}
				}
			],
			"actions": [
				{
					"id": "set-visible",
					"objectClass": "nextButton",
					"sid": 960701520265846,
					"parameters": {
						"visibility": "visible"
					}
				}
			],
			"sid": 794220406707712
		}
	],
	"sid": 958501475678492
}