{
	"name": "DefaultButton",
	"events": [
		{
			"eventType": "block",
			"conditions": [
				{
					"id": "on-tap-object",
					"objectClass": "Touch",
					"sid": 287100641265914,
					"parameters": {
						"object": "backButton"
					}
				}
			],
			"actions": [
				{
					"id": "play",
					"objectClass": "Audio",
					"sid": 624221578931782,
					"parameters": {
						"audio-file": "Pop",
						"loop": "not-looping",
						"volume": "-10",
						"stereo-pan": "0",
						"tag-optional": "\"\""
					}
				},
				{
					"id": "go-to-layout-by-name",
					"objectClass": "System",
					"sid": 949498352515441,
					"parameters": {
						"layout": "Backbutton.goTo"
					}
				}
			],
			"sid": 557195932209846
		},
		{
			"eventType": "comment",
			"text": "Go to next level"
		},
		{
			"eventType": "block",
			"conditions": [
				{
					"id": "on-tap-object",
					"objectClass": "Touch",
					"sid": 707518352068439,
					"parameters": {
						"object": "nextButton"
					}
				},
				{
					"id": "is-visible",
					"objectClass": "nextButton",
					"sid": 828803874576400
				}
			],
			"actions": [
				{
					"id": "play",
					"objectClass": "Audio",
					"sid": 261158826864886,
					"parameters": {
						"audio-file": "Pop",
						"loop": "not-looping",
						"volume": "-10",
						"stereo-pan": "0",
						"tag-optional": "\"\""
					}
				},
				{
					"id": "go-to-layout-by-name",
					"objectClass": "System",
					"sid": 216922440145962,
					"parameters": {
						"layout": "Nextbutton.goTo"
					}
				}
			],
			"sid": 785894275029188
		},
		{
			"eventType": "comment",
			"text": "feedback"
		},
		{
			"eventType": "block",
			"conditions": [
				{
					"id": "on-touched-object",
					"objectClass": "Touch",
					"sid": 251925319497686,
					"parameters": {
						"object": "nextButton"
					}
				},
				{
					"id": "is-visible",
					"objectClass": "nextButton",
					"sid": 529919150034077
				}
			],
			"actions": [
				{
					"id": "set-opacity",
					"objectClass": "nextButton",
					"sid": 266264641677348,
					"parameters": {
						"opacity": "80"
					}
				}
			],
			"sid": 221541915161056
		},
		{
			"eventType": "block",
			"conditions": [
				{
					"id": "on-touched-object",
					"objectClass": "Touch",
					"sid": 365949146458162,
					"parameters": {
						"object": "backButton"
					}
				}
			],
			"actions": [
				{
					"id": "set-opacity",
					"objectClass": "backButton",
					"sid": 314637728013174,
					"parameters": {
						"opacity": "80"
					}
				}
			],
			"sid": 664622318616177
		},
		{
			"eventType": "block",
			"conditions": [
				{
					"id": "on-any-touch-end",
					"objectClass": "Touch",
					"sid": 177196819061658
				}
			],
			"actions": [
				{
					"id": "set-opacity",
					"objectClass": "nextButton",
					"sid": 286561419947113,
					"parameters": {
						"opacity": "100"
					}
				},
				{
					"id": "set-opacity",
					"objectClass": "backButton",
					"sid": 431031103855174,
					"parameters": {
						"opacity": "100"
					}
				}
			],
			"sid": 996326070789889
		}
	],
	"sid": 505091536700430
}