{
	"name": "gameSaveData",
	"plugin-id": "Sprite",
	"sid": 739754904476774,
	"isGlobal": false,
	"instanceVariables": [
		{
			"name": "data",
			"type": "string",
			"desc": "",
			"show": true,
			"sid": 307461841052001
		}
	],
	"behaviorTypes": [],
	"effectTypes": [],
	"animations": {
		"items": [
			{
				"frames": [
					{
						"width": 20,
						"height": 20,
						"originX": 0.5,
						"originY": 0.5,
						"originalSource": "",
						"exportFormat": "lossless",
						"exportQuality": 0.8,
						"imageSpriteId": 7275230,
						"useCollisionPoly": true,
						"duration": 1
					}
				],
				"sid": 368448481061603,
				"name": "Default",
				"isLooping": false,
				"isPingPong": false,
				"repeatCount": 1,
				"repeatTo": 0,
				"speed": 5
			}
		],
		"subfolders": []
	}
}