{
	"name": "Sprite4",
	"plugin-id": "Sprite",
	"sid": 320096426466635,
	"isGlobal": false,
	"instanceVariables": [
		{
			"name": "item",
			"type": "number",
			"desc": "",
			"show": true,
			"sid": 216980176644927
		}
	],
	"behaviorTypes": [
		{
			"behaviorId": "Tween",
			"name": "Tween",
			"sid": 824327208839802
		}
	],
	"effectTypes": [],
	"animations": {
		"items": [
			{
				"frames": [
					{
						"width": 1920,
						"height": 1080,
						"originX": 0.5,
						"originY": 0.5,
						"originalSource": "",
						"exportFormat": "lossless",
						"exportQuality": 0.8,
						"imageSpriteId": 4856941,
						"useCollisionPoly": true,
						"duration": 1
					},
					{
						"width": 192,
						"height": 174,
						"originX": 0.5,
						"originY": 0.5,
						"originalSource": "",
						"exportFormat": "lossless",
						"exportQuality": 0.8,
						"imageSpriteId": 2054313,
						"useCollisionPoly": true,
						"duration": 1
					},
					{
						"width": 198,
						"height": 185,
						"originX": 0.5,
						"originY": 0.502703,
						"originalSource": "",
						"exportFormat": "lossless",
						"exportQuality": 0.8,
						"imageSpriteId": 1051284,
						"useCollisionPoly": true,
						"duration": 1
					},
					{
						"width": 205,
						"height": 185,
						"originX": 0.502439,
						"originY": 0.502703,
						"originalSource": "",
						"exportFormat": "lossless",
						"exportQuality": 0.8,
						"imageSpriteId": 951712,
						"useCollisionPoly": true,
						"duration": 1
					},
					{
						"width": 210,
						"height": 186,
						"originX": 0.5,
						"originY": 0.5,
						"originalSource": "",
						"exportFormat": "lossless",
						"exportQuality": 0.8,
						"imageSpriteId": 1851264,
						"useCollisionPoly": true,
						"duration": 1
					},
					{
						"width": 209,
						"height": 185,
						"originX": 0.502392,
						"originY": 0.502703,
						"originalSource": "",
						"exportFormat": "lossless",
						"exportQuality": 0.8,
						"imageSpriteId": 7747789,
						"useCollisionPoly": true,
						"duration": 1
					},
					{
						"width": 206,
						"height": 190,
						"originX": 0.5,
						"originY": 0.5,
						"originalSource": "",
						"exportFormat": "lossless",
						"exportQuality": 0.8,
						"imageSpriteId": 1038908,
						"useCollisionPoly": true,
						"duration": 1
					},
					{
						"width": 192,
						"height": 157,
						"originX": 0.5,
						"originY": 0.503185,
						"originalSource": "",
						"exportFormat": "lossless",
						"exportQuality": 0.8,
						"imageSpriteId": 3685802,
						"useCollisionPoly": true,
						"duration": 1
					},
					{
						"width": 200,
						"height": 188,
						"originX": 0.5,
						"originY": 0.5,
						"originalSource": "",
						"exportFormat": "lossless",
						"exportQuality": 0.8,
						"imageSpriteId": 2158747,
						"useCollisionPoly": true,
						"duration": 1
					},
					{
						"width": 196,
						"height": 181,
						"originX": 0.5,
						"originY": 0.502762,
						"originalSource": "",
						"exportFormat": "lossless",
						"exportQuality": 0.8,
						"imageSpriteId": 1827047,
						"useCollisionPoly": true,
						"duration": 1
					},
					{
						"width": 198,
						"height": 181,
						"originX": 0.5,
						"originY": 0.502762,
						"originalSource": "",
						"exportFormat": "lossless",
						"exportQuality": 0.8,
						"imageSpriteId": 3028833,
						"useCollisionPoly": true,
						"duration": 1
					},
					{
						"width": 203,
						"height": 190,
						"originX": 0.502463,
						"originY": 0.5,
						"originalSource": "",
						"exportFormat": "lossless",
						"exportQuality": 0.8,
						"imageSpriteId": 1825894,
						"useCollisionPoly": true,
						"duration": 1
					},
					{
						"width": 213,
						"height": 187,
						"originX": 0.502347,
						"originY": 0.502674,
						"originalSource": "",
						"exportFormat": "lossless",
						"exportQuality": 0.8,
						"imageSpriteId": 6743080,
						"useCollisionPoly": true,
						"duration": 1
					},
					{
						"width": 635,
						"height": 39,
						"originX": 0.500787,
						"originY": 0.512821,
						"originalSource": "",
						"exportFormat": "lossless",
						"exportQuality": 0.8,
						"imageSpriteId": 8638641,
						"useCollisionPoly": true,
						"duration": 1
					},
					{
						"width": 410,
						"height": 36,
						"originX": 0.5,
						"originY": 0.5,
						"originalSource": "",
						"exportFormat": "lossless",
						"exportQuality": 0.8,
						"imageSpriteId": 7060097,
						"useCollisionPoly": true,
						"duration": 1
					},
					{
						"width": 573,
						"height": 87,
						"originX": 0.500873,
						"originY": 0.505747,
						"originalSource": "",
						"exportFormat": "lossless",
						"exportQuality": 0.8,
						"imageSpriteId": 6805156,
						"useCollisionPoly": true,
						"duration": 1
					}
				],
				"sid": 297214642988872,
				"name": "Default",
				"isLooping": false,
				"isPingPong": false,
				"repeatCount": 1,
				"repeatTo": 0,
				"speed": 0
			}
		],
		"subfolders": []
	}
}