{
	"name": "nextButton",
	"plugin-id": "Sprite",
	"sid": 277087123586775,
	"isGlobal": false,
	"instanceVariables": [
		{
			"name": "goTo",
			"type": "string",
			"desc": "",
			"show": true,
			"sid": 425670882575437
		}
	],
	"behaviorTypes": [],
	"effectTypes": [],
	"animations": {
		"items": [
			{
				"frames": [
					{
						"width": 102,
						"height": 102,
						"originX": 0.5,
						"originY": 0.5,
						"originalSource": "",
						"exportFormat": "lossless",
						"exportQuality": 0.8,
						"imageSpriteId": 6191518,
						"useCollisionPoly": true,
						"duration": 1
					}
				],
				"sid": 726718607958181,
				"name": "Default",
				"isLooping": false,
				"isPingPong": false,
				"repeatCount": 1,
				"repeatTo": 0,
				"speed": 5
			}
		],
		"subfolders": []
	}
}