{
	"name": "Event sheet 1",
	"events": [
		{
			"eventType": "variable",
			"name": "TembakMode",
			"type": "boolean",
			"initialValue": "false",
			"comment": "",
			"isStatic": false,
			"isConstant": false,
			"sid": 190020775295361
		},
		{
			"eventType": "block",
			"conditions": [
				{
					"id": "on-start-of-layout",
					"objectClass": "System",
					"sid": 843011507712769
				}
			],
			"actions": [],
			"sid": 358210392544596,
			"children": [
				{
					"eventType": "variable",
					"name": "J",
					"type": "number",
					"initialValue": "0",
					"comment": "",
					"isStatic": false,
					"isConstant": false,
					"sid": 589984963678458
				},
				{
					"eventType": "variable",
					"name": "K",
					"type": "number",
					"initialValue": "0",
					"comment": "",
					"isStatic": false,
					"isConstant": false,
					"sid": 106877602276517
				},
				{
					"eventType": "comment",
					"text": "Generate Tiles"
				},
				{
					"eventType": "block",
					"conditions": [
						{
							"id": "for",
							"objectClass": "System",
							"sid": 149381043715256,
							"parameters": {
								"name": "\"\"",
								"start-index": "1",
								"end-index": "6"
							}
						}
					],
					"actions": [
						{
							"id": "create-object",
							"objectClass": "System",
							"sid": 482903864015959,
							"disabled": true,
							"parameters": {
								"object-to-create": "TileBiru",
								"layer": "0",
								"x": "Loopindex * 30",
								"y": "Loopindex*30",
								"create-hierarchy": false,
								"template-name": "\"\""
							}
						},
						{
							"id": "set-eventvar-value",
							"objectClass": "System",
							"sid": 960478892564223,
							"parameters": {
								"variable": "J",
								"value": "Loopindex"
							}
						}
					],
					"sid": 313825478888023,
					"children": [
						{
							"eventType": "block",
							"conditions": [
								{
									"id": "for",
									"objectClass": "System",
									"sid": 595757281658999,
									"parameters": {
										"name": "\"\"",
										"start-index": "1",
										"end-index": "8"
									}
								}
							],
							"actions": [
								{
									"id": "set-eventvar-value",
									"objectClass": "System",
									"sid": 424265082811746,
									"parameters": {
										"variable": "K",
										"value": "Loopindex"
									}
								},
								{
									"id": "create-object",
									"objectClass": "System",
									"sid": 898929331322948,
									"parameters": {
										"object-to-create": "TileBiru",
										"layer": "0",
										"x": "J * 100",
										"y": "K * 100",
										"create-hierarchy": false,
										"template-name": "\"\""
									}
								},
								{
									"id": "set-instvar-value",
									"objectClass": "TileBiru",
									"sid": 439726972342141,
									"parameters": {
										"instance-variable": "TileX",
										"value": "J"
									}
								},
								{
									"id": "set-instvar-value",
									"objectClass": "TileBiru",
									"sid": 380282940165045,
									"parameters": {
										"instance-variable": "TileY",
										"value": "K"
									}
								}
							],
							"sid": 820091799642476
						}
					]
				},
				{
					"eventType": "block",
					"conditions": [],
					"actions": [
						{
							"id": "move-to-top",
							"objectClass": "Kapal1",
							"sid": 339385018984216
						}
					],
					"sid": 755524137072419
				}
			]
		},
		{
			"eventType": "comment",
			"text": "Put item"
		},
		{
			"eventType": "variable",
			"name": "CanDrop",
			"type": "boolean",
			"initialValue": "true",
			"comment": "",
			"isStatic": false,
			"isConstant": false,
			"sid": 650248055722475
		},
		{
			"eventType": "block",
			"conditions": [
				{
					"id": "compare-boolean-eventvar",
					"objectClass": "System",
					"sid": 747984174034322,
					"parameters": {
						"variable": "TembakMode"
					},
					"isInverted": true
				}
			],
			"actions": [],
			"sid": 885593411005261,
			"children": [
				{
					"eventType": "comment",
					"text": ""
				},
				{
					"eventType": "block",
					"conditions": [
						{
							"id": "is-in-touch",
							"objectClass": "Touch",
							"sid": 968323945392521
						}
					],
					"actions": [],
					"sid": 615245363002080,
					"children": [
						{
							"eventType": "comment",
							"text": "Kalau ada benda, tkleh letak"
						},
						{
							"eventType": "block",
							"conditions": [
								{
									"id": "is-boolean-instance-variable-set",
									"objectClass": "Kapal1",
									"sid": 274091381620289,
									"parameters": {
										"instance-variable": "Choosen"
									},
									"isInverted": true
								}
							],
							"actions": [],
							"sid": 633288914423373,
							"children": [
								{
									"eventType": "block",
									"conditions": [
										{
											"id": "compare-x",
											"objectClass": "Kapal1",
											"sid": 735184141452364,
											"parameters": {
												"comparison": 0,
												"x-co-ordinate": "Round(touch.x / 100) * 100"
											}
										},
										{
											"id": "compare-y",
											"objectClass": "Kapal1",
											"sid": 724287337554549,
											"parameters": {
												"comparison": 0,
												"y-co-ordinate": "Round(touch.y / 100) * 100"
											}
										}
									],
									"actions": [
										{
											"id": "set-boolean-eventvar",
											"objectClass": "System",
											"sid": 357126916489377,
											"parameters": {
												"variable": "CanDrop",
												"value": "false"
											}
										}
									],
									"sid": 327715867169163
								},
								{
									"eventType": "block",
									"conditions": [
										{
											"id": "else",
											"objectClass": "System",
											"sid": 288632184073013
										}
									],
									"actions": [
										{
											"id": "set-boolean-eventvar",
											"objectClass": "System",
											"sid": 889010527222041,
											"parameters": {
												"variable": "CanDrop",
												"value": "true"
											}
										}
									],
									"sid": 839218245509801
								}
							]
						},
						{
							"eventType": "block",
							"conditions": [
								{
									"id": "is-boolean-instance-variable-set",
									"objectClass": "Kapal1",
									"sid": 326048542263305,
									"parameters": {
										"instance-variable": "Choosen"
									}
								},
								{
									"id": "compare-boolean-eventvar",
									"objectClass": "System",
									"sid": 572928365917436,
									"parameters": {
										"variable": "CanDrop"
									}
								}
							],
							"actions": [
								{
									"id": "set-position",
									"objectClass": "Kapal1",
									"sid": 828367147751557,
									"parameters": {
										"x": "round(touch.x/100 ) * 100",
										"y": "round(touch.y/100) * 100"
									}
								}
							],
							"sid": 620265959195672
						}
					]
				},
				{
					"eventType": "block",
					"conditions": [
						{
							"id": "on-touched-object",
							"objectClass": "Touch",
							"sid": 666970869372738,
							"parameters": {
								"object": "Kapal1"
							}
						}
					],
					"actions": [
						{
							"id": "set-boolean-instvar",
							"objectClass": "Kapal1",
							"sid": 131469416826717,
							"parameters": {
								"instance-variable": "Choosen",
								"value": "true"
							}
						}
					],
					"sid": 285685841632265
				},
				{
					"eventType": "block",
					"conditions": [
						{
							"id": "on-any-touch-end",
							"objectClass": "Touch",
							"sid": 755579646476038
						}
					],
					"actions": [
						{
							"id": "set-boolean-instvar",
							"objectClass": "Kapal1",
							"sid": 607162106354202,
							"parameters": {
								"instance-variable": "Choosen",
								"value": "false"
							}
						}
					],
					"sid": 657285111093745
				}
			]
		},
		{
			"eventType": "comment",
			"text": "Tembak mode - debug"
		},
		{
			"eventType": "block",
			"conditions": [
				{
					"id": "on-tap-object",
					"objectClass": "Touch",
					"sid": 785907984778802,
					"parameters": {
						"object": "ButtonTembak"
					}
				}
			],
			"actions": [
				{
					"id": "set-boolean-eventvar",
					"objectClass": "System",
					"sid": 245817657344929,
					"parameters": {
						"variable": "TembakMode",
						"value": "true"
					}
				},
				{
					"id": "set-opacity",
					"objectClass": "ButtonTembak",
					"sid": 163549202293066,
					"parameters": {
						"opacity": "100"
					}
				},
				{
					"id": "set-opacity",
					"objectClass": "ButtonPut",
					"sid": 401224863472110,
					"parameters": {
						"opacity": "70"
					}
				}
			],
			"sid": 879949734764566,
			"children": [
				{
					"eventType": "comment",
					"text": "Check ada bot ke tak"
				},
				{
					"eventType": "block",
					"conditions": [
						{
							"id": "for-each",
							"objectClass": "System",
							"sid": 914146552324343,
							"parameters": {
								"object": "TileBiru"
							}
						}
					],
					"actions": [],
					"sid": 508868760881692,
					"children": [
						{
							"eventType": "block",
							"conditions": [
								{
									"id": "is-overlapping-another-object",
									"objectClass": "TileBiru",
									"sid": 289201004915213,
									"parameters": {
										"object": "Kapal1"
									}
								}
							],
							"actions": [
								{
									"id": "set-boolean-instvar",
									"objectClass": "TileBiru",
									"sid": 712313536899193,
									"parameters": {
										"instance-variable": "AdaBot",
										"value": "true"
									}
								}
							],
							"sid": 355946462455447
						},
						{
							"eventType": "block",
							"conditions": [
								{
									"id": "else",
									"objectClass": "System",
									"sid": 649172467421287
								}
							],
							"actions": [
								{
									"id": "set-boolean-instvar",
									"objectClass": "TileBiru",
									"sid": 782931580551271,
									"parameters": {
										"instance-variable": "AdaBot",
										"value": "false"
									}
								}
							],
							"sid": 971911890732197
						}
					]
				}
			]
		},
		{
			"eventType": "block",
			"conditions": [
				{
					"id": "on-tap-object",
					"objectClass": "Touch",
					"sid": 449284872671641,
					"parameters": {
						"object": "ButtonPut"
					}
				}
			],
			"actions": [
				{
					"id": "set-boolean-eventvar",
					"objectClass": "System",
					"sid": 710685983387136,
					"parameters": {
						"variable": "TembakMode",
						"value": "false"
					}
				},
				{
					"id": "set-opacity",
					"objectClass": "ButtonPut",
					"sid": 937301046396691,
					"parameters": {
						"opacity": "100"
					}
				},
				{
					"id": "set-opacity",
					"objectClass": "ButtonTembak",
					"sid": 648261654683333,
					"parameters": {
						"opacity": "70"
					}
				}
			],
			"sid": 549644548897726
		},
		{
			"eventType": "comment",
			"text": "Tembak"
		},
		{
			"eventType": "block",
			"conditions": [
				{
					"id": "compare-boolean-eventvar",
					"objectClass": "System",
					"sid": 153308122779011,
					"parameters": {
						"variable": "TembakMode"
					}
				}
			],
			"actions": [],
			"sid": 952600719753585,
			"children": [
				{
					"eventType": "block",
					"conditions": [
						{
							"id": "on-tap-object",
							"objectClass": "Touch",
							"sid": 170727270134552,
							"parameters": {
								"object": "TileBiru"
							}
						}
					],
					"actions": [
						{
							"id": "spawn-another-object",
							"objectClass": "TileBiru",
							"sid": 900077680387626,
							"parameters": {
								"object": "Tembak",
								"layer": "0",
								"image-point": "0",
								"create-hierarchy": false
							}
						},
						{
							"id": "set-boolean-instvar",
							"objectClass": "Tembak",
							"sid": 719813840200726,
							"parameters": {
								"instance-variable": "Shooting",
								"value": "false"
							}
						}
					],
					"sid": 329470771237925,
					"children": [
						{
							"eventType": "block",
							"conditions": [
								{
									"id": "is-boolean-instance-variable-set",
									"objectClass": "TileBiru",
									"sid": 410307924652615,
									"parameters": {
										"instance-variable": "AdaBot"
									}
								}
							],
							"actions": [
								{
									"id": "set-animation-frame",
									"objectClass": "TileBiru",
									"sid": 613158532628834,
									"parameters": {
										"frame-number": "1"
									}
								}
							],
							"sid": 871444753431228
						},
						{
							"eventType": "block",
							"conditions": [
								{
									"id": "else",
									"objectClass": "System",
									"sid": 461575255075010
								}
							],
							"actions": [],
							"sid": 918264915113774
						}
					]
				},
				{
					"eventType": "block",
					"conditions": [
						{
							"id": "is-touching-object",
							"objectClass": "Touch",
							"sid": 900699552817413,
							"parameters": {
								"object": "TileBiru"
							}
						},
						{
							"id": "is-boolean-instance-variable-set",
							"objectClass": "Tembak",
							"sid": 887261044842797,
							"parameters": {
								"instance-variable": "Shooting"
							}
						},
						{
							"id": "is-boolean-instance-variable-set",
							"objectClass": "TileBiru",
							"sid": 482651661008351,
							"parameters": {
								"instance-variable": "DahDitembak"
							},
							"isInverted": true
						}
					],
					"actions": [
						{
							"id": "set-position",
							"objectClass": "Tembak",
							"sid": 316450608854037,
							"parameters": {
								"x": "Tilebiru.x",
								"y": "Tilebiru.y"
							}
						},
						{
							"id": "move-to-top",
							"objectClass": "Tembak",
							"sid": 595108727903001
						},
						{
							"id": "set-boolean-instvar",
							"objectClass": "TileBiru",
							"sid": 644788599334369,
							"parameters": {
								"instance-variable": "DahDitembak",
								"value": "true"
							}
						}
					],
					"sid": 225235357765863
				},
				{
					"eventType": "block",
					"conditions": [
						{
							"id": "on-any-touch-end",
							"objectClass": "Touch",
							"sid": 922570312811298
						},
						{
							"id": "is-boolean-instance-variable-set",
							"objectClass": "Tembak",
							"sid": 113826368377040,
							"parameters": {
								"instance-variable": "Shooting"
							}
						}
					],
					"actions": [
						{
							"id": "set-position",
							"objectClass": "Tembak",
							"sid": 659260076629679,
							"parameters": {
								"x": "-100",
								"y": "-100"
							}
						}
					],
					"sid": 642282661286024
				}
			]
		}
	],
	"sid": 795343551029275
}