{
	"name": "Layout 1",
	"layers": [
		{
			"name": "Layer 0",
			"overriden": 0,
			"subLayers": [],
			"instances": [
				{
					"type": "Kapal1",
					"properties": {
						"initially-visible": true,
						"initial-animation": "Animation 1",
						"initial-frame": 1,
						"enable-collisions": true,
						"live-preview": false
					},
					"uid": 2,
					"instanceVariables": {
						"Choosen": false
					},
					"behaviors": {},
					"world": {
						"x": 500,
						"y": 400,
						"width": 79,
						"height": 187.2260146860675,
						"originX": 0.4888888888888889,
						"originY": 0.7412587412587412,
						"color": [
							1,
							1,
							1,
							1
						],
						"angle": 1.5707963267948966,
						"zElevation": 0
					}
				},
				{
					"type": "TileBiru",
					"properties": {
						"initially-visible": true,
						"initial-animation": "Animation 1",
						"initial-frame": 0,
						"enable-collisions": true,
						"live-preview": false
					},
					"uid": 3,
					"instanceVariables": {
						"TileX": 0,
						"TileY": 0,
						"DahDitembak": false,
						"AdaBot": false
					},
					"behaviors": {},
					"world": {
						"x": -90,
						"y": 123,
						"width": 90,
						"height": 90,
						"originX": 0.5,
						"originY": 0.5,
						"color": [
							1,
							1,
							1,
							1
						],
						"angle": 0,
						"zElevation": 0
					}
				},
				{
					"type": "Tembak",
					"properties": {
						"initially-visible": true,
						"initial-animation": "Animation 1",
						"initial-frame": 0,
						"enable-collisions": true,
						"live-preview": false
					},
					"uid": 5,
					"instanceVariables": {
						"Shooting": true
					},
					"behaviors": {},
					"world": {
						"x": -89,
						"y": 394,
						"width": 53,
						"height": 53,
						"originX": 0.5,
						"originY": 0.5,
						"color": [
							1,
							1,
							1,
							1
						],
						"angle": 0,
						"zElevation": 0
					}
				},
				{
					"type": "ButtonTembak",
					"properties": {
						"initially-visible": true,
						"initial-animation": "Animation 1",
						"initial-frame": 0,
						"enable-collisions": true,
						"live-preview": false
					},
					"uid": 6,
					"instanceVariables": {},
					"behaviors": {},
					"world": {
						"x": 503,
						"y": 1086,
						"width": 223,
						"height": 85,
						"originX": 0.515695067264574,
						"originY": 0.6,
						"color": [
							1,
							1,
							1,
							0.7
						],
						"angle": 0,
						"zElevation": 0
					}
				},
				{
					"type": "ButtonPut",
					"properties": {
						"initially-visible": true,
						"initial-animation": "Animation 1",
						"initial-frame": 0,
						"enable-collisions": true,
						"live-preview": false
					},
					"uid": 7,
					"instanceVariables": {},
					"behaviors": {},
					"world": {
						"x": 194,
						"y": 1087,
						"width": 223,
						"height": 85,
						"originX": 0.515695067264574,
						"originY": 0.6,
						"color": [
							1,
							1,
							1,
							1
						],
						"angle": 0,
						"zElevation": 0
					}
				},
				{
					"type": "Kapal1",
					"properties": {
						"initially-visible": true,
						"initial-animation": "Animation 1",
						"initial-frame": 2,
						"enable-collisions": true,
						"live-preview": false
					},
					"uid": 8,
					"instanceVariables": {
						"Choosen": false
					},
					"behaviors": {},
					"world": {
						"x": 200,
						"y": 600,
						"width": 79,
						"height": 288.04002259394997,
						"originX": 0.5,
						"originY": 0.8363636363636363,
						"color": [
							1,
							1,
							1,
							1
						],
						"angle": 1.5707963267948966,
						"zElevation": 0
					}
				}
			],
			"sid": 604977198918642,
			"effectTypes": [],
			"isInitiallyVisible": true,
			"isInitiallyInteractive": true,
			"color": [
				1,
				1,
				1,
				1
			],
			"backgroundColor": [
				0.3686274509803922,
				0.3686274509803922,
				0.3686274509803922,
				1
			],
			"isTransparent": false,
			"parallaxX": 1,
			"parallaxY": 1,
			"scaleRate": 1,
			"forceOwnTexture": false,
			"renderingMode": "3d",
			"drawOrder": "z-order",
			"useRenderCells": false,
			"blendMode": "normal",
			"zElevation": 0,
			"global": false
		}
	],
	"sid": 714594741949830,
	"nonworld-instances": [],
	"effectTypes": [],
	"width": 1440,
	"height": 2560,
	"unboundedScrolling": false,
	"vpX": 0.5,
	"vpY": 0.5,
	"projection": "perspective",
	"eventSheet": "Event sheet 1"
}