{
	"name": "Kapal1",
	"plugin-id": "Sprite",
	"sid": 480892923573001,
	"isGlobal": false,
	"instanceVariables": [
		{
			"name": "Choosen",
			"type": "boolean",
			"desc": "",
			"show": true,
			"sid": 239899474756421
		}
	],
	"behaviorTypes": [],
	"effectTypes": [],
	"animations": {
		"items": [
			{
				"frames": [
					{
						"width": 90,
						"height": 143,
						"originX": 0.4888888888888889,
						"originY": 0.7412587412587412,
						"originalSource": "",
						"exportFormat": "lossless",
						"exportQuality": 0.8,
						"imageSpriteId": 4992328,
						"useCollisionPoly": true,
						"duration": 1
					},
					{
						"width": 90,
						"height": 143,
						"originX": 0.4888888888888889,
						"originY": 0.7412587412587412,
						"originalSource": "",
						"exportFormat": "lossless",
						"exportQuality": 0.8,
						"imageSpriteId": 2464428,
						"useCollisionPoly": true,
						"duration": 1
					},
					{
						"width": 90,
						"height": 220,
						"originX": 0.5,
						"originY": 0.8363636363636363,
						"originalSource": "",
						"exportFormat": "lossless",
						"exportQuality": 0.8,
						"imageSpriteId": 7086788,
						"useCollisionPoly": true,
						"duration": 1
					}
				],
				"sid": 353612928376333,
				"name": "Animation 1",
				"isLooping": false,
				"isPingPong": false,
				"repeatCount": 1,
				"repeatTo": 0,
				"speed": 0
			}
		],
		"subfolders": []
	}
}