{
	"name": "layout10",
	"events": [
		{
			"eventType": "variable",
			"name": "counter",
			"type": "number",
			"initialValue": "0",
			"comment": "",
			"isStatic": false,
			"isConstant": false,
			"sid": 946200286041121
		},
		{
			"eventType": "block",
			"conditions": [
				{
					"id": "on-start-of-layout",
					"objectClass": "System",
					"sid": 738748556593835
				}
			],
			"actions": [
				{
					"id": "set-opacity",
					"objectClass": "tutup",
					"sid": 612322560027008,
					"parameters": {
						"opacity": "100"
					}
				},
				{
					"id": "preload",
					"objectClass": "Audio",
					"sid": 673249226919506,
					"parameters": {
						"audio-file": "1nihao"
					}
				},
				{
					"id": "preload",
					"objectClass": "Audio",
					"sid": 564828124278350,
					"parameters": {
						"audio-file": "2xiaojie"
					}
				},
				{
					"id": "preload",
					"objectClass": "Audio",
					"sid": 482288508719905,
					"parameters": {
						"audio-file": "3xiansheng"
					}
				},
				{
					"id": "preload",
					"objectClass": "Audio",
					"sid": 713710676967159,
					"parameters": {
						"audio-file": "4ni"
					}
				},
				{
					"id": "preload",
					"objectClass": "Audio",
					"sid": 338302118280918,
					"parameters": {
						"audio-file": "5jiao"
					}
				},
				{
					"id": "set-eventvar-value",
					"objectClass": "System",
					"sid": 355000872259602,
					"parameters": {
						"variable": "counter",
						"value": "0"
					}
				}
			],
			"sid": 762887928124210,
			"children": [
				{
					"eventType": "block",
					"conditions": [],
					"actions": [
						{
							"id": "wait",
							"objectClass": "System",
							"sid": 448159834189111,
							"parameters": {
								"seconds": "1.0"
							}
						},
						{
							"id": "play-by-name",
							"objectClass": "Audio",
							"sid": 984314270326772,
							"parameters": {
								"folder": "sounds",
								"audio-file-name": "tokenat(gameSaveData.data, counter, \",\")",
								"loop": "not-looping",
								"volume": "0",
								"tag-optional": "\"\""
							}
						},
						{
							"id": "call-function",
							"objectClass": "Function",
							"sid": 433019841818459,
							"parameters": {
								"name": "\"tutup\"",
								"parameter-n": [
									"1"
								]
							}
						},
						{
							"id": "wait",
							"objectClass": "System",
							"sid": 447409621574289,
							"parameters": {
								"seconds": "0.5"
							}
						},
						{
							"id": "call-function",
							"objectClass": "Function",
							"sid": 758496403692773,
							"parameters": {
								"name": "\"tutup\"",
								"parameter-n": [
									"2"
								]
							}
						},
						{
							"id": "wait",
							"objectClass": "System",
							"sid": 737693126408391,
							"parameters": {
								"seconds": "1"
							}
						},
						{
							"id": "add-to-eventvar",
							"objectClass": "System",
							"sid": 296162371740878,
							"parameters": {
								"variable": "counter",
								"value": "1"
							}
						},
						{
							"id": "play-by-name",
							"objectClass": "Audio",
							"sid": 229474397405991,
							"parameters": {
								"folder": "sounds",
								"audio-file-name": "tokenat(gameSaveData.data, counter, \",\")",
								"loop": "not-looping",
								"volume": "0",
								"tag-optional": "\"\""
							}
						},
						{
							"id": "call-function",
							"objectClass": "Function",
							"sid": 126279454977298,
							"parameters": {
								"name": "\"tutup\"",
								"parameter-n": [
									"3"
								]
							}
						},
						{
							"id": "wait",
							"objectClass": "System",
							"sid": 402995110700353,
							"parameters": {
								"seconds": "0.5"
							}
						},
						{
							"id": "call-function",
							"objectClass": "Function",
							"sid": 749132939788837,
							"parameters": {
								"name": "\"tutup\"",
								"parameter-n": [
									"4"
								]
							}
						},
						{
							"id": "wait",
							"objectClass": "System",
							"sid": 835563289444885,
							"parameters": {
								"seconds": "1"
							}
						},
						{
							"id": "add-to-eventvar",
							"objectClass": "System",
							"sid": 274948367303776,
							"parameters": {
								"variable": "counter",
								"value": "1"
							}
						},
						{
							"id": "play-by-name",
							"objectClass": "Audio",
							"sid": 470861242513919,
							"parameters": {
								"folder": "sounds",
								"audio-file-name": "tokenat(gameSaveData.data, counter, \",\")",
								"loop": "not-looping",
								"volume": "0",
								"tag-optional": "\"\""
							}
						},
						{
							"id": "call-function",
							"objectClass": "Function",
							"sid": 318783599728079,
							"parameters": {
								"name": "\"tutup\"",
								"parameter-n": [
									"5"
								]
							}
						},
						{
							"id": "wait",
							"objectClass": "System",
							"sid": 438411389493309,
							"parameters": {
								"seconds": "0.5"
							}
						},
						{
							"id": "call-function",
							"objectClass": "Function",
							"sid": 783129949393634,
							"parameters": {
								"name": "\"tutup\"",
								"parameter-n": [
									"6"
								]
							}
						},
						{
							"id": "wait",
							"objectClass": "System",
							"sid": 918009606721561,
							"parameters": {
								"seconds": "1"
							}
						},
						{
							"id": "add-to-eventvar",
							"objectClass": "System",
							"sid": 278969118682665,
							"parameters": {
								"variable": "counter",
								"value": "1"
							}
						},
						{
							"id": "play-by-name",
							"objectClass": "Audio",
							"sid": 515424432191988,
							"parameters": {
								"folder": "sounds",
								"audio-file-name": "tokenat(gameSaveData.data, counter, \",\")",
								"loop": "not-looping",
								"volume": "0",
								"tag-optional": "\"\""
							}
						},
						{
							"id": "call-function",
							"objectClass": "Function",
							"sid": 560020350774604,
							"parameters": {
								"name": "\"tutup\"",
								"parameter-n": [
									"7"
								]
							}
						},
						{
							"id": "wait",
							"objectClass": "System",
							"sid": 206233426788394,
							"parameters": {
								"seconds": "0.5"
							}
						},
						{
							"id": "call-function",
							"objectClass": "Function",
							"sid": 912897179589384,
							"parameters": {
								"name": "\"tutup\"",
								"parameter-n": [
									"8"
								]
							}
						},
						{
							"id": "wait",
							"objectClass": "System",
							"sid": 530150690382674,
							"parameters": {
								"seconds": "1"
							}
						},
						{
							"id": "add-to-eventvar",
							"objectClass": "System",
							"sid": 732340889148973,
							"parameters": {
								"variable": "counter",
								"value": "1"
							}
						},
						{
							"id": "play-by-name",
							"objectClass": "Audio",
							"sid": 868071971413068,
							"parameters": {
								"folder": "sounds",
								"audio-file-name": "tokenat(gameSaveData.data, counter, \",\")",
								"loop": "not-looping",
								"volume": "0",
								"tag-optional": "\"\""
							}
						},
						{
							"id": "call-function",
							"objectClass": "Function",
							"sid": 902976449005607,
							"parameters": {
								"name": "\"tutup\"",
								"parameter-n": [
									"9"
								]
							}
						},
						{
							"id": "wait",
							"objectClass": "System",
							"sid": 293660396108632,
							"parameters": {
								"seconds": "0.5"
							}
						},
						{
							"id": "call-function",
							"objectClass": "Function",
							"sid": 225462952777843,
							"parameters": {
								"name": "\"tutup\"",
								"parameter-n": [
									"10"
								]
							}
						},
						{
							"id": "wait",
							"objectClass": "System",
							"sid": 342577322586556,
							"parameters": {
								"seconds": "1"
							}
						},
						{
							"id": "add-to-eventvar",
							"objectClass": "System",
							"sid": 321872347132246,
							"parameters": {
								"variable": "counter",
								"value": "1"
							}
						},
						{
							"id": "go-to-layout-by-name",
							"objectClass": "System",
							"sid": 491953023597083,
							"parameters": {
								"layout": "tokenat(gameSaveData.data, counter, \",\")"
							}
						}
					],
					"sid": 120686548500081
				}
			]
		},
		{
			"eventType": "block",
			"conditions": [
				{
					"id": "on-function",
					"objectClass": "Function",
					"sid": 575083560054205,
					"parameters": {
						"name": "\"tutup\""
					}
				},
				{
					"id": "compare-instance-variable",
					"objectClass": "tutup",
					"sid": 533439280722027,
					"parameters": {
						"instance-variable": "item",
						"comparison": 0,
						"value": "Function.Param(0)"
					}
				}
			],
			"actions": [
				{
					"id": "start-fade",
					"objectClass": "tutup",
					"sid": 370506194026320,
					"behaviorType": "Fade"
				}
			],
			"sid": 631134369222129
		},
		{
			"eventType": "comment",
			"text": "play audio when click"
		},
		{
			"eventType": "block",
			"conditions": [
				{
					"id": "on-touched-object",
					"objectClass": "Touch",
					"sid": 904066676234875,
					"parameters": {
						"object": "tutup"
					}
				}
			],
			"actions": [
				{
					"id": "play-by-name",
					"objectClass": "Audio",
					"sid": 227781980128420,
					"parameters": {
						"folder": "sounds",
						"audio-file-name": "tutup.data",
						"loop": "not-looping",
						"volume": "0",
						"tag-optional": "\"\""
					}
				}
			],
			"sid": 827921043846079
		}
	],
	"sid": 493955780186037
}