{
	"name": "layout 8",
	"events": [
		{
			"eventType": "comment",
			"text": "next frame"
		},
		{
			"eventType": "block",
			"conditions": [
				{
					"id": "on-tap",
					"objectClass": "Touch",
					"sid": 630540645232265
				},
				{
					"id": "compare-instance-variable",
					"objectClass": "Sprite5",
					"sid": 641199284058214,
					"parameters": {
						"instance-variable": "item",
						"comparison": 0,
						"value": "1"
					}
				}
			],
			"actions": [],
			"sid": 782932346445951,
			"children": [
				{
					"eventType": "block",
					"conditions": [
						{
							"id": "compare-animation-frame",
							"objectClass": "Sprite5",
							"sid": 906142899993977,
							"parameters": {
								"comparison": 2,
								"number": "2"
							}
						}
					],
					"actions": [
						{
							"id": "set-animation-frame",
							"objectClass": "Sprite5",
							"sid": 528549615165676,
							"parameters": {
								"frame-number": "self.AnimationFrame+1"
							}
						}
					],
					"sid": 293800062455626
				},
				{
					"eventType": "block",
					"conditions": [
						{
							"id": "else",
							"objectClass": "System",
							"sid": 833082961973815
						}
					],
					"actions": [
						{
							"id": "call-function",
							"objectClass": "Function",
							"sid": 859908022513708,
							"parameters": {
								"name": "\"visibleSprite5\"",
								"parameter-n": []
							}
						}
					],
					"sid": 205447591370035
				}
			]
		},
		{
			"eventType": "comment",
			"text": "revision button visible"
		},
		{
			"eventType": "block",
			"conditions": [
				{
					"id": "on-function",
					"objectClass": "Function",
					"sid": 392808004053831,
					"parameters": {
						"name": "\"visibleSprite5\""
					}
				},
				{
					"id": "compare-instance-variable",
					"objectClass": "Sprite5",
					"sid": 730409009030046,
					"parameters": {
						"instance-variable": "item",
						"comparison": 0,
						"value": "2"
					}
				}
			],
			"actions": [
				{
					"id": "set-visible",
					"objectClass": "Sprite5",
					"sid": 791351645647587,
					"parameters": {
						"visibility": "visible"
					}
				}
			],
			"sid": 469383193488431
		},
		{
			"eventType": "comment",
			"text": "revision button click"
		},
		{
			"eventType": "block",
			"conditions": [
				{
					"id": "on-tap-object",
					"objectClass": "Touch",
					"sid": 928407426188124,
					"parameters": {
						"object": "Sprite5"
					}
				},
				{
					"id": "compare-instance-variable",
					"objectClass": "Sprite5",
					"sid": 490477094945128,
					"parameters": {
						"instance-variable": "item",
						"comparison": 0,
						"value": "2"
					}
				},
				{
					"id": "is-visible",
					"objectClass": "Sprite5",
					"sid": 471985639384391
				}
			],
			"actions": [
				{
					"id": "go-to-layout",
					"objectClass": "System",
					"sid": 220497757758555,
					"parameters": {
						"layout": "Layout 10"
					}
				}
			],
			"sid": 181777463691559
		}
	],
	"sid": 382624975239115
}