{
	"name": "Button",
	"plugin-id": "Sprite",
	"sid": 967264177187290,
	"isGlobal": false,
	"instanceVariables": [],
	"behaviorTypes": [
		{
			"behaviorId": "Tween",
			"name": "Tween",
			"sid": 673118247253267
		}
	],
	"effectTypes": [],
	"animations": {
		"items": [
			{
				"frames": [
					{
						"width": 372,
						"height": 152,
						"originX": 0.5,
						"originY": 0.5,
						"originalSource": "",
						"exportFormat": "lossless",
						"exportQuality": 0.8,
						"imageSpriteId": 5372526,
						"useCollisionPoly": true,
						"duration": 1
					},
					{
						"width": 425,
						"height": 153,
						"originX": 0.501176,
						"originY": 0.503268,
						"originalSource": "",
						"exportFormat": "lossless",
						"exportQuality": 0.8,
						"imageSpriteId": 5159721,
						"useCollisionPoly": true,
						"duration": 1
					}
				],
				"sid": 749648081674791,
				"name": "Default",
				"isLooping": false,
				"isPingPong": false,
				"repeatCount": 1,
				"repeatTo": 0,
				"speed": 0
			}
		],
		"subfolders": []
	}
}