{
	"name": "Sprite5",
	"plugin-id": "Sprite",
	"sid": 851548010345154,
	"isGlobal": false,
	"instanceVariables": [
		{
			"name": "item",
			"type": "number",
			"desc": "",
			"sid": 691802711652338
		}
	],
	"behaviorTypes": [],
	"effectTypes": [],
	"animations": {
		"items": [
			{
				"frames": [
					{
						"width": 1920,
						"height": 1080,
						"originX": 0.5,
						"originY": 0.5,
						"originalSource": "",
						"exportFormat": "lossless",
						"exportQuality": 0.8,
						"imageSpriteId": 8774440,
						"useCollisionPoly": true,
						"duration": 1
					},
					{
						"width": 952,
						"height": 514,
						"originX": 0.5,
						"originY": 0.5,
						"originalSource": "",
						"exportFormat": "lossless",
						"exportQuality": 0.8,
						"imageSpriteId": 5849674,
						"useCollisionPoly": true,
						"duration": 1
					},
					{
						"width": 834,
						"height": 450,
						"originX": 0.5,
						"originY": 0.5,
						"originalSource": "",
						"exportFormat": "lossless",
						"exportQuality": 0.8,
						"imageSpriteId": 6798790,
						"useCollisionPoly": true,
						"duration": 1
					},
					{
						"width": 300,
						"height": 152,
						"originX": 0.5,
						"originY": 0.5,
						"originalSource": "",
						"exportFormat": "lossless",
						"exportQuality": 0.8,
						"imageSpriteId": 556489,
						"useCollisionPoly": true,
						"duration": 1
					}
				],
				"sid": 886393592806102,
				"name": "Default",
				"isLooping": false,
				"isPingPong": false,
				"repeatCount": 1,
				"repeatTo": 0,
				"speed": 0
			}
		],
		"subfolders": []
	}
}