{
	"name": "Sprite2",
	"plugin-id": "Sprite",
	"sid": 219356077640266,
	"isGlobal": false,
	"instanceVariables": [
		{
			"name": "item",
			"type": "number",
			"desc": "",
			"sid": 509757041724233
		}
	],
	"behaviorTypes": [
		{
			"behaviorId": "Tween",
			"name": "Tween",
			"sid": 263918450757971
		}
	],
	"effectTypes": [],
	"animations": {
		"items": [
			{
				"frames": [
					{
						"width": 678,
						"height": 613,
						"originX": 0.5,
						"originY": 0.500816,
						"originalSource": "",
						"exportFormat": "lossless",
						"exportQuality": 0.8,
						"imageSpriteId": 3196362,
						"useCollisionPoly": true,
						"duration": 1
					},
					{
						"width": 743,
						"height": 264,
						"originX": 0.500673,
						"originY": 0.5,
						"originalSource": "",
						"exportFormat": "lossless",
						"exportQuality": 0.8,
						"imageSpriteId": 4377945,
						"useCollisionPoly": true,
						"duration": 1
					},
					{
						"width": 759,
						"height": 387,
						"originX": 0.677207,
						"originY": 0.485788,
						"originalSource": "",
						"exportFormat": "lossless",
						"exportQuality": 0.8,
						"imageSpriteId": 9057328,
						"useCollisionPoly": true,
						"duration": 1
					},
					{
						"width": 299,
						"height": 223,
						"originX": 0.501672,
						"originY": 0.502242,
						"originalSource": "",
						"exportFormat": "lossless",
						"exportQuality": 0.8,
						"imageSpriteId": 1847759,
						"useCollisionPoly": true,
						"duration": 1
					}
				],
				"sid": 939942460260677,
				"name": "Default",
				"isLooping": false,
				"isPingPong": false,
				"repeatCount": 1,
				"repeatTo": 0,
				"speed": 0
			}
		],
		"subfolders": []
	}
}