{
	"name": "camera",
	"plugin-id": "Sprite",
	"sid": 651402345815547,
	"isGlobal": false,
	"instanceVariables": [],
	"behaviorTypes": [
		{
			"behaviorId": "scrollto",
			"name": "ScrollTo",
			"sid": 534093303940709
		},
		{
			"behaviorId": "Tween",
			"name": "Tween",
			"sid": 148295398124212
		}
	],
	"effectTypes": [],
	"animations": {
		"items": [
			{
				"frames": [
					{
						"width": 50,
						"height": 50,
						"originX": 0.5,
						"originY": 0.5,
						"originalSource": "",
						"exportFormat": "lossless",
						"exportQuality": 0.8,
						"imageSpriteId": 5970579,
						"useCollisionPoly": true,
						"duration": 1
					}
				],
				"sid": 873150711023959,
				"name": "Default",
				"isLooping": false,
				"isPingPong": false,
				"repeatCount": 1,
				"repeatTo": 0,
				"speed": 5
			}
		],
		"subfolders": []
	}
}