{
	"name": "Win",
	"events": [
		{
			"eventType": "block",
			"conditions": [
				{
					"id": "on-touched-object",
					"objectClass": "Touch",
					"sid": 249427695138001,
					"parameters": {
						"object": "NextLevelButton"
					}
				}
			],
			"actions": [
				{
					"id": "set-opacity",
					"objectClass": "NextLevelButton",
					"sid": 925821817127450,
					"parameters": {
						"opacity": "70"
					}
				}
			],
			"sid": 799705551183104
		},
		{
			"eventType": "block",
			"conditions": [
				{
					"id": "on-any-touch-end",
					"objectClass": "Touch",
					"sid": 564533194244496
				}
			],
			"actions": [
				{
					"id": "set-opacity",
					"objectClass": "NextLevelButton",
					"sid": 266853345046449,
					"parameters": {
						"opacity": "100"
					}
				}
			],
			"sid": 461881685391825
		},
		{
			"eventType": "block",
			"conditions": [
				{
					"id": "on-tap-object",
					"objectClass": "Touch",
					"sid": 176682577728175,
					"parameters": {
						"object": "NextLevelButton"
					}
				}
			],
			"actions": [
				{
					"id": "go-to-layout",
					"objectClass": "System",
					"sid": 360844324521903,
					"parameters": {
						"layout": "MainMenu"
					}
				}
			],
			"sid": 724544844136186
		},
		{
			"eventType": "block",
			"conditions": [
				{
					"id": "every-x-seconds",
					"objectClass": "System",
					"sid": 914643184334282,
					"parameters": {
						"interval-seconds": "1.0"
					}
				}
			],
			"actions": [
				{
					"id": "play",
					"objectClass": "Audio",
					"sid": 845640087170512,
					"parameters": {
						"audio-file": "Fireworks",
						"loop": "not-looping",
						"volume": "0",
						"stereo-pan": "0",
						"tag-optional": "\"\""
					}
				},
				{
					"id": "create-object",
					"objectClass": "System",
					"sid": 164027795526179,
					"parameters": {
						"object-to-create": "Particles2",
						"layer": "0",
						"x": "Random(20,1060)",
						"y": "Random(20,1900)",
						"create-hierarchy": false,
						"template-name": "\"\""
					}
				},
				{
					"id": "set-default-color",
					"objectClass": "Particles2",
					"sid": 958533193448323,
					"parameters": {
						"color": "rgbEx(random(0,100), random(0,100), random(0,100))"
					}
				}
			],
			"sid": 556408101670138
		},
		{
			"eventType": "block",
			"conditions": [
				{
					"id": "every-x-seconds",
					"objectClass": "System",
					"sid": 776482760293685,
					"parameters": {
						"interval-seconds": "0.7"
					}
				}
			],
			"actions": [
				{
					"id": "play",
					"objectClass": "Audio",
					"sid": 339347947516902,
					"parameters": {
						"audio-file": "Fireworks",
						"loop": "not-looping",
						"volume": "0",
						"stereo-pan": "0",
						"tag-optional": "\"\""
					}
				},
				{
					"id": "create-object",
					"objectClass": "System",
					"sid": 986538725522995,
					"parameters": {
						"object-to-create": "Particles2",
						"layer": "0",
						"x": "Random(20,1060)",
						"y": "Random(20,1900)",
						"create-hierarchy": false,
						"template-name": "\"\""
					}
				},
				{
					"id": "set-default-color",
					"objectClass": "Particles2",
					"sid": 554553499568417,
					"parameters": {
						"color": "rgbEx(random(0,100), random(0,100), random(0,100))"
					}
				}
			],
			"sid": 583204912956645
		}
	],
	"sid": 771156369098631
}