{
	"name": "ChooseLevel",
	"events": [
		{
			"eventType": "block",
			"conditions": [
				{
					"id": "on-tap-object",
					"objectClass": "Touch",
					"sid": 663947089017424,
					"parameters": {
						"object": "backgroundPass"
					}
				},
				{
					"id": "compare-instance-variable",
					"objectClass": "Nombor",
					"sid": 939717163169788,
					"disabled": true,
					"parameters": {
						"instance-variable": "level",
						"comparison": 0,
						"value": "backgroundPass.level"
					}
				}
			],
			"actions": [
				{
					"id": "flash",
					"objectClass": "backgroundPass",
					"sid": 478032996422536,
					"behaviorType": "Flash",
					"parameters": {
						"on-time": "0.1",
						"off-time": "0.1",
						"duration": "1.0"
					}
				},
				{
					"id": "flash",
					"objectClass": "Nombor",
					"sid": 949521646216052,
					"disabled": true,
					"behaviorType": "Flash",
					"parameters": {
						"on-time": "0.1",
						"off-time": "0.1",
						"duration": "1.0"
					}
				},
				{
					"id": "play",
					"objectClass": "Audio",
					"sid": 729808987409116,
					"parameters": {
						"audio-file": "Appear2",
						"loop": "not-looping",
						"volume": "0",
						"stereo-pan": "0",
						"tag-optional": "\"\""
					}
				},
				{
					"id": "wait",
					"objectClass": "System",
					"sid": 652799327762483,
					"parameters": {
						"seconds": "1.0"
					}
				},
				{
					"id": "go-to-layout-by-name",
					"objectClass": "System",
					"sid": 875210959844205,
					"parameters": {
						"layout": "\"Level\"&str(backgroundPass.level)"
					}
				}
			],
			"sid": 648133185098175
		},
		{
			"eventType": "block",
			"conditions": [
				{
					"id": "on-tap-object",
					"objectClass": "Touch",
					"sid": 949966044810416,
					"parameters": {
						"object": "HomeButton"
					}
				}
			],
			"actions": [
				{
					"id": "go-to-layout",
					"objectClass": "System",
					"sid": 687125655102147,
					"parameters": {
						"layout": "MainMenu"
					}
				}
			],
			"sid": 398314780151392
		},
		{
			"eventType": "comment",
			"text": "scrollArea"
		},
		{
			"eventType": "block",
			"conditions": [
				{
					"id": "on-start-of-layout",
					"objectClass": "System",
					"sid": 995508639148245
				}
			],
			"actions": [
				{
					"id": "set-instvar-value",
					"objectClass": "scrollArea",
					"sid": 187517631859936,
					"parameters": {
						"instance-variable": "bawahY",
						"value": "1900 - Self.Height"
					}
				},
				{
					"id": "set-animation-frame",
					"objectClass": "Bintang",
					"sid": 167129684431088,
					"parameters": {
						"frame-number": "1"
					}
				}
			],
			"sid": 586729282644485,
			"children": [
				{
					"eventType": "comment",
					"text": "pin"
				},
				{
					"eventType": "block",
					"conditions": [
						{
							"id": "for-each",
							"objectClass": "System",
							"sid": 796700579496492,
							"parameters": {
								"object": "Nombor"
							}
						}
					],
					"actions": [
						{
							"id": "pin-to-object-properties",
							"objectClass": "Nombor",
							"sid": 661103748746459,
							"behaviorType": "Pin",
							"parameters": {
								"pin-to": "scrollArea",
								"x": true,
								"y": true,
								"angle": true,
								"width-type": "no",
								"height-type": "no",
								"z": false
							}
						}
					],
					"sid": 987361869025183
				},
				{
					"eventType": "block",
					"conditions": [
						{
							"id": "for-each",
							"objectClass": "System",
							"sid": 851046072241708,
							"parameters": {
								"object": "backgroundPass"
							}
						}
					],
					"actions": [
						{
							"id": "pin-to-object-properties",
							"objectClass": "backgroundPass",
							"sid": 333153185335317,
							"behaviorType": "Pin",
							"parameters": {
								"pin-to": "scrollArea",
								"x": true,
								"y": true,
								"angle": true,
								"width-type": "no",
								"height-type": "no",
								"z": false
							}
						}
					],
					"sid": 735791704580900
				},
				{
					"eventType": "block",
					"conditions": [
						{
							"id": "for-each",
							"objectClass": "System",
							"sid": 583314713633197,
							"parameters": {
								"object": "Bintang"
							}
						}
					],
					"actions": [
						{
							"id": "pin-to-object-properties",
							"objectClass": "Bintang",
							"sid": 469990240558883,
							"behaviorType": "Pin",
							"parameters": {
								"pin-to": "scrollArea",
								"x": true,
								"y": true,
								"angle": true,
								"width-type": "no",
								"height-type": "no",
								"z": false
							}
						}
					],
					"sid": 213537032179279
				},
				{
					"eventType": "comment",
					"text": "bintang ada kat menangList --> colorkan"
				},
				{
					"eventType": "block",
					"conditions": [
						{
							"id": "compare-eventvar",
							"objectClass": "System",
							"sid": 122397868605927,
							"parameters": {
								"variable": "menangList",
								"comparison": 1,
								"value": "\"\""
							}
						}
					],
					"actions": [],
					"sid": 710878745648297,
					"children": [
						{
							"eventType": "block",
							"conditions": [
								{
									"id": "for",
									"objectClass": "System",
									"sid": 231785359530831,
									"parameters": {
										"name": "\"\"",
										"start-index": "0",
										"end-index": "tokencount(menangList, \",\")-2"
									}
								},
								{
									"id": "compare-instance-variable",
									"objectClass": "Bintang",
									"sid": 890815199446669,
									"parameters": {
										"instance-variable": "item",
										"comparison": 0,
										"value": "int(tokenat(menangList, loopindex, \",\"))"
									}
								}
							],
							"actions": [
								{
									"id": "set-animation-frame",
									"objectClass": "Bintang",
									"sid": 979977513159962,
									"parameters": {
										"frame-number": "0"
									}
								},
								{
									"id": "append-text",
									"objectClass": "textdebug",
									"sid": 789547860801316,
									"parameters": {
										"text": "int(tokenat(menangList, loopindex, \",\"))"
									}
								}
							],
							"sid": 783513164113508
						}
					]
				}
			]
		},
		{
			"eventType": "block",
			"conditions": [
				{
					"id": "compare-y",
					"objectClass": "scrollArea",
					"sid": 385299339121638,
					"parameters": {
						"comparison": 2,
						"y-co-ordinate": "Self.bawahY"
					}
				}
			],
			"actions": [
				{
					"id": "set-y",
					"objectClass": "scrollArea",
					"sid": 761194942569700,
					"parameters": {
						"y": "Self.bawahY"
					}
				}
			],
			"sid": 354841143045042
		},
		{
			"eventType": "block",
			"conditions": [
				{
					"id": "compare-y",
					"objectClass": "scrollArea",
					"sid": 959612807033343,
					"parameters": {
						"comparison": 4,
						"y-co-ordinate": "Self.atasY"
					}
				}
			],
			"actions": [
				{
					"id": "set-y",
					"objectClass": "scrollArea",
					"sid": 768241357378874,
					"parameters": {
						"y": "Self.atasY"
					}
				}
			],
			"sid": 647539364029588
		}
	],
	"sid": 376030367632429
}