{
	"name": "Faces",
	"events": [
		{
			"eventType": "block",
			"conditions": [
				{
					"id": "on-start-of-layout",
					"objectClass": "System",
					"sid": 955212199994108
				}
			],
			"actions": [],
			"sid": 312350764040079,
			"children": [
				{
					"eventType": "block",
					"conditions": [
						{
							"id": "for-each",
							"objectClass": "System",
							"sid": 643504744679145,
							"parameters": {
								"object": "Faces"
							}
						},
						{
							"id": "pick-nearestfurthest",
							"objectClass": "Shape",
							"sid": 176987904773982,
							"parameters": {
								"which": "nearest",
								"x": "Faces.X",
								"y": "Faces.Y"
							}
						}
					],
					"actions": [
						{
							"id": "pin-to-object",
							"objectClass": "Faces",
							"sid": 929214376768151,
							"behaviorType": "Pin",
							"parameters": {
								"pin-to": "Shape",
								"mode": "position-angle"
							}
						}
					],
					"sid": 175238460057896
				}
			]
		},
		{
			"eventType": "comment",
			"text": "Bila touch, & Garisan kat bwh touch"
		},
		{
			"eventType": "block",
			"conditions": [
				{
					"id": "on-any-touch-start",
					"objectClass": "Touch",
					"sid": 996071127838632
				},
				{
					"id": "compare-y",
					"objectClass": "Garisan",
					"sid": 609902321197275,
					"parameters": {
						"comparison": 4,
						"y-co-ordinate": "Touch.Y"
					}
				}
			],
			"actions": [
				{
					"id": "create-object",
					"objectClass": "System",
					"sid": 318795026597332,
					"parameters": {
						"object-to-create": "Shape",
						"layer": "0",
						"x": "Touch.X",
						"y": "Touch.Y",
						"create-hierarchy": false,
						"template-name": "\"\""
					}
				},
				{
					"id": "set-animation-frame",
					"objectClass": "Shape",
					"sid": 811442251122507,
					"parameters": {
						"frame-number": "round(random(0,Self.AnimationFrameCount))"
					}
				},
				{
					"id": "spawn-another-object",
					"objectClass": "Shape",
					"sid": 257243971573692,
					"parameters": {
						"object": "Faces",
						"layer": "0",
						"image-point": "0",
						"create-hierarchy": false
					}
				},
				{
					"id": "pin-to-object",
					"objectClass": "Faces",
					"sid": 742498537828942,
					"behaviorType": "Pin",
					"parameters": {
						"pin-to": "Shape",
						"mode": "position-angle"
					}
				},
				{
					"id": "set-animation-frame",
					"objectClass": "Faces",
					"sid": 363990873144709,
					"parameters": {
						"frame-number": "round(random(0,self.AnimationFrameCount))"
					}
				}
			],
			"sid": 210750942512576
		},
		{
			"eventType": "block",
			"conditions": [
				{
					"id": "on-tap-object",
					"objectClass": "Touch",
					"sid": 907918869264176,
					"parameters": {
						"object": "HomeButton"
					}
				}
			],
			"actions": [
				{
					"id": "go-to-layout",
					"objectClass": "System",
					"sid": 895379830051874,
					"parameters": {
						"layout": "MainMenu"
					}
				}
			],
			"sid": 795694911661876
		},
		{
			"eventType": "comment",
			"text": "Feedback"
		},
		{
			"eventType": "block",
			"conditions": [
				{
					"id": "on-touched-object",
					"objectClass": "Touch",
					"sid": 856197906189269,
					"parameters": {
						"object": "Sprite"
					}
				},
				{
					"id": "compare-instance-variable",
					"objectClass": "Sprite",
					"sid": 159173165469916,
					"parameters": {
						"instance-variable": "item",
						"comparison": 1,
						"value": "0"
					}
				}
			],
			"actions": [
				{
					"id": "set-opacity",
					"objectClass": "Sprite",
					"sid": 643019316618749,
					"parameters": {
						"opacity": "70"
					}
				}
			],
			"sid": 284378687236134
		},
		{
			"eventType": "block",
			"conditions": [
				{
					"id": "on-any-touch-end",
					"objectClass": "Touch",
					"sid": 812469850343009
				}
			],
			"actions": [
				{
					"id": "set-opacity",
					"objectClass": "Sprite",
					"sid": 977979591161241,
					"parameters": {
						"opacity": "100"
					}
				}
			],
			"sid": 704497009406080
		},
		{
			"eventType": "comment",
			"text": "RESET GAME"
		},
		{
			"eventType": "block",
			"conditions": [
				{
					"id": "on-double-tap-object",
					"objectClass": "Touch",
					"sid": 109167992376799,
					"parameters": {
						"object": "Sprite"
					}
				}
			],
			"actions": [
				{
					"id": "play",
					"objectClass": "Audio",
					"sid": 501631072494769,
					"parameters": {
						"audio-file": "Pop",
						"loop": "not-looping",
						"volume": "-10",
						"stereo-pan": "0",
						"tag-optional": "\"\""
					}
				},
				{
					"id": "clear-storage",
					"objectClass": "LocalStorage",
					"sid": 871336198989401
				},
				{
					"id": "wait",
					"objectClass": "System",
					"sid": 279327480559751,
					"parameters": {
						"seconds": "0.2"
					}
				},
				{
					"id": "restart-layout",
					"objectClass": "System",
					"sid": 837906162652952
				}
			],
			"sid": 965444615020132
		}
	],
	"sid": 447927625248188
}