{
	"name": "Level0",
	"events": [
		{
			"eventType": "variable",
			"name": "canPlay",
			"type": "boolean",
			"initialValue": "true",
			"comment": "",
			"isStatic": false,
			"isConstant": false,
			"sid": 704053299591126
		},
		{
			"eventType": "include",
			"includeSheet": "Game"
		},
		{
			"eventType": "block",
			"conditions": [
				{
					"id": "on-start-of-layout",
					"objectClass": "System",
					"sid": 979555953069090
				}
			],
			"actions": [
				{
					"id": "set-boolean-eventvar",
					"objectClass": "System",
					"sid": 183067619007280,
					"parameters": {
						"variable": "canPlay",
						"value": "false"
					}
				}
			],
			"sid": 508722158628603,
			"children": [
				{
					"eventType": "block",
					"conditions": [
						{
							"id": "compare-instance-variable",
							"objectClass": "Sprite2",
							"sid": 379942961743865,
							"parameters": {
								"instance-variable": "item",
								"comparison": 0,
								"value": "2"
							}
						},
						{
							"id": "compare-instance-variable",
							"objectClass": "Sprite2",
							"sid": 262004932066914,
							"parameters": {
								"instance-variable": "item",
								"comparison": 0,
								"value": "3"
							}
						}
					],
					"actions": [
						{
							"id": "wait",
							"objectClass": "System",
							"sid": 614533678061991,
							"parameters": {
								"seconds": "3"
							}
						},
						{
							"id": "set-scale",
							"objectClass": "Sprite2",
							"sid": 937257304467385,
							"disabled": true,
							"parameters": {
								"scale": "0"
							}
						},
						{
							"id": "tween-two-properties",
							"objectClass": "Sprite2",
							"sid": 385921570463721,
							"disabled": true,
							"behaviorType": "Tween",
							"parameters": {
								"tags": "\"\"",
								"property": "scale",
								"end-x": "1",
								"end-y": "1",
								"time": "1",
								"ease": "default",
								"destroy-on-complete": "no",
								"loop": "no",
								"ping-pong": "no"
							}
						},
						{
							"id": "set-fade-in-time",
							"objectClass": "Sprite2",
							"sid": 675400567081286,
							"behaviorType": "Fade",
							"parameters": {
								"fade-in-time": "0"
							}
						},
						{
							"id": "set-fade-out-time",
							"objectClass": "Sprite2",
							"sid": 104243716430335,
							"behaviorType": "Fade",
							"parameters": {
								"fade-out-time": "1"
							}
						},
						{
							"id": "restart-fade",
							"objectClass": "Sprite2",
							"sid": 933455285222150,
							"behaviorType": "Fade"
						}
					],
					"sid": 409146607725106,
					"isOrBlock": true
				},
				{
					"eventType": "comment",
					"text": "Touch remake"
				},
				{
					"eventType": "block",
					"conditions": [
						{
							"id": "compare-instance-variable",
							"objectClass": "Sprite2",
							"sid": 974778217588106,
							"parameters": {
								"instance-variable": "item",
								"comparison": 0,
								"value": "1"
							}
						}
					],
					"actions": [
						{
							"id": "wait",
							"objectClass": "System",
							"sid": 576710367611260,
							"parameters": {
								"seconds": "4"
							}
						},
						{
							"id": "tween-one-property",
							"objectClass": "Sprite2",
							"sid": 568725691526629,
							"behaviorType": "Tween",
							"parameters": {
								"tags": "\"\"",
								"property": "offsetX",
								"end-value": "558",
								"time": "1",
								"ease": "default",
								"destroy-on-complete": "no",
								"loop": "no",
								"ping-pong": "no"
							}
						},
						{
							"id": "wait",
							"objectClass": "System",
							"sid": 305240601588615,
							"parameters": {
								"seconds": "2"
							}
						},
						{
							"id": "tween-two-properties",
							"objectClass": "Sprite2",
							"sid": 990349903529209,
							"behaviorType": "Tween",
							"parameters": {
								"tags": "\"\"",
								"property": "scale",
								"end-x": "0.8",
								"end-y": "0.8",
								"time": "0.3",
								"ease": "default",
								"destroy-on-complete": "no",
								"loop": "no",
								"ping-pong": "no"
							}
						},
						{
							"id": "move-to-top",
							"objectClass": "Sprite2",
							"sid": 413975252093995
						},
						{
							"id": "wait",
							"objectClass": "System",
							"sid": 338355078771913,
							"parameters": {
								"seconds": "1.3"
							}
						},
						{
							"id": "tween-one-property",
							"objectClass": "Sprite2",
							"sid": 970410727815532,
							"behaviorType": "Tween",
							"parameters": {
								"tags": "\"\"",
								"property": "offsetX",
								"end-value": "600",
								"time": "1",
								"ease": "default",
								"destroy-on-complete": "no",
								"loop": "no",
								"ping-pong": "no"
							}
						},
						{
							"id": "wait",
							"objectClass": "System",
							"sid": 315900974863764,
							"parameters": {
								"seconds": "1"
							}
						},
						{
							"id": "tween-one-property",
							"objectClass": "Sprite2",
							"sid": 882395871179708,
							"behaviorType": "Tween",
							"parameters": {
								"tags": "\"\"",
								"property": "offsetX",
								"end-value": "400",
								"time": "1",
								"ease": "default",
								"destroy-on-complete": "no",
								"loop": "no",
								"ping-pong": "no"
							}
						},
						{
							"id": "wait",
							"objectClass": "System",
							"sid": 399364229771459,
							"parameters": {
								"seconds": "2"
							}
						},
						{
							"id": "tween-two-properties",
							"objectClass": "Sprite2",
							"sid": 456730514530134,
							"behaviorType": "Tween",
							"parameters": {
								"tags": "\"\"",
								"property": "scale",
								"end-x": "1",
								"end-y": "1",
								"time": "0.3",
								"ease": "default",
								"destroy-on-complete": "no",
								"loop": "no",
								"ping-pong": "no"
							}
						},
						{
							"id": "wait",
							"objectClass": "System",
							"sid": 669762206104426,
							"parameters": {
								"seconds": "3.5"
							}
						},
						{
							"id": "set-visible",
							"objectClass": "Sprite2",
							"sid": 247453318855462,
							"parameters": {
								"visibility": "invisible"
							}
						}
					],
					"sid": 105320306975698
				},
				{
					"eventType": "block",
					"conditions": [
						{
							"id": "compare-instance-variable",
							"objectClass": "Sprite2",
							"sid": 333763676012377,
							"parameters": {
								"instance-variable": "item",
								"comparison": 0,
								"value": "4"
							}
						}
					],
					"actions": [
						{
							"id": "wait",
							"objectClass": "System",
							"sid": 756681981780354,
							"parameters": {
								"seconds": "6.3"
							}
						},
						{
							"id": "set-visible",
							"objectClass": "Sprite2",
							"sid": 929112069033932,
							"parameters": {
								"visibility": "visible"
							}
						},
						{
							"id": "wait",
							"objectClass": "System",
							"sid": 429082603373682,
							"parameters": {
								"seconds": "3.5"
							}
						},
						{
							"id": "set-visible",
							"objectClass": "Sprite2",
							"sid": 258814958093147,
							"parameters": {
								"visibility": "invisible"
							}
						}
					],
					"sid": 534208692985916,
					"isOrBlock": true
				},
				{
					"eventType": "comment",
					"text": "kotak"
				},
				{
					"eventType": "block",
					"conditions": [
						{
							"id": "compare-instance-variable",
							"objectClass": "Sprite2",
							"sid": 738007869978447,
							"parameters": {
								"instance-variable": "item",
								"comparison": 0,
								"value": "5"
							}
						}
					],
					"actions": [
						{
							"id": "wait",
							"objectClass": "System",
							"sid": 533465416623483,
							"parameters": {
								"seconds": "6.3"
							}
						},
						{
							"id": "set-visible",
							"objectClass": "Sprite2",
							"sid": 479356981318261,
							"parameters": {
								"visibility": "visible"
							}
						},
						{
							"id": "wait",
							"objectClass": "System",
							"sid": 674875482853326,
							"parameters": {
								"seconds": "1"
							}
						},
						{
							"id": "tween-one-property",
							"objectClass": "Sprite2",
							"sid": 264517948255550,
							"behaviorType": "Tween",
							"parameters": {
								"tags": "\"\"",
								"property": "offsetX",
								"end-value": "600",
								"time": "1",
								"ease": "default",
								"destroy-on-complete": "no",
								"loop": "no",
								"ping-pong": "no"
							}
						},
						{
							"id": "wait",
							"objectClass": "System",
							"sid": 180684533349928,
							"parameters": {
								"seconds": "1"
							}
						},
						{
							"id": "tween-one-property",
							"objectClass": "Sprite2",
							"sid": 304691664942578,
							"behaviorType": "Tween",
							"parameters": {
								"tags": "\"\"",
								"property": "offsetX",
								"end-value": "400",
								"time": "1",
								"ease": "default",
								"destroy-on-complete": "no",
								"loop": "no",
								"ping-pong": "no"
							}
						},
						{
							"id": "wait",
							"objectClass": "System",
							"sid": 887869461073875,
							"parameters": {
								"seconds": "2"
							}
						},
						{
							"id": "set-opacity",
							"objectClass": "Sprite2",
							"sid": 111643043565720,
							"parameters": {
								"opacity": "90"
							}
						},
						{
							"id": "tween-one-property",
							"objectClass": "Sprite2",
							"sid": 887377831237603,
							"behaviorType": "Tween",
							"parameters": {
								"tags": "\"\"",
								"property": "offsetY",
								"end-value": "1628",
								"time": "2",
								"ease": "noease",
								"destroy-on-complete": "no",
								"loop": "no",
								"ping-pong": "no"
							}
						},
						{
							"id": "wait",
							"objectClass": "System",
							"sid": 938880836001707,
							"parameters": {
								"seconds": "3"
							}
						},
						{
							"id": "set-visible",
							"objectClass": "Sprite2",
							"sid": 119446204910411,
							"parameters": {
								"visibility": "invisible"
							}
						}
					],
					"sid": 616928355194964
				},
				{
					"eventType": "comment",
					"text": "Your turn"
				},
				{
					"eventType": "block",
					"conditions": [
						{
							"id": "compare-instance-variable",
							"objectClass": "Sprite2",
							"sid": 547113073566472,
							"parameters": {
								"instance-variable": "item",
								"comparison": 0,
								"value": "11"
							}
						}
					],
					"actions": [
						{
							"id": "wait",
							"objectClass": "System",
							"sid": 212684290673808,
							"parameters": {
								"seconds": "12.3"
							}
						},
						{
							"id": "set-visible",
							"objectClass": "Sprite2",
							"sid": 153567316981913,
							"parameters": {
								"visibility": "visible"
							}
						},
						{
							"id": "start-fade",
							"objectClass": "Sprite2",
							"sid": 737007764340199,
							"behaviorType": "Fade"
						},
						{
							"id": "wait",
							"objectClass": "System",
							"sid": 811779909226811,
							"parameters": {
								"seconds": "1"
							}
						},
						{
							"id": "set-boolean-eventvar",
							"objectClass": "System",
							"sid": 679848472893559,
							"parameters": {
								"variable": "canPlay",
								"value": "true"
							}
						}
					],
					"sid": 994334806094942
				}
			]
		},
		{
			"eventType": "comment",
			"text": "tutorial bila kalah"
		},
		{
			"eventType": "block",
			"conditions": [
				{
					"id": "on-collision-with-another-object",
					"objectClass": "Sprite3",
					"sid": 528360237964486,
					"parameters": {
						"object": "Faces"
					}
				}
			],
			"actions": [],
			"sid": 998087935239443,
			"children": [
				{
					"eventType": "block",
					"conditions": [
						{
							"id": "compare-instance-variable",
							"objectClass": "Sprite3",
							"sid": 346365510329728,
							"parameters": {
								"instance-variable": "item",
								"comparison": 0,
								"value": "1"
							}
						}
					],
					"actions": [],
					"sid": 273409507703787,
					"children": [
						{
							"eventType": "block",
							"conditions": [
								{
									"id": "compare-instance-variable",
									"objectClass": "Sprite2",
									"sid": 245157460032455,
									"parameters": {
										"instance-variable": "item",
										"comparison": 0,
										"value": "9"
									}
								},
								{
									"id": "compare-instance-variable",
									"objectClass": "Sprite2",
									"sid": 670698224621359,
									"parameters": {
										"instance-variable": "item",
										"comparison": 0,
										"value": "8"
									}
								}
							],
							"actions": [
								{
									"id": "set-time-scale",
									"objectClass": "System",
									"sid": 684588023497604,
									"parameters": {
										"time-scale": "0.2"
									}
								},
								{
									"id": "set-visible",
									"objectClass": "Sprite2",
									"sid": 322887331580706,
									"parameters": {
										"visibility": "visible"
									}
								},
								{
									"id": "wait",
									"objectClass": "System",
									"sid": 963588522683852,
									"parameters": {
										"seconds": "0.4"
									}
								},
								{
									"id": "set-time-scale",
									"objectClass": "System",
									"sid": 102219647003575,
									"parameters": {
										"time-scale": "1"
									}
								},
								{
									"id": "set-visible",
									"objectClass": "Sprite2",
									"sid": 479276356524987,
									"parameters": {
										"visibility": "invisible"
									}
								}
							],
							"sid": 738597912846239,
							"isOrBlock": true
						}
					]
				},
				{
					"eventType": "block",
					"conditions": [
						{
							"id": "compare-instance-variable",
							"objectClass": "Sprite3",
							"sid": 763431048510536,
							"parameters": {
								"instance-variable": "item",
								"comparison": 0,
								"value": "2"
							}
						}
					],
					"actions": [],
					"sid": 597464726563485,
					"children": [
						{
							"eventType": "block",
							"conditions": [
								{
									"id": "compare-instance-variable",
									"objectClass": "Sprite2",
									"sid": 131398415241660,
									"parameters": {
										"instance-variable": "item",
										"comparison": 0,
										"value": "10"
									}
								},
								{
									"id": "compare-instance-variable",
									"objectClass": "Sprite2",
									"sid": 843032159258419,
									"parameters": {
										"instance-variable": "item",
										"comparison": 0,
										"value": "8"
									}
								}
							],
							"actions": [
								{
									"id": "set-time-scale",
									"objectClass": "System",
									"sid": 930681663450421,
									"parameters": {
										"time-scale": "0.2"
									}
								},
								{
									"id": "set-visible",
									"objectClass": "Sprite2",
									"sid": 515083950277168,
									"parameters": {
										"visibility": "visible"
									}
								},
								{
									"id": "wait",
									"objectClass": "System",
									"sid": 299775918444965,
									"parameters": {
										"seconds": "0.4"
									}
								},
								{
									"id": "set-time-scale",
									"objectClass": "System",
									"sid": 801458808300318,
									"parameters": {
										"time-scale": "1"
									}
								},
								{
									"id": "set-visible",
									"objectClass": "Sprite2",
									"sid": 507293923859849,
									"parameters": {
										"visibility": "invisible"
									}
								}
							],
							"sid": 379988270214492,
							"isOrBlock": true
						}
					]
				}
			]
		},
		{
			"eventType": "block",
			"conditions": [
				{
					"id": "on-end-of-layout",
					"objectClass": "System",
					"sid": 464725788980459
				}
			],
			"actions": [
				{
					"id": "set-time-scale",
					"objectClass": "System",
					"sid": 747580696443018,
					"parameters": {
						"time-scale": "1"
					}
				},
				{
					"id": "set-boolean-eventvar",
					"objectClass": "System",
					"sid": 736382238870701,
					"parameters": {
						"variable": "canPlay",
						"value": "true"
					}
				}
			],
			"sid": 580643264289520
		},
		{
			"eventType": "comment",
			"text": "start game"
		},
		{
			"eventType": "block",
			"conditions": [
				{
					"id": "on-any-touch-start",
					"objectClass": "Touch",
					"sid": 774447216675121
				},
				{
					"id": "compare-boolean-eventvar",
					"objectClass": "System",
					"sid": 234989014604628,
					"parameters": {
						"variable": "canPlay"
					}
				},
				{
					"id": "compare-instance-variable",
					"objectClass": "Sprite2",
					"sid": 804723180284790,
					"parameters": {
						"instance-variable": "item",
						"comparison": 0,
						"value": "11"
					}
				}
			],
			"actions": [
				{
					"id": "set-visible",
					"objectClass": "Sprite2",
					"sid": 711241594222771,
					"parameters": {
						"visibility": "invisible"
					}
				}
			],
			"sid": 906991754792073
		}
	],
	"sid": 966716855177835
}