{
	"name": "Level16",
	"layers": [
		{
			"name": "Layer 0",
			"overriden": 0,
			"subLayers": [],
			"instances": [
				{
					"type": "Garisan",
					"properties": {
						"initially-visible": true,
						"origin": "top-left",
						"wrap-horizontal": "repeat",
						"wrap-vertical": "repeat",
						"image-offset-x": 0,
						"image-offset-y": 0,
						"image-scale-x": 1,
						"image-scale-y": 1,
						"image-angle": 0
					},
					"uid": 484,
					"instanceVariables": {},
					"behaviors": {},
					"world": {
						"x": -2.732790636208236,
						"y": 845.8282276343214,
						"width": 1129,
						"height": -13,
						"originX": 0,
						"originY": 0,
						"color": [
							1,
							1,
							1,
							1
						],
						"angle": 0,
						"zElevation": 0
					}
				},
				{
					"type": "backgroundPass",
					"properties": {
						"initially-visible": true,
						"initial-animation": "Animation 1",
						"initial-frame": 2,
						"enable-collisions": true,
						"live-preview": false
					},
					"uid": 485,
					"instanceVariables": {
						"level": 0
					},
					"behaviors": {
						"Tween": {
							"properties": {
								"enabled": true
							}
						},
						"Flash": {
							"properties": {}
						},
						"Pin": {
							"properties": {
								"destroy": false
							}
						}
					},
					"world": {
						"x": 1665,
						"y": 775,
						"width": 1015,
						"height": 778,
						"originX": 0.5,
						"originY": 0.5,
						"color": [
							1,
							1,
							1,
							1
						],
						"angle": 0,
						"zElevation": 0
					}
				},
				{
					"type": "Sprite",
					"properties": {
						"initially-visible": true,
						"initial-animation": "Default",
						"initial-frame": 5,
						"enable-collisions": true,
						"live-preview": false
					},
					"uid": 486,
					"instanceVariables": {
						"item": 0,
						"targetx": 539.307,
						"targety": 1741.212
					},
					"behaviors": {
						"Tween": {
							"properties": {
								"enabled": false
							}
						}
					},
					"world": {
						"x": 541,
						"y": 1744,
						"width": 1086.724121094,
						"height": 412.3660653923761,
						"originX": 0.500713,
						"originY": 0.4398496240601504,
						"color": [
							1,
							1,
							1,
							1
						],
						"angle": 0,
						"zElevation": 0
					}
				},
				{
					"type": "TaklehTekan",
					"properties": {
						"initially-visible": true,
						"initial-animation": "Default",
						"initial-frame": 0,
						"enable-collisions": true,
						"live-preview": false
					},
					"uid": 487,
					"instanceVariables": {
						"tghBukak": false
					},
					"behaviors": {
						"Flash": {
							"properties": {}
						}
					},
					"world": {
						"x": 537.7931062668375,
						"y": 1393.0815048303107,
						"width": 1075,
						"height": 1098,
						"originX": 0.5,
						"originY": 0.5,
						"color": [
							1,
							1,
							1,
							0
						],
						"angle": 0,
						"zElevation": 0
					}
				},
				{
					"type": "CancelPut",
					"properties": {
						"initially-visible": false,
						"initial-animation": "Default",
						"initial-frame": 0,
						"enable-collisions": true,
						"live-preview": false
					},
					"uid": 488,
					"instanceVariables": {},
					"behaviors": {},
					"world": {
						"x": 121,
						"y": 267,
						"width": 158.435913086,
						"height": 159.256820679,
						"originX": 0.502591,
						"originY": 0.5,
						"color": [
							1,
							1,
							1,
							1
						],
						"angle": 0,
						"zElevation": 0
					}
				},
				{
					"type": "Text2",
					"properties": {
						"text": "You are not allowed to drop from here!",
						"enable-bbcode": false,
						"font": "Franklin Gothic Heavy",
						"size": 48,
						"line-height": 0,
						"bold": false,
						"italic": false,
						"color": [
							1,
							1,
							1,
							1
						],
						"horizontal-alignment": "center",
						"vertical-alignment": "center",
						"wrapping": "word",
						"initially-visible": true,
						"origin": "center"
					},
					"uid": 489,
					"instanceVariables": {},
					"behaviors": {
						"Flash": {
							"properties": {}
						}
					},
					"world": {
						"x": 540.9029253778284,
						"y": 1016.144954975096,
						"width": 847,
						"height": 232,
						"originX": 0.5,
						"originY": 0.5,
						"color": [
							1,
							1,
							1,
							0
						],
						"angle": 0,
						"zElevation": 0
					}
				},
				{
					"type": "Garisan2",
					"properties": {
						"initially-visible": true,
						"origin": "top-left",
						"wrap-horizontal": "repeat",
						"wrap-vertical": "repeat",
						"image-offset-x": 0,
						"image-offset-y": 0,
						"image-scale-x": 1,
						"image-scale-y": 1,
						"image-angle": 0
					},
					"uid": 491,
					"instanceVariables": {},
					"behaviors": {},
					"world": {
						"x": 1143,
						"y": 786,
						"width": 1088,
						"height": 7,
						"originX": 0,
						"originY": 0,
						"color": [
							1,
							1,
							1,
							0.5
						],
						"angle": 0,
						"zElevation": 0
					}
				},
				{
					"type": "Counter",
					"properties": {
						"initially-visible": false,
						"initial-animation": "Default",
						"initial-frame": 5,
						"enable-collisions": true,
						"live-preview": false
					},
					"uid": 492,
					"instanceVariables": {},
					"behaviors": {
						"Tween": {
							"properties": {
								"enabled": true
							}
						}
					},
					"world": {
						"x": 540,
						"y": 578,
						"width": 514,
						"height": 175,
						"originX": 0.503891,
						"originY": 0.502857,
						"color": [
							1,
							1,
							1,
							1
						],
						"angle": 0,
						"zElevation": 0
					}
				},
				{
					"type": "NextLevelButton",
					"properties": {
						"initially-visible": false,
						"initial-animation": "Default",
						"initial-frame": 0,
						"enable-collisions": true,
						"live-preview": false
					},
					"uid": 493,
					"instanceVariables": {
						"lastLevel": false
					},
					"behaviors": {},
					"world": {
						"x": 533,
						"y": 879,
						"width": 206.33203125,
						"height": 205.431015015,
						"originX": 0.502183,
						"originY": 0.5,
						"color": [
							1,
							1,
							1,
							1
						],
						"angle": 0,
						"zElevation": 0
					}
				},
				{
					"type": "ReloadGame",
					"properties": {
						"initially-visible": true,
						"initial-animation": "Default",
						"initial-frame": 0,
						"enable-collisions": true,
						"live-preview": false
					},
					"uid": 494,
					"instanceVariables": {},
					"behaviors": {},
					"world": {
						"x": 224,
						"y": 92,
						"width": 106.995330811,
						"height": 106.995330811,
						"originX": 0.502203,
						"originY": 0.502203,
						"color": [
							1,
							1,
							1,
							1
						],
						"angle": 0,
						"zElevation": 0
					}
				},
				{
					"type": "HomeButton",
					"properties": {
						"initially-visible": true,
						"initial-animation": "Default",
						"initial-frame": 0,
						"enable-collisions": true,
						"live-preview": false
					},
					"uid": 495,
					"instanceVariables": {},
					"behaviors": {
						"Flash": {
							"properties": {}
						}
					},
					"world": {
						"x": 91,
						"y": 94,
						"width": 108.305122375,
						"height": 108.305122375,
						"originX": 0.5,
						"originY": 0.5,
						"color": [
							1,
							1,
							1,
							1
						],
						"angle": 0,
						"zElevation": 0
					}
				},
				{
					"type": "Text",
					"properties": {
						"text": "Try drop and balance it as high as you can!",
						"enable-bbcode": false,
						"font": "Candara",
						"size": 26,
						"line-height": 0,
						"bold": true,
						"italic": false,
						"color": [
							0,
							0,
							0,
							1
						],
						"horizontal-alignment": "center",
						"vertical-alignment": "top",
						"wrapping": "word",
						"initially-visible": true,
						"origin": "center"
					},
					"uid": 496,
					"instanceVariables": {
						"item": 1,
						"targetx": 0,
						"targety": 0
					},
					"behaviors": {
						"Tween": {
							"properties": {
								"enabled": true
							}
						}
					},
					"world": {
						"x": 540,
						"y": 256,
						"width": 608,
						"height": 133,
						"originX": 0.5,
						"originY": 0.5,
						"color": [
							1,
							1,
							1,
							1
						],
						"angle": 0,
						"zElevation": 0
					}
				},
				{
					"type": "TBPutih",
					"properties": {
						"initially-visible": true,
						"origin": "top-left",
						"wrap-horizontal": "repeat",
						"wrap-vertical": "repeat",
						"image-offset-x": 0,
						"image-offset-y": 0,
						"image-scale-x": 1,
						"image-scale-y": 1,
						"image-angle": 0
					},
					"uid": 497,
					"instanceVariables": {},
					"behaviors": {},
					"world": {
						"x": 846,
						"y": 21,
						"width": 216.8253241786288,
						"height": 258.91217859624055,
						"originX": 0,
						"originY": 0,
						"color": [
							1,
							1,
							1,
							1
						],
						"angle": 0,
						"zElevation": 0
					}
				},
				{
					"type": "Shape",
					"properties": {
						"initially-visible": true,
						"initial-animation": "Default",
						"initial-frame": 1,
						"enable-collisions": true,
						"live-preview": false
					},
					"uid": 498,
					"instanceVariables": {
						"item": 100,
						"contoh": false
					},
					"behaviors": {
						"Physics": {
							"properties": {
								"immovable": false,
								"collision-mask": "use-collision-polygon",
								"prevent-rotation": false,
								"density": 1,
								"friction": 0.5,
								"elasticity": 0.1,
								"linear-damping": 0,
								"angular-damping": 0.01,
								"bullet": false,
								"enabled": false
							}
						},
						"DestroyOutsideLayout": {
							"properties": {}
						},
						"Pin": {
							"properties": {
								"destroy": false
							}
						}
					},
					"world": {
						"x": 957,
						"y": 172,
						"width": 178,
						"height": 177,
						"originX": 0.5,
						"originY": 0.503226,
						"color": [
							1,
							1,
							1,
							1
						],
						"angle": 0,
						"zElevation": 0
					}
				},
				{
					"type": "Faces",
					"properties": {
						"initially-visible": true,
						"initial-animation": "Default",
						"initial-frame": 0,
						"enable-collisions": true,
						"live-preview": false
					},
					"uid": 499,
					"instanceVariables": {
						"contoh": false,
						"item": 100,
						"offsetPandang": 0
					},
					"behaviors": {
						"Pin": {
							"properties": {
								"destroy": false
							}
						},
						"DestroyOutsideLayout": {
							"properties": {}
						}
					},
					"world": {
						"x": 957,
						"y": 172,
						"width": 128,
						"height": 84,
						"originX": 0.5,
						"originY": 0.5,
						"color": [
							1,
							1,
							1,
							1
						],
						"angle": 0,
						"zElevation": 0
					}
				},
				{
					"type": "TextRemaining",
					"properties": {
						"text": "Remaining: ",
						"enable-bbcode": true,
						"font": "Arial Rounded MT",
						"size": 24,
						"line-height": 0,
						"bold": false,
						"italic": false,
						"color": [
							0,
							0,
							0,
							1
						],
						"horizontal-alignment": "center",
						"vertical-alignment": "top",
						"wrapping": "word",
						"initially-visible": true,
						"origin": "center"
					},
					"uid": 500,
					"instanceVariables": {},
					"behaviors": {},
					"world": {
						"x": 947,
						"y": 329,
						"width": 300,
						"height": 96,
						"originX": 0.5,
						"originY": 0.5,
						"color": [
							1,
							1,
							1,
							1
						],
						"angle": 0,
						"zElevation": 0
					}
				},
				{
					"type": "Text3",
					"properties": {
						"text": "NEXT",
						"enable-bbcode": false,
						"font": "Verdana",
						"size": 30,
						"line-height": 0,
						"bold": false,
						"italic": false,
						"color": [
							0,
							0,
							0,
							1
						],
						"horizontal-alignment": "center",
						"vertical-alignment": "center",
						"wrapping": "word",
						"initially-visible": true,
						"origin": "center"
					},
					"uid": 501,
					"instanceVariables": {},
					"behaviors": {},
					"world": {
						"x": 956,
						"y": 51,
						"width": 294,
						"height": 118,
						"originX": 0.5,
						"originY": 0.5,
						"color": [
							1,
							1,
							1,
							1
						],
						"angle": 0,
						"zElevation": 0
					}
				},
				{
					"type": "infoTutorial",
					"properties": {
						"initially-visible": true,
						"initial-animation": "Animation 1",
						"initial-frame": 0,
						"enable-collisions": true,
						"live-preview": false
					},
					"uid": 502,
					"instanceVariables": {},
					"behaviors": {
						"Tween": {
							"properties": {
								"enabled": true
							}
						}
					},
					"world": {
						"x": 1665,
						"y": 775,
						"width": 623,
						"height": 577,
						"originX": 0.5,
						"originY": 0.5,
						"color": [
							1,
							1,
							1,
							1
						],
						"angle": 0,
						"zElevation": 0
					}
				},
				{
					"type": "Tile",
					"properties": {
						"initially-visible": true,
						"origin": "top-left",
						"wrap-horizontal": "repeat",
						"wrap-vertical": "repeat",
						"image-offset-x": 0,
						"image-offset-y": 0,
						"image-scale-x": 1,
						"image-scale-y": 1,
						"image-angle": 0
					},
					"uid": 503,
					"instanceVariables": {},
					"behaviors": {
						"Physics": {
							"properties": {
								"immovable": true,
								"collision-mask": "use-collision-polygon",
								"prevent-rotation": false,
								"density": 1,
								"friction": 0.5,
								"elasticity": 0.2,
								"linear-damping": 0,
								"angular-damping": 0.01,
								"bullet": false,
								"enabled": true
							}
						}
					},
					"world": {
						"x": 321,
						"y": 1728,
						"width": 413,
						"height": 84,
						"originX": 0,
						"originY": 0,
						"color": [
							1,
							1,
							1,
							1
						],
						"angle": 0,
						"zElevation": 0
					}
				},
				{
					"type": "Bintang",
					"properties": {
						"initially-visible": true,
						"initial-animation": "Animation 1",
						"initial-frame": 1,
						"enable-collisions": true,
						"live-preview": false
					},
					"uid": 504,
					"instanceVariables": {
						"item": 3
					},
					"behaviors": {
						"Tween": {
							"properties": {
								"enabled": true
							}
						},
						"Pin": {
							"properties": {
								"destroy": false
							}
						}
					},
					"world": {
						"x": 195,
						"y": 735,
						"width": 131,
						"height": 126,
						"originX": 0.5,
						"originY": 0.5,
						"color": [
							1,
							1,
							1,
							1
						],
						"angle": 0,
						"zElevation": 0
					}
				},
				{
					"type": "Bintang",
					"properties": {
						"initially-visible": true,
						"initial-animation": "Animation 1",
						"initial-frame": 1,
						"enable-collisions": true,
						"live-preview": false
					},
					"uid": 505,
					"instanceVariables": {
						"item": 2
					},
					"behaviors": {
						"Tween": {
							"properties": {
								"enabled": true
							}
						},
						"Pin": {
							"properties": {
								"destroy": false
							}
						}
					},
					"world": {
						"x": 195,
						"y": 863,
						"width": 131,
						"height": 126,
						"originX": 0.5,
						"originY": 0.5,
						"color": [
							1,
							1,
							1,
							1
						],
						"angle": 0,
						"zElevation": 0
					}
				},
				{
					"type": "Bintang",
					"properties": {
						"initially-visible": true,
						"initial-animation": "Animation 1",
						"initial-frame": 1,
						"enable-collisions": true,
						"live-preview": false
					},
					"uid": 506,
					"instanceVariables": {
						"item": 1
					},
					"behaviors": {
						"Tween": {
							"properties": {
								"enabled": true
							}
						},
						"Pin": {
							"properties": {
								"destroy": false
							}
						}
					},
					"world": {
						"x": 195,
						"y": 992,
						"width": 131,
						"height": 126,
						"originX": 0.5,
						"originY": 0.5,
						"color": [
							1,
							1,
							1,
							1
						],
						"angle": 0,
						"zElevation": 0
					}
				},
				{
					"type": "Text",
					"properties": {
						"text": "Level 6",
						"enable-bbcode": false,
						"font": "Bahnschrift",
						"size": 35,
						"line-height": 0,
						"bold": true,
						"italic": false,
						"color": [
							0,
							0,
							0,
							1
						],
						"horizontal-alignment": "center",
						"vertical-alignment": "center",
						"wrapping": "word",
						"initially-visible": true,
						"origin": "center"
					},
					"uid": 508,
					"instanceVariables": {
						"item": 2,
						"targetx": 0,
						"targety": 0
					},
					"behaviors": {
						"Tween": {
							"properties": {
								"enabled": true
							}
						}
					},
					"world": {
						"x": 540,
						"y": 97,
						"width": 406.312591553,
						"height": 110.122108459,
						"originX": 0.5,
						"originY": 0.5,
						"color": [
							1,
							1,
							1,
							1
						],
						"angle": 0,
						"zElevation": 0
					}
				}
			],
			"sid": 258865247322876,
			"effectTypes": [],
			"isInitiallyVisible": true,
			"isInitiallyInteractive": true,
			"color": [
				1,
				1,
				1,
				1
			],
			"backgroundColor": [
				0.796078431372549,
				0.8823529411764706,
				0.8823529411764706,
				1
			],
			"isTransparent": false,
			"parallaxX": 1,
			"parallaxY": 1,
			"scaleRate": 1,
			"forceOwnTexture": false,
			"renderingMode": "3d",
			"drawOrder": "z-order",
			"useRenderCells": false,
			"blendMode": "normal",
			"zElevation": 0,
			"global": false
		}
	],
	"sid": 269784271997534,
	"nonworld-instances": [],
	"effectTypes": [],
	"width": 1080,
	"height": 1920,
	"unboundedScrolling": false,
	"vpX": 0.5,
	"vpY": 0.5,
	"projection": "perspective",
	"eventSheet": "Game"
}