{
	"name": "Win",
	"layers": [
		{
			"name": "Layer 0",
			"overriden": 0,
			"subLayers": [],
			"instances": [
				{
					"type": "Sprite",
					"properties": {
						"initially-visible": true,
						"initial-animation": "Default",
						"initial-frame": 5,
						"enable-collisions": true,
						"live-preview": false
					},
					"uid": 764,
					"instanceVariables": {
						"item": 0,
						"targetx": 539.307,
						"targety": 1741.212
					},
					"behaviors": {
						"Tween": {
							"properties": {
								"enabled": false
							}
						}
					},
					"world": {
						"x": 542,
						"y": 1777,
						"width": 1086.724121094,
						"height": 412.3660653923761,
						"originX": 0.500713,
						"originY": 0.4398496240601504,
						"color": [
							1,
							1,
							1,
							1
						],
						"angle": 0,
						"zElevation": 0
					}
				},
				{
					"type": "Text",
					"properties": {
						"text": "You have completed all levels!\n\n If you like this game, feel free to give idea for level to\n\n af1gaming01@gmail.com",
						"enable-bbcode": true,
						"font": "Candara",
						"size": 40,
						"line-height": 0,
						"bold": true,
						"italic": false,
						"color": [
							0,
							0,
							0,
							1
						],
						"horizontal-alignment": "center",
						"vertical-alignment": "top",
						"wrapping": "word",
						"initially-visible": true,
						"origin": "center"
					},
					"uid": 793,
					"instanceVariables": {
						"item": 1,
						"targetx": 0,
						"targety": 0
					},
					"behaviors": {
						"Tween": {
							"properties": {
								"enabled": true
							}
						}
					},
					"world": {
						"x": 543,
						"y": 904,
						"width": 850,
						"height": 374,
						"originX": 0.5,
						"originY": 0.5,
						"color": [
							1,
							1,
							1,
							1
						],
						"angle": 0,
						"zElevation": 0
					}
				},
				{
					"type": "NextLevelButton",
					"properties": {
						"initially-visible": true,
						"initial-animation": "Default",
						"initial-frame": 0,
						"enable-collisions": true,
						"live-preview": false
					},
					"uid": 857,
					"instanceVariables": {
						"lastLevel": false
					},
					"behaviors": {},
					"world": {
						"x": 540,
						"y": 1430,
						"width": 255.33203125,
						"height": 255.431015015,
						"originX": 0.502183,
						"originY": 0.5,
						"color": [
							1,
							1,
							1,
							1
						],
						"angle": 0,
						"zElevation": 0
					}
				},
				{
					"type": "Particles2",
					"properties": {
						"rate": 100,
						"spray-cone": 360,
						"type": "one-shot",
						"object": -1,
						"live-preview": false,
						"speed": 200,
						"size": 10,
						"opacity": 100,
						"grow-rate": 0,
						"x-randomiser": 20,
						"y-randomiser": 20,
						"initial-speed-randomiser": 0,
						"size-randomiser": 0,
						"grow-rate-randomiser": 0,
						"acceleration": -150,
						"gravity": 0,
						"angle-randomiser": 0,
						"life-speed-randomiser": 800,
						"opacity-randomiser": 0,
						"destroy-mode": "fade-to-invisible",
						"timeout": 1
					},
					"uid": 860,
					"instanceVariables": {},
					"behaviors": {},
					"world": {
						"x": 1256,
						"y": 368,
						"width": 100,
						"height": 100,
						"originX": 0,
						"originY": 0.5,
						"color": [
							1,
							1,
							1,
							1
						],
						"angle": 0,
						"zElevation": 0
					}
				},
				{
					"type": "Congrats",
					"properties": {
						"initially-visible": true,
						"initial-animation": "Animation 1",
						"initial-frame": 0,
						"enable-collisions": true,
						"live-preview": false
					},
					"uid": 861,
					"instanceVariables": {},
					"behaviors": {},
					"world": {
						"x": 547,
						"y": 451,
						"width": 753,
						"height": 102,
						"originX": 0.5,
						"originY": 0.5,
						"color": [
							1,
							1,
							1,
							1
						],
						"angle": 0,
						"zElevation": 0
					}
				}
			],
			"sid": 539720562399550,
			"effectTypes": [],
			"isInitiallyVisible": true,
			"isInitiallyInteractive": true,
			"color": [
				1,
				1,
				1,
				1
			],
			"backgroundColor": [
				0.796078431372549,
				0.8823529411764706,
				0.8823529411764706,
				1
			],
			"isTransparent": false,
			"parallaxX": 1,
			"parallaxY": 1,
			"scaleRate": 1,
			"forceOwnTexture": false,
			"renderingMode": "3d",
			"drawOrder": "z-order",
			"useRenderCells": false,
			"blendMode": "normal",
			"zElevation": 0,
			"global": false
		}
	],
	"sid": 256697196900119,
	"nonworld-instances": [],
	"effectTypes": [],
	"width": 2160,
	"height": 3840,
	"unboundedScrolling": false,
	"vpX": 0.5,
	"vpY": 0.5,
	"projection": "perspective",
	"eventSheet": "Win"
}