{
	"name": "GreenRedYellow",
	"plugin-id": "Sprite",
	"sid": 231091832941923,
	"isGlobal": false,
	"instanceVariables": [
		{
			"name": "speed",
			"type": "number",
			"desc": "",
			"show": true,
			"sid": 703092409501687
		},
		{
			"name": "turning",
			"type": "number",
			"desc": "",
			"show": true,
			"sid": 538528591177984
		},
		{
			"name": "canGoBack",
			"type": "boolean",
			"desc": "",
			"show": true,
			"sid": 963389790518048
		}
	],
	"behaviorTypes": [
		{
			"behaviorId": "Physics",
			"name": "Physics",
			"sid": 911587936284014
		}
	],
	"effectTypes": [],
	"animations": {
		"items": [
			{
				"frames": [
					{
						"width": 105,
						"height": 105,
						"originX": 0.5047619047619047,
						"originY": 0.49047619047619045,
						"originalSource": "",
						"exportFormat": "lossless",
						"exportQuality": 0.8,
						"imageSpriteId": 8477200,
						"useCollisionPoly": true,
						"duration": 1
					},
					{
						"width": 98,
						"height": 97,
						"originX": 0.5047619047619047,
						"originY": 0.49047619047619045,
						"originalSource": "",
						"exportFormat": "lossless",
						"exportQuality": 0.8,
						"imageSpriteId": 4112075,
						"useCollisionPoly": true,
						"duration": 1
					},
					{
						"width": 160,
						"height": 151,
						"originX": 0.49523809523809526,
						"originY": 0.49047619047619045,
						"originalSource": "",
						"exportFormat": "lossless",
						"exportQuality": 0.8,
						"imageSpriteId": 3572891,
						"collisionPoly": {
							"points": [
								1,
								1,
								0,
								1,
								0,
								0,
								1,
								0
							]
						},
						"useCollisionPoly": true,
						"duration": 1
					}
				],
				"sid": 373487144267505,
				"name": "Animation 1",
				"isLooping": false,
				"isPingPong": false,
				"repeatCount": 1,
				"repeatTo": 0,
				"speed": 0
			}
		],
		"subfolders": []
	}
}