{
	"name": "NextLevelButton",
	"plugin-id": "Sprite",
	"sid": 241435719725556,
	"isGlobal": false,
	"instanceVariables": [
		{
			"name": "lastLevel",
			"type": "boolean",
			"desc": "",
			"show": true,
			"sid": 989762176660465
		}
	],
	"behaviorTypes": [],
	"effectTypes": [],
	"animations": {
		"items": [
			{
				"frames": [
					{
						"width": 229,
						"height": 228,
						"originX": 0.502183,
						"originY": 0.5,
						"originalSource": "",
						"exportFormat": "lossless",
						"exportQuality": 0.8,
						"imageSpriteId": 9942308,
						"useCollisionPoly": true,
						"duration": 1
					},
					{
						"width": 229,
						"height": 228,
						"originX": 0.502183,
						"originY": 0.5,
						"originalSource": "",
						"exportFormat": "lossless",
						"exportQuality": 0.8,
						"imageSpriteId": 5715661,
						"useCollisionPoly": true,
						"duration": 1
					}
				],
				"sid": 371043414137976,
				"name": "Default",
				"isLooping": false,
				"isPingPong": false,
				"repeatCount": 1,
				"repeatTo": 0,
				"speed": 0
			}
		],
		"subfolders": []
	}
}