{
	"name": "TaklehTekan",
	"plugin-id": "Sprite",
	"sid": 270493235048912,
	"isGlobal": false,
	"instanceVariables": [
		{
			"name": "tghBukak",
			"type": "boolean",
			"desc": "",
			"show": true,
			"sid": 686107047411304
		}
	],
	"behaviorTypes": [
		{
			"behaviorId": "Flash",
			"name": "Flash",
			"sid": 606288439430407
		}
	],
	"effectTypes": [],
	"animations": {
		"items": [
			{
				"frames": [
					{
						"width": 250,
						"height": 250,
						"originX": 0.5,
						"originY": 0.5,
						"originalSource": "",
						"exportFormat": "lossless",
						"exportQuality": 0.8,
						"imageSpriteId": 5163065,
						"useCollisionPoly": true,
						"duration": 1
					}
				],
				"sid": 439108273605445,
				"name": "Default",
				"isLooping": false,
				"isPingPong": false,
				"repeatCount": 1,
				"repeatTo": 0,
				"speed": 5
			}
		],
		"subfolders": []
	}
}