{
	"name": "Faces",
	"plugin-id": "Sprite",
	"sid": 891090274573127,
	"isGlobal": false,
	"instanceVariables": [
		{
			"name": "contoh",
			"type": "boolean",
			"desc": "",
			"show": true,
			"sid": 496622759989974
		},
		{
			"name": "item",
			"type": "number",
			"desc": "",
			"show": true,
			"sid": 575464774017834
		},
		{
			"name": "offsetPandang",
			"type": "number",
			"desc": "",
			"show": true,
			"sid": 495815060486937
		}
	],
	"behaviorTypes": [
		{
			"behaviorId": "Pin",
			"name": "Pin",
			"sid": 680793569707709
		},
		{
			"behaviorId": "destroy",
			"name": "DestroyOutsideLayout",
			"sid": 712269904767727
		}
	],
	"effectTypes": [],
	"animations": {
		"items": [
			{
				"frames": [
					{
						"width": 128,
						"height": 84,
						"originX": 0.5,
						"originY": 0.5,
						"originalSource": "",
						"exportFormat": "lossless",
						"exportQuality": 0.8,
						"imageSpriteId": 6386838,
						"useCollisionPoly": true,
						"duration": 1
					},
					{
						"width": 114,
						"height": 90,
						"originX": 0.5,
						"originY": 0.5,
						"originalSource": "",
						"exportFormat": "lossless",
						"exportQuality": 0.8,
						"imageSpriteId": 4562356,
						"useCollisionPoly": true,
						"duration": 1
					},
					{
						"width": 119,
						"height": 83,
						"originX": 0.504202,
						"originY": 0.506024,
						"originalSource": "",
						"exportFormat": "lossless",
						"exportQuality": 0.8,
						"imageSpriteId": 6013909,
						"useCollisionPoly": true,
						"duration": 1
					},
					{
						"width": 100,
						"height": 83,
						"originX": 0.5,
						"originY": 0.506024,
						"originalSource": "",
						"exportFormat": "lossless",
						"exportQuality": 0.8,
						"imageSpriteId": 76774,
						"useCollisionPoly": true,
						"duration": 1
					},
					{
						"width": 98,
						"height": 119,
						"originX": 0.5,
						"originY": 0.504202,
						"originalSource": "",
						"exportFormat": "lossless",
						"exportQuality": 0.8,
						"imageSpriteId": 5045727,
						"useCollisionPoly": true,
						"duration": 1
					},
					{
						"width": 130,
						"height": 83,
						"originX": 0.5,
						"originY": 0.506024,
						"originalSource": "",
						"exportFormat": "lossless",
						"exportQuality": 0.8,
						"imageSpriteId": 3279437,
						"useCollisionPoly": true,
						"duration": 1
					},
					{
						"width": 130,
						"height": 165,
						"originX": 0.5,
						"originY": 0.50303,
						"originalSource": "",
						"exportFormat": "lossless",
						"exportQuality": 0.8,
						"imageSpriteId": 292388,
						"useCollisionPoly": true,
						"duration": 1
					}
				],
				"sid": 417353779801979,
				"name": "Default",
				"isLooping": false,
				"isPingPong": false,
				"repeatCount": 1,
				"repeatTo": 0,
				"speed": 0
			}
		],
		"subfolders": []
	}
}