{
	"name": "Congrats",
	"plugin-id": "Sprite",
	"sid": 159417898912405,
	"isGlobal": false,
	"instanceVariables": [],
	"behaviorTypes": [],
	"effectTypes": [],
	"animations": {
		"items": [
			{
				"frames": [
					{
						"width": 654,
						"height": 89,
						"originX": 0.5,
						"originY": 0.5,
						"originalSource": "",
						"exportFormat": "lossless",
						"exportQuality": 0.8,
						"imageSpriteId": 9440781,
						"useCollisionPoly": true,
						"duration": 1
					},
					{
						"width": 653,
						"height": 83,
						"originX": 0.5,
						"originY": 0.5,
						"originalSource": "",
						"exportFormat": "lossless",
						"exportQuality": 0.8,
						"imageSpriteId": 5016239,
						"collisionPoly": {
							"points": [
								0,
								0.012048192771084338,
								0.4992343032159265,
								0.012048192771084338,
								1,
								0.012048192771084338,
								1,
								1,
								1,
								1,
								0.4992343032159265,
								1,
								0,
								1,
								0,
								1
							]
						},
						"useCollisionPoly": true,
						"duration": 1
					}
				],
				"sid": 586160881681944,
				"name": "Animation 1",
				"isLooping": true,
				"isPingPong": false,
				"repeatCount": 1,
				"repeatTo": 0,
				"speed": 3
			}
		],
		"subfolders": []
	}
}