{
	"name": "Nombor",
	"plugin-id": "Sprite",
	"sid": 237107123046614,
	"isGlobal": false,
	"instanceVariables": [
		{
			"name": "level",
			"type": "number",
			"desc": "",
			"show": true,
			"sid": 389338610866107
		}
	],
	"behaviorTypes": [
		{
			"behaviorId": "Flash",
			"name": "Flash",
			"sid": 720019863400619
		},
		{
			"behaviorId": "Pin",
			"name": "Pin",
			"sid": 785495021526081
		}
	],
	"effectTypes": [],
	"animations": {
		"items": [
			{
				"frames": [
					{
						"width": 153,
						"height": 186,
						"originX": 0.5,
						"originY": 0.5,
						"originalSource": "",
						"exportFormat": "lossless",
						"exportQuality": 0.8,
						"imageSpriteId": 6866909,
						"useCollisionPoly": true,
						"duration": 1
					},
					{
						"width": 160,
						"height": 186,
						"originX": 0.5,
						"originY": 0.5,
						"originalSource": "",
						"exportFormat": "lossless",
						"exportQuality": 0.8,
						"imageSpriteId": 6123077,
						"collisionPoly": {
							"points": [
								0.26875,
								0,
								0.73125,
								0,
								0.73125,
								1,
								0.26875,
								1
							]
						},
						"useCollisionPoly": true,
						"duration": 1
					},
					{
						"width": 155,
						"height": 186,
						"originX": 0.5,
						"originY": 0.5,
						"originalSource": "",
						"exportFormat": "lossless",
						"exportQuality": 0.8,
						"imageSpriteId": 2086053,
						"useCollisionPoly": true,
						"duration": 1
					},
					{
						"width": 148,
						"height": 192,
						"originX": 0.5,
						"originY": 0.5,
						"originalSource": "",
						"exportFormat": "lossless",
						"exportQuality": 0.8,
						"imageSpriteId": 4732163,
						"useCollisionPoly": true,
						"duration": 1
					},
					{
						"width": 156,
						"height": 186,
						"originX": 0.5,
						"originY": 0.5,
						"originalSource": "",
						"exportFormat": "lossless",
						"exportQuality": 0.8,
						"imageSpriteId": 9348274,
						"useCollisionPoly": true,
						"duration": 1
					},
					{
						"width": 152,
						"height": 186,
						"originX": 0.5,
						"originY": 0.5,
						"originalSource": "",
						"exportFormat": "lossless",
						"exportQuality": 0.8,
						"imageSpriteId": 9699938,
						"useCollisionPoly": true,
						"duration": 1
					},
					{
						"width": 159,
						"height": 192,
						"originX": 0.5,
						"originY": 0.5,
						"originalSource": "",
						"exportFormat": "lossless",
						"exportQuality": 0.8,
						"imageSpriteId": 5343732,
						"useCollisionPoly": true,
						"duration": 1
					},
					{
						"width": 145,
						"height": 186,
						"originX": 0.5,
						"originY": 0.5,
						"originalSource": "",
						"exportFormat": "lossless",
						"exportQuality": 0.8,
						"imageSpriteId": 1788253,
						"useCollisionPoly": true,
						"duration": 1
					},
					{
						"width": 153,
						"height": 195,
						"originX": 0.5,
						"originY": 0.5,
						"originalSource": "",
						"exportFormat": "lossless",
						"exportQuality": 0.8,
						"imageSpriteId": 7008923,
						"useCollisionPoly": true,
						"duration": 1
					},
					{
						"width": 157,
						"height": 190,
						"originX": 0.5,
						"originY": 0.5,
						"originalSource": "",
						"exportFormat": "lossless",
						"exportQuality": 0.8,
						"imageSpriteId": 5288962,
						"useCollisionPoly": true,
						"duration": 1
					}
				],
				"sid": 678540935082701,
				"name": "Animation 1",
				"isLooping": false,
				"isPingPong": false,
				"repeatCount": 1,
				"repeatTo": 0,
				"speed": 0
			}
		],
		"subfolders": []
	}
}