{
	"name": "Counter",
	"plugin-id": "Sprite",
	"sid": 315703966679009,
	"isGlobal": false,
	"instanceVariables": [],
	"behaviorTypes": [
		{
			"behaviorId": "Tween",
			"name": "Tween",
			"sid": 842644335741967
		}
	],
	"effectTypes": [],
	"animations": {
		"items": [
			{
				"frames": [
					{
						"width": 151,
						"height": 186,
						"originX": 0.503311,
						"originY": 0.5,
						"originalSource": "",
						"exportFormat": "lossless",
						"exportQuality": 0.8,
						"imageSpriteId": 1560696,
						"useCollisionPoly": true,
						"duration": 1
					},
					{
						"width": 155,
						"height": 186,
						"originX": 0.503226,
						"originY": 0.5,
						"originalSource": "",
						"exportFormat": "lossless",
						"exportQuality": 0.8,
						"imageSpriteId": 2232079,
						"useCollisionPoly": true,
						"duration": 1
					},
					{
						"width": 147,
						"height": 190,
						"originX": 0.503401,
						"originY": 0.5,
						"originalSource": "",
						"exportFormat": "lossless",
						"exportQuality": 0.8,
						"imageSpriteId": 7097030,
						"useCollisionPoly": true,
						"duration": 1
					},
					{
						"width": 154,
						"height": 186,
						"originX": 0.5,
						"originY": 0.5,
						"originalSource": "",
						"exportFormat": "lossless",
						"exportQuality": 0.8,
						"imageSpriteId": 2029281,
						"useCollisionPoly": true,
						"duration": 1
					},
					{
						"width": 73,
						"height": 186,
						"originX": 0.506849,
						"originY": 0.5,
						"originalSource": "",
						"exportFormat": "lossless",
						"exportQuality": 0.8,
						"imageSpriteId": 9770296,
						"useCollisionPoly": true,
						"duration": 1
					},
					{
						"width": 514,
						"height": 175,
						"originX": 0.503891,
						"originY": 0.502857,
						"originalSource": "",
						"exportFormat": "lossless",
						"exportQuality": 0.8,
						"imageSpriteId": 385913,
						"useCollisionPoly": true,
						"duration": 1
					},
					{
						"width": 448,
						"height": 171,
						"originX": 0.502232,
						"originY": 0.502924,
						"originalSource": "",
						"exportFormat": "lossless",
						"exportQuality": 0.8,
						"imageSpriteId": 4550300,
						"useCollisionPoly": true,
						"duration": 1
					}
				],
				"sid": 534079532858767,
				"name": "Default",
				"isLooping": false,
				"isPingPong": false,
				"repeatCount": 1,
				"repeatTo": 0,
				"speed": 0
			}
		],
		"subfolders": []
	}
}