{
	"name": "topi",
	"plugin-id": "Sprite",
	"sid": 553865928725649,
	"isGlobal": false,
	"instanceVariables": [],
	"behaviorTypes": [
		{
			"behaviorId": "Physics",
			"name": "Physics",
			"sid": 608776313729632
		}
	],
	"effectTypes": [],
	"animations": {
		"items": [
			{
				"frames": [
					{
						"width": 228,
						"height": 113,
						"originX": 0.5,
						"originY": 0.5132743362831859,
						"originalSource": "",
						"exportFormat": "lossless",
						"exportQuality": 0.8,
						"imageSpriteId": 5362693,
						"collisionPoly": {
							"points": [
								0.06798245614035087,
								0.46460176991150426,
								0.2796052631578947,
								0.08628318584070796,
								0.49122807017543885,
								0,
								0.6842105263157903,
								0.06637168141592911,
								0.8837719298245612,
								0.37831858407079677,
								1,
								0.9646017699115044,
								0,
								0.9646017699115044
							]
						},
						"useCollisionPoly": true,
						"duration": 1
					}
				],
				"sid": 280016772887915,
				"name": "Animation 1",
				"isLooping": false,
				"isPingPong": false,
				"repeatCount": 1,
				"repeatTo": 0,
				"speed": 5
			}
		],
		"subfolders": []
	}
}