{
	"name": "Sprite",
	"plugin-id": "Sprite",
	"sid": 167842222944082,
	"isGlobal": false,
	"instanceVariables": [
		{
			"name": "item",
			"type": "number",
			"desc": "",
			"show": true,
			"sid": 969153845073272
		},
		{
			"name": "targetx",
			"type": "number",
			"desc": "",
			"show": true,
			"sid": 927680566820380
		},
		{
			"name": "targety",
			"type": "number",
			"desc": "",
			"show": true,
			"sid": 957743258783044
		}
	],
	"behaviorTypes": [
		{
			"behaviorId": "Tween",
			"name": "Tween",
			"sid": 865857717742872
		}
	],
	"effectTypes": [],
	"animations": {
		"items": [
			{
				"frames": [
					{
						"width": 994,
						"height": 326,
						"originX": 0.5,
						"originY": 0.5,
						"originalSource": "",
						"exportFormat": "lossless",
						"exportQuality": 0.8,
						"imageSpriteId": 2651249,
						"useCollisionPoly": true,
						"duration": 1
					},
					{
						"width": 169,
						"height": 169,
						"originX": 0.502959,
						"originY": 0.502959,
						"originalSource": "",
						"exportFormat": "lossless",
						"exportQuality": 0.8,
						"imageSpriteId": 6493775,
						"useCollisionPoly": true,
						"duration": 1
					},
					{
						"width": 312,
						"height": 105,
						"originX": 0.5,
						"originY": 0.504762,
						"originalSource": "",
						"exportFormat": "lossless",
						"exportQuality": 0.8,
						"imageSpriteId": 1623731,
						"useCollisionPoly": true,
						"duration": 1
					},
					{
						"width": 382,
						"height": 110,
						"originX": 0.5,
						"originY": 0.5,
						"originalSource": "",
						"exportFormat": "lossless",
						"exportQuality": 0.8,
						"imageSpriteId": 563510,
						"useCollisionPoly": true,
						"duration": 1
					},
					{
						"width": 498,
						"height": 281,
						"originX": 0.5,
						"originY": 0.501779,
						"originalSource": "",
						"exportFormat": "lossless",
						"exportQuality": 0.8,
						"imageSpriteId": 1881587,
						"useCollisionPoly": true,
						"duration": 1
					},
					{
						"width": 701,
						"height": 266,
						"originX": 0.500713,
						"originY": 0.4398496240601504,
						"originalSource": "",
						"exportFormat": "lossless",
						"exportQuality": 0.8,
						"imageSpriteId": 4740114,
						"collisionPoly": {
							"points": [
								0,
								0,
								1,
								0,
								1,
								0.8796992481203008,
								0,
								0.8796992481203008
							]
						},
						"useCollisionPoly": true,
						"duration": 1
					},
					{
						"width": 285,
						"height": 84,
						"originX": 0.5,
						"originY": 0.5,
						"originalSource": "",
						"exportFormat": "lossless",
						"exportQuality": 0.8,
						"imageSpriteId": 9301356,
						"useCollisionPoly": true,
						"duration": 1
					}
				],
				"sid": 478299772580185,
				"name": "Default",
				"isLooping": false,
				"isPingPong": false,
				"repeatCount": 1,
				"repeatTo": 0,
				"speed": 0
			}
		],
		"subfolders": []
	}
}