{
	"name": "LRuleLearn",
	"layers": [
		{
			"name": "Layer 0",
			"overriden": 0,
			"subLayers": [],
			"instances": [
				{
					"type": "Bg",
					"properties": {
						"initially-visible": true,
						"initial-animation": "Animation 1",
						"initial-frame": 1,
						"enable-collisions": true,
						"live-preview": false
					},
					"uid": 8,
					"instanceVariables": {},
					"behaviors": {},
					"world": {
						"x": 0,
						"y": 0,
						"width": 1920,
						"height": 1080,
						"originX": 0,
						"originY": 0,
						"color": [
							1,
							1,
							1,
							1
						],
						"angle": 0,
						"zElevation": 0
					}
				},
				{
					"type": "Sprite",
					"properties": {
						"initially-visible": true,
						"initial-animation": "Animation 1",
						"initial-frame": 18,
						"enable-collisions": true,
						"live-preview": false
					},
					"uid": 63,
					"instanceVariables": {
						"IsClickable": "",
						"Goto": "",
						"Item": ""
					},
					"behaviors": {
						"Tween": {
							"properties": {
								"enabled": true
							}
						}
					},
					"world": {
						"x": 950,
						"y": 527,
						"width": 1619,
						"height": 892,
						"originX": 0.5,
						"originY": 0.5,
						"color": [
							1,
							1,
							1,
							1
						],
						"angle": 0,
						"zElevation": 0
					}
				},
				{
					"type": "Sprite",
					"properties": {
						"initially-visible": false,
						"initial-animation": "Animation 1",
						"initial-frame": 11,
						"enable-collisions": true,
						"live-preview": false
					},
					"uid": 65,
					"instanceVariables": {
						"IsClickable": "Y",
						"Goto": "FormulaChoose",
						"Item": ""
					},
					"behaviors": {
						"Tween": {
							"properties": {
								"enabled": false
							}
						}
					},
					"world": {
						"x": 1733,
						"y": 990,
						"width": 300,
						"height": 103,
						"originX": 0.5,
						"originY": 0.5,
						"color": [
							1,
							1,
							1,
							1
						],
						"angle": 0,
						"zElevation": 0
					}
				},
				{
					"type": "Sprite",
					"properties": {
						"initially-visible": true,
						"initial-animation": "Animation 1",
						"initial-frame": 17,
						"enable-collisions": true,
						"live-preview": false
					},
					"uid": 66,
					"instanceVariables": {
						"IsClickable": "",
						"Goto": "",
						"Item": ""
					},
					"behaviors": {
						"Tween": {
							"properties": {
								"enabled": true
							}
						}
					},
					"world": {
						"x": 1382,
						"y": 87,
						"width": 205,
						"height": 63,
						"originX": 0.5,
						"originY": 0.5,
						"color": [
							1,
							1,
							1,
							1
						],
						"angle": 0,
						"zElevation": 0
					}
				},
				{
					"type": "Sprite",
					"properties": {
						"initially-visible": true,
						"initial-animation": "Animation 1",
						"initial-frame": 28,
						"enable-collisions": true,
						"live-preview": false
					},
					"uid": 98,
					"instanceVariables": {
						"IsClickable": "Y",
						"Goto": "FormulaChoose",
						"Item": ""
					},
					"behaviors": {
						"Tween": {
							"properties": {
								"enabled": true
							}
						}
					},
					"world": {
						"x": 192,
						"y": 1001,
						"width": 300,
						"height": 104,
						"originX": 0.5,
						"originY": 0.5,
						"color": [
							1,
							1,
							1,
							1
						],
						"angle": 0,
						"zElevation": 0
					}
				},
				{
					"type": "Text",
					"properties": {
						"text": "Text",
						"enable-bbcode": true,
						"font": "Palatino",
						"size": 30,
						"line-height": 0,
						"bold": false,
						"italic": false,
						"color": [
							0,
							0,
							0,
							1
						],
						"horizontal-alignment": "left",
						"vertical-alignment": "center",
						"wrapping": "word",
						"text-direction": "ltr",
						"icon-set": -1,
						"initially-visible": true,
						"origin": "center",
						"read-aloud": false
					},
					"uid": 138,
					"instanceVariables": {
						"Item": 0
					},
					"behaviors": {},
					"world": {
						"x": 945,
						"y": 950,
						"width": 1313.1664463250092,
						"height": 293.7769132561117,
						"originX": 0.5,
						"originY": 0.5,
						"color": [
							1,
							1,
							1,
							1
						],
						"angle": 0,
						"zElevation": 0
					}
				},
				{
					"type": "Sprite",
					"properties": {
						"initially-visible": true,
						"initial-animation": "Animation 1",
						"initial-frame": 43,
						"enable-collisions": true,
						"live-preview": false
					},
					"uid": 173,
					"instanceVariables": {
						"IsClickable": "",
						"Goto": "",
						"Item": "1"
					},
					"behaviors": {
						"Tween": {
							"properties": {
								"enabled": true
							}
						}
					},
					"world": {
						"x": 515,
						"y": 201,
						"width": 611,
						"height": 140,
						"originX": 0.5,
						"originY": 0.5,
						"color": [
							1,
							1,
							1,
							0.5
						],
						"angle": 0,
						"zElevation": 0
					}
				},
				{
					"type": "Sprite",
					"properties": {
						"initially-visible": true,
						"initial-animation": "Animation 1",
						"initial-frame": 43,
						"enable-collisions": true,
						"live-preview": false
					},
					"uid": 174,
					"instanceVariables": {
						"IsClickable": "",
						"Goto": "",
						"Item": "2"
					},
					"behaviors": {
						"Tween": {
							"properties": {
								"enabled": true
							}
						}
					},
					"world": {
						"x": 353.5,
						"y": 394.5,
						"width": 376,
						"height": 273,
						"originX": 0.5,
						"originY": 0.5,
						"color": [
							1,
							1,
							1,
							0.5
						],
						"angle": 0,
						"zElevation": 0
					}
				},
				{
					"type": "Sprite",
					"properties": {
						"initially-visible": true,
						"initial-animation": "Animation 1",
						"initial-frame": 43,
						"enable-collisions": true,
						"live-preview": false
					},
					"uid": 175,
					"instanceVariables": {
						"IsClickable": "",
						"Goto": "",
						"Item": "3"
					},
					"behaviors": {
						"Tween": {
							"properties": {
								"enabled": true
							}
						}
					},
					"world": {
						"x": 524,
						"y": 742,
						"width": 611,
						"height": 416,
						"originX": 0.5,
						"originY": 0.5,
						"color": [
							1,
							1,
							1,
							0.5
						],
						"angle": 0,
						"zElevation": 0
					}
				},
				{
					"type": "Sprite",
					"properties": {
						"initially-visible": true,
						"initial-animation": "Animation 1",
						"initial-frame": 43,
						"enable-collisions": true,
						"live-preview": false
					},
					"uid": 176,
					"instanceVariables": {
						"IsClickable": "",
						"Goto": "",
						"Item": "4"
					},
					"behaviors": {
						"Tween": {
							"properties": {
								"enabled": true
							}
						}
					},
					"world": {
						"x": 1287,
						"y": 262,
						"width": 379,
						"height": 216,
						"originX": 0.5,
						"originY": 0.5,
						"color": [
							1,
							1,
							1,
							0.5
						],
						"angle": 0,
						"zElevation": 0
					}
				},
				{
					"type": "Sprite",
					"properties": {
						"initially-visible": true,
						"initial-animation": "Animation 1",
						"initial-frame": 43,
						"enable-collisions": true,
						"live-preview": false
					},
					"uid": 177,
					"instanceVariables": {
						"IsClickable": "",
						"Goto": "",
						"Item": "5"
					},
					"behaviors": {
						"Tween": {
							"properties": {
								"enabled": true
							}
						}
					},
					"world": {
						"x": 1267,
						"y": 522.5,
						"width": 401,
						"height": 235,
						"originX": 0.5,
						"originY": 0.5,
						"color": [
							1,
							1,
							1,
							0.5
						],
						"angle": 0,
						"zElevation": 0
					}
				},
				{
					"type": "Sprite",
					"properties": {
						"initially-visible": true,
						"initial-animation": "Animation 1",
						"initial-frame": 43,
						"enable-collisions": true,
						"live-preview": false
					},
					"uid": 178,
					"instanceVariables": {
						"IsClickable": "",
						"Goto": "",
						"Item": "6"
					},
					"behaviors": {
						"Tween": {
							"properties": {
								"enabled": true
							}
						}
					},
					"world": {
						"x": 1273,
						"y": 767,
						"width": 362,
						"height": 215,
						"originX": 0.5,
						"originY": 0.5,
						"color": [
							1,
							1,
							1,
							0.5
						],
						"angle": 0,
						"zElevation": 0
					}
				}
			],
			"sid": 150705174941363,
			"effectTypes": [],
			"isInitiallyVisible": true,
			"isInitiallyInteractive": true,
			"isHTMLElementsLayer": false,
			"color": [
				1,
				1,
				1,
				1
			],
			"backgroundColor": [
				0.3686274509803922,
				0.3686274509803922,
				0.3686274509803922,
				1
			],
			"isTransparent": false,
			"parallaxX": 1,
			"parallaxY": 1,
			"scaleRate": 1,
			"forceOwnTexture": false,
			"renderingMode": "3d",
			"drawOrder": "z-order",
			"useRenderCells": false,
			"blendMode": "normal",
			"zElevation": 0,
			"global": false
		}
	],
	"sid": 400822239501195,
	"nonworld-instances": [],
	"effectTypes": [],
	"width": 3840,
	"height": 2160,
	"unboundedScrolling": false,
	"vpX": 0.5,
	"vpY": 0.5,
	"projection": "perspective",
	"eventSheet": "Event sheet 1"
}