{
	"name": "TempatJawapan",
	"plugin-id": "Sprite",
	"sid": 820970801757059,
	"isGlobal": false,
	"instanceVariables": [
		{
			"name": "Jawapan",
			"type": "number",
			"desc": "",
			"show": true,
			"sid": 932469549178315
		},
		{
			"name": "Pilihan",
			"type": "number",
			"desc": "",
			"show": true,
			"sid": 740574159171389
		},
		{
			"name": "Done",
			"type": "boolean",
			"desc": "",
			"show": true,
			"sid": 495331947003401
		},
		{
			"name": "SedangDipilih",
			"type": "number",
			"desc": "",
			"show": true,
			"sid": 769399034654587
		},
		{
			"name": "Item",
			"type": "string",
			"desc": "",
			"show": true,
			"sid": 939190901046886
		}
	],
	"behaviorTypes": [],
	"effectTypes": [],
	"animations": {
		"items": [
			{
				"frames": [
					{
						"width": 250,
						"height": 250,
						"originX": 0.5,
						"originY": 0.5,
						"originalSource": "",
						"exportFormat": "lossless",
						"exportQuality": 0.8,
						"imageSpriteId": 299697,
						"useCollisionPoly": true,
						"duration": 1,
						"tag": ""
					}
				],
				"sid": 559785917239436,
				"name": "Animation 1",
				"isLooping": false,
				"isPingPong": false,
				"repeatCount": 1,
				"repeatTo": 0,
				"speed": 5
			}
		],
		"subfolders": []
	}
}