{
	"name": "Bintang",
	"plugin-id": "Sprite",
	"sid": 283335190792112,
	"isGlobal": false,
	"instanceVariables": [
		{
			"name": "item",
			"type": "number",
			"desc": "",
			"sid": 548316010319570
		}
	],
	"behaviorTypes": [
		{
			"behaviorId": "Tween",
			"name": "Tween",
			"sid": 979838495044907
		},
		{
			"behaviorId": "Pin",
			"name": "Pin",
			"sid": 471300154102529
		}
	],
	"effectTypes": [],
	"animations": {
		"items": [
			{
				"frames": [
					{
						"width": 131,
						"height": 126,
						"originX": 0.5,
						"originY": 0.5,
						"originalSource": "",
						"exportFormat": "lossless",
						"exportQuality": 0.8,
						"imageSpriteId": 4409637,
						"useCollisionPoly": true,
						"duration": 1
					},
					{
						"width": 131,
						"height": 126,
						"originX": 0.5,
						"originY": 0.5,
						"originalSource": "",
						"exportFormat": "lossless",
						"exportQuality": 0.8,
						"imageSpriteId": 1550169,
						"useCollisionPoly": true,
						"duration": 1
					}
				],
				"sid": 613863302576012,
				"name": "Animation 1",
				"isLooping": false,
				"isPingPong": false,
				"repeatCount": 1,
				"repeatTo": 0,
				"speed": 0
			}
		],
		"subfolders": []
	}
}