{
	"name": "TileTurning",
	"plugin-id": "Sprite",
	"sid": 218374428385494,
	"isGlobal": false,
	"instanceVariables": [],
	"behaviorTypes": [
		{
			"behaviorId": "Physics",
			"name": "Physics",
			"sid": 936973097974992
		}
	],
	"effectTypes": [],
	"animations": {
		"items": [
			{
				"frames": [
					{
						"width": 250,
						"height": 250,
						"originX": 0.5,
						"originY": 0.5,
						"originalSource": "",
						"exportFormat": "lossless",
						"exportQuality": 0.8,
						"imageSpriteId": 1305955,
						"useCollisionPoly": true,
						"duration": 1
					},
					{
						"width": 252,
						"height": 141,
						"originX": 0.5,
						"originY": 0.10638297872340426,
						"originalSource": "",
						"exportFormat": "lossless",
						"exportQuality": 0.8,
						"imageSpriteId": 9053758,
						"collisionPoly": {
							"points": [
								0.5138888888888888,
								0.031914893617021295,
								0.9821428571428572,
								0.9840425531914894,
								0.012896825396825396,
								0.9804964539007093
							]
						},
						"useCollisionPoly": true,
						"duration": 1
					}
				],
				"sid": 211620337674490,
				"name": "Animation 1",
				"isLooping": false,
				"isPingPong": false,
				"repeatCount": 1,
				"repeatTo": 0,
				"speed": 0
			}
		],
		"subfolders": []
	}
}