{
	"name": "scrollArea",
	"plugin-id": "Sprite",
	"sid": 855270978137292,
	"isGlobal": false,
	"instanceVariables": [
		{
			"name": "atasY",
			"type": "number",
			"desc": "",
			"sid": 995492635282336
		},
		{
			"name": "bawahY",
			"type": "number",
			"desc": "",
			"sid": 639732198826067
		}
	],
	"behaviorTypes": [
		{
			"behaviorId": "DragnDrop",
			"name": "DragDrop",
			"sid": 677491288138944
		}
	],
	"effectTypes": [],
	"animations": {
		"items": [
			{
				"frames": [
					{
						"width": 50,
						"height": 50,
						"originX": 0,
						"originY": 0,
						"originalSource": "",
						"exportFormat": "lossless",
						"exportQuality": 0.8,
						"imageSpriteId": 6189904,
						"useCollisionPoly": true,
						"duration": 1
					}
				],
				"sid": 452069503165214,
				"name": "Animation 1",
				"isLooping": false,
				"isPingPong": false,
				"repeatCount": 1,
				"repeatTo": 0,
				"speed": 5
			}
		],
		"subfolders": []
	}
}