{
	"name": "TileBiru",
	"plugin-id": "Sprite",
	"sid": 908416363299628,
	"isGlobal": false,
	"instanceVariables": [
		{
			"name": "TileX",
			"type": "number",
			"desc": "",
			"show": true,
			"sid": 594533951695876
		},
		{
			"name": "TileY",
			"type": "number",
			"desc": "",
			"show": true,
			"sid": 838299125411310
		},
		{
			"name": "DahDitembak",
			"type": "boolean",
			"desc": "",
			"show": true,
			"sid": 208336619785797
		},
		{
			"name": "AdaBot",
			"type": "boolean",
			"desc": "",
			"show": true,
			"sid": 205118095617750
		}
	],
	"behaviorTypes": [],
	"effectTypes": [],
	"animations": {
		"items": [
			{
				"frames": [
					{
						"width": 250,
						"height": 250,
						"originX": 0.5,
						"originY": 0.5,
						"originalSource": "",
						"exportFormat": "lossless",
						"exportQuality": 0.8,
						"imageSpriteId": 4528499,
						"useCollisionPoly": true,
						"duration": 1
					},
					{
						"width": 250,
						"height": 250,
						"originX": 0.5,
						"originY": 0.5,
						"originalSource": "",
						"exportFormat": "lossless",
						"exportQuality": 0.8,
						"imageSpriteId": 49464,
						"useCollisionPoly": true,
						"duration": 1
					}
				],
				"sid": 405809236458581,
				"name": "Animation 1",
				"isLooping": false,
				"isPingPong": false,
				"repeatCount": 1,
				"repeatTo": 0,
				"speed": 0
			}
		],
		"subfolders": []
	}
}