{
	"name": "Event sheet 1",
	"events": [
		{
			"eventType": "variable",
			"name": "spaceX",
			"type": "number",
			"initialValue": "116",
			"comment": "",
			"isStatic": false,
			"isConstant": false,
			"sid": 170161670207681
		},
		{
			"eventType": "variable",
			"name": "spaceY",
			"type": "number",
			"initialValue": "116",
			"comment": "",
			"isStatic": false,
			"isConstant": false,
			"sid": 457713977100751
		},
		{
			"eventType": "variable",
			"name": "countTile",
			"type": "number",
			"initialValue": "0",
			"comment": "",
			"isStatic": false,
			"isConstant": false,
			"sid": 994494285721321
		},
		{
			"eventType": "variable",
			"name": "frameNum",
			"type": "number",
			"initialValue": "6",
			"comment": "",
			"isStatic": false,
			"isConstant": false,
			"sid": 194176229955779
		},
		{
			"eventType": "block",
			"conditions": [
				{
					"id": "on-start-of-layout",
					"objectClass": "System",
					"sid": 700892569281610
				}
			],
			"actions": [],
			"sid": 627807697847820,
			"children": [
				{
					"eventType": "variable",
					"name": "x",
					"type": "number",
					"initialValue": "200",
					"comment": "",
					"isStatic": false,
					"isConstant": false,
					"sid": 416422401298659
				},
				{
					"eventType": "variable",
					"name": "y",
					"type": "number",
					"initialValue": "86",
					"comment": "",
					"isStatic": false,
					"isConstant": false,
					"sid": 958544708863263
				},
				{
					"eventType": "block",
					"conditions": [
						{
							"id": "for",
							"objectClass": "System",
							"sid": 881244682038808,
							"parameters": {
								"name": "\"\"",
								"start-index": "1",
								"end-index": "9"
							}
						}
					],
					"actions": [],
					"sid": 936319239167977,
					"children": [
						{
							"eventType": "block",
							"conditions": [
								{
									"id": "for",
									"objectClass": "System",
									"sid": 219895336271691,
									"parameters": {
										"name": "\"\"",
										"start-index": "1",
										"end-index": "9"
									}
								}
							],
							"actions": [
								{
									"id": "add-to-eventvar",
									"objectClass": "System",
									"sid": 419134007218949,
									"parameters": {
										"variable": "countTile",
										"value": "1"
									}
								},
								{
									"id": "create-object",
									"objectClass": "System",
									"sid": 388617117024282,
									"parameters": {
										"object-to-create": "Sprite",
										"layer": "\"Main\"",
										"x": "x",
										"y": "y",
										"create-hierarchy": false,
										"template-name": "\"\""
									}
								},
								{
									"id": "create-object",
									"objectClass": "System",
									"sid": 153065861553254,
									"parameters": {
										"object-to-create": "Text",
										"layer": "\"Main\"",
										"x": "x",
										"y": "y",
										"create-hierarchy": false,
										"template-name": "\"\""
									}
								},
								{
									"id": "set-animation-frame",
									"objectClass": "Sprite",
									"sid": 603448168646832,
									"parameters": {
										"frame-number": "frameNum"
									}
								},
								{
									"id": "set-size",
									"objectClass": "Sprite",
									"sid": 490742816884293,
									"parameters": {
										"width": "116",
										"height": "116"
									}
								},
								{
									"id": "set-size",
									"objectClass": "Text",
									"sid": 200792571937618,
									"parameters": {
										"width": "100",
										"height": "100"
									}
								},
								{
									"id": "add-to-eventvar",
									"objectClass": "System",
									"sid": 221412454857914,
									"parameters": {
										"variable": "x",
										"value": "spacex"
									}
								},
								{
									"id": "set-text",
									"objectClass": "Text",
									"sid": 258343885497971,
									"parameters": {
										"text": "countTile"
									}
								},
								{
									"id": "set-font-size",
									"objectClass": "Text",
									"sid": 951642911706621,
									"parameters": {
										"size-pt": "30"
									}
								},
								{
									"id": "add-to-eventvar",
									"objectClass": "System",
									"sid": 622269845712211,
									"parameters": {
										"variable": "frameNum",
										"value": "1"
									}
								}
							],
							"sid": 593852277216194,
							"children": [
								{
									"eventType": "block",
									"conditions": [
										{
											"id": "compare-eventvar",
											"objectClass": "System",
											"sid": 427146815702878,
											"parameters": {
												"variable": "frameNum",
												"comparison": 4,
												"value": "32"
											}
										}
									],
									"actions": [
										{
											"id": "set-eventvar-value",
											"objectClass": "System",
											"sid": 634280360816560,
											"parameters": {
												"variable": "frameNum",
												"value": "6"
											}
										}
									],
									"sid": 310691563751108
								}
							]
						},
						{
							"eventType": "block",
							"conditions": [],
							"actions": [
								{
									"id": "add-to-eventvar",
									"objectClass": "System",
									"sid": 537160286165141,
									"parameters": {
										"variable": "y",
										"value": "spacey"
									}
								},
								{
									"id": "set-eventvar-value",
									"objectClass": "System",
									"sid": 843773610673692,
									"parameters": {
										"variable": "x",
										"value": "200"
									}
								}
							],
							"sid": 204229054966791
						}
					]
				}
			]
		},
		{
			"functionName": "getPosNumber",
			"functionDescription": "",
			"functionCategory": "",
			"functionReturnType": "number",
			"functionCopyPicked": false,
			"functionIsAsync": false,
			"functionParameters": [],
			"eventType": "function-block",
			"conditions": [],
			"actions": [],
			"sid": 986055576443227
		}
	],
	"sid": 466575882908273
}