{
	"name": "Quiz",
	"layers": [
		{
			"name": "Layer 0",
			"overriden": 0,
			"subLayers": [],
			"instances": [
				{
					"type": "Bg",
					"properties": {
						"initially-visible": true,
						"initial-animation": "Animation 1",
						"initial-frame": 0,
						"enable-collisions": true,
						"live-preview": false
					},
					"uid": 61,
					"instanceVariables": {},
					"behaviors": {},
					"world": {
						"x": 0,
						"y": 0,
						"width": 1920,
						"height": 1080,
						"originX": 0,
						"originY": 0,
						"color": [
							1,
							1,
							1,
							1
						],
						"angle": 0,
						"zElevation": 0
					}
				},
				{
					"type": "Sprite",
					"properties": {
						"initially-visible": true,
						"initial-animation": "Animation 1",
						"initial-frame": 21,
						"enable-collisions": true,
						"live-preview": false
					},
					"uid": 69,
					"instanceVariables": {
						"IsClickable": "",
						"Goto": "",
						"Item": ""
					},
					"behaviors": {
						"Tween": {
							"properties": {
								"enabled": true
							}
						}
					},
					"world": {
						"x": 963,
						"y": 539,
						"width": 1920,
						"height": 1080,
						"originX": 0.5,
						"originY": 0.5,
						"color": [
							1,
							1,
							1,
							1
						],
						"angle": 0,
						"zElevation": 0
					}
				},
				{
					"type": "Garisan",
					"properties": {
						"initially-visible": true,
						"origin": "top-left",
						"wrap-horizontal": "repeat",
						"wrap-vertical": "repeat",
						"image-offset-x": 0,
						"image-offset-y": 0,
						"image-scale-x": 1,
						"image-scale-y": 1,
						"image-angle": 0,
						"enable-tile-randomization": false,
						"x-random": 1,
						"y-random": 1,
						"angle-random": 1,
						"blend-margin-x": 0.1,
						"blend-margin-y": 0.1
					},
					"uid": 70,
					"instanceVariables": {
						"Jawapan": 0,
						"Done": true
					},
					"behaviors": {},
					"world": {
						"x": 65,
						"y": 1111,
						"width": 15,
						"height": 17,
						"originX": 0,
						"originY": 0,
						"color": [
							1,
							1,
							1,
							1
						],
						"angle": 0,
						"zElevation": 0
					}
				},
				{
					"type": "TempatJawapan",
					"properties": {
						"initially-visible": true,
						"initial-animation": "Animation 1",
						"initial-frame": 0,
						"enable-collisions": true,
						"live-preview": false
					},
					"uid": 75,
					"instanceVariables": {
						"Jawapan": 3,
						"Pilihan": 1,
						"Done": false,
						"SedangDipilih": 0,
						"Item": "1"
					},
					"behaviors": {},
					"world": {
						"x": 190,
						"y": 505.5,
						"width": 227,
						"height": 200,
						"originX": 0.5,
						"originY": 0.5,
						"color": [
							1,
							1,
							1,
							1
						],
						"angle": 0,
						"zElevation": 0
					}
				},
				{
					"type": "TempatJawapan",
					"properties": {
						"initially-visible": true,
						"initial-animation": "Animation 1",
						"initial-frame": 0,
						"enable-collisions": true,
						"live-preview": false
					},
					"uid": 76,
					"instanceVariables": {
						"Jawapan": 2,
						"Pilihan": 1,
						"Done": false,
						"SedangDipilih": 0,
						"Item": "2"
					},
					"behaviors": {},
					"world": {
						"x": 606,
						"y": 506,
						"width": 227,
						"height": 200,
						"originX": 0.5,
						"originY": 0.5,
						"color": [
							1,
							1,
							1,
							1
						],
						"angle": 0,
						"zElevation": 0
					}
				},
				{
					"type": "TempatJawapan",
					"properties": {
						"initially-visible": true,
						"initial-animation": "Animation 1",
						"initial-frame": 0,
						"enable-collisions": true,
						"live-preview": false
					},
					"uid": 81,
					"instanceVariables": {
						"Jawapan": 1,
						"Pilihan": 1,
						"Done": false,
						"SedangDipilih": 0,
						"Item": "3"
					},
					"behaviors": {},
					"world": {
						"x": 967,
						"y": 504,
						"width": 227,
						"height": 200,
						"originX": 0.5,
						"originY": 0.5,
						"color": [
							1,
							1,
							1,
							1
						],
						"angle": 0,
						"zElevation": 0
					}
				},
				{
					"type": "TempatJawapan",
					"properties": {
						"initially-visible": true,
						"initial-animation": "Animation 1",
						"initial-frame": 0,
						"enable-collisions": true,
						"live-preview": false
					},
					"uid": 82,
					"instanceVariables": {
						"Jawapan": 2,
						"Pilihan": 1,
						"Done": false,
						"SedangDipilih": 0,
						"Item": "4"
					},
					"behaviors": {},
					"world": {
						"x": 1319,
						"y": 513,
						"width": 227,
						"height": 200,
						"originX": 0.5,
						"originY": 0.5,
						"color": [
							1,
							1,
							1,
							1
						],
						"angle": 0,
						"zElevation": 0
					}
				},
				{
					"type": "TempatJawapan",
					"properties": {
						"initially-visible": true,
						"initial-animation": "Animation 1",
						"initial-frame": 0,
						"enable-collisions": true,
						"live-preview": false
					},
					"uid": 83,
					"instanceVariables": {
						"Jawapan": 3,
						"Pilihan": 1,
						"Done": false,
						"SedangDipilih": 0,
						"Item": "5"
					},
					"behaviors": {},
					"world": {
						"x": 1695,
						"y": 506,
						"width": 227,
						"height": 200,
						"originX": 0.5,
						"originY": 0.5,
						"color": [
							1,
							1,
							1,
							1
						],
						"angle": 0,
						"zElevation": 0
					}
				},
				{
					"type": "TempatJawapan",
					"properties": {
						"initially-visible": true,
						"initial-animation": "Animation 1",
						"initial-frame": 0,
						"enable-collisions": true,
						"live-preview": false
					},
					"uid": 84,
					"instanceVariables": {
						"Jawapan": 2,
						"Pilihan": -1,
						"Done": false,
						"SedangDipilih": 0,
						"Item": ""
					},
					"behaviors": {},
					"world": {
						"x": 595,
						"y": 888,
						"width": 227,
						"height": 200,
						"originX": 0.5,
						"originY": 0.5,
						"color": [
							1,
							1,
							1,
							1
						],
						"angle": 0,
						"zElevation": 0
					}
				},
				{
					"type": "TempatJawapan",
					"properties": {
						"initially-visible": true,
						"initial-animation": "Animation 1",
						"initial-frame": 0,
						"enable-collisions": true,
						"live-preview": false
					},
					"uid": 85,
					"instanceVariables": {
						"Jawapan": 3,
						"Pilihan": -1,
						"Done": false,
						"SedangDipilih": 0,
						"Item": ""
					},
					"behaviors": {},
					"world": {
						"x": 805,
						"y": 1251,
						"width": 227,
						"height": 200,
						"originX": 0.5,
						"originY": 0.5,
						"color": [
							1,
							1,
							1,
							1
						],
						"angle": 0,
						"zElevation": 0
					}
				},
				{
					"type": "TempatJawapan",
					"properties": {
						"initially-visible": true,
						"initial-animation": "Animation 1",
						"initial-frame": 0,
						"enable-collisions": true,
						"live-preview": false
					},
					"uid": 86,
					"instanceVariables": {
						"Jawapan": 2,
						"Pilihan": -1,
						"Done": false,
						"SedangDipilih": 0,
						"Item": ""
					},
					"behaviors": {},
					"world": {
						"x": 1342,
						"y": 1250,
						"width": 227,
						"height": 200,
						"originX": 0.5,
						"originY": 0.5,
						"color": [
							1,
							1,
							1,
							1
						],
						"angle": 0,
						"zElevation": 0
					}
				},
				{
					"type": "TempatJawapan",
					"properties": {
						"initially-visible": true,
						"initial-animation": "Animation 1",
						"initial-frame": 0,
						"enable-collisions": true,
						"live-preview": false
					},
					"uid": 87,
					"instanceVariables": {
						"Jawapan": 3,
						"Pilihan": -1,
						"Done": false,
						"SedangDipilih": 0,
						"Item": ""
					},
					"behaviors": {},
					"world": {
						"x": 956,
						"y": 877,
						"width": 227,
						"height": 200,
						"originX": 0.5,
						"originY": 0.5,
						"color": [
							1,
							1,
							1,
							1
						],
						"angle": 0.002230828752088687,
						"zElevation": 0
					}
				},
				{
					"type": "TempatJawapan",
					"properties": {
						"initially-visible": true,
						"initial-animation": "Animation 1",
						"initial-frame": 0,
						"enable-collisions": true,
						"live-preview": false
					},
					"uid": 88,
					"instanceVariables": {
						"Jawapan": 1,
						"Pilihan": -1,
						"Done": false,
						"SedangDipilih": 0,
						"Item": ""
					},
					"behaviors": {},
					"world": {
						"x": 1317,
						"y": 877,
						"width": 227,
						"height": 200,
						"originX": 0.5,
						"originY": 0.5,
						"color": [
							1,
							1,
							1,
							1
						],
						"angle": 0,
						"zElevation": 0
					}
				},
				{
					"type": "Awan",
					"properties": {
						"initially-visible": true,
						"initial-animation": "Default",
						"initial-frame": 0,
						"enable-collisions": true,
						"live-preview": false
					},
					"uid": 92,
					"instanceVariables": {},
					"behaviors": {
						"Sine": {
							"properties": {
								"movement": "horizontal",
								"wave": "sine",
								"period": 8,
								"period-random": 0,
								"period-offset": 0,
								"period-offset-random": 0,
								"magnitude": 50,
								"magnitude-random": 0,
								"enabled": true,
								"live-preview": false
							}
						}
					},
					"world": {
						"x": 1964,
						"y": 121,
						"width": 808,
						"height": 270,
						"originX": 0.5,
						"originY": 0.5,
						"color": [
							1,
							1,
							1,
							1
						],
						"angle": 0,
						"zElevation": 0
					}
				},
				{
					"type": "Awan",
					"properties": {
						"initially-visible": true,
						"initial-animation": "Default",
						"initial-frame": 0,
						"enable-collisions": true,
						"live-preview": false
					},
					"uid": 93,
					"instanceVariables": {},
					"behaviors": {
						"Sine": {
							"properties": {
								"movement": "horizontal",
								"wave": "sine",
								"period": 8,
								"period-random": 0,
								"period-offset": 0,
								"period-offset-random": 0,
								"magnitude": 50,
								"magnitude-random": 0,
								"enabled": true,
								"live-preview": false
							}
						}
					},
					"world": {
						"x": -40,
						"y": 204,
						"width": 808,
						"height": 270,
						"originX": 0.5,
						"originY": 0.5,
						"color": [
							1,
							1,
							1,
							1
						],
						"angle": 0,
						"zElevation": 0
					}
				},
				{
					"type": "Sprite",
					"properties": {
						"initially-visible": false,
						"initial-animation": "Animation 1",
						"initial-frame": 11,
						"enable-collisions": true,
						"live-preview": false
					},
					"uid": 89,
					"instanceVariables": {
						"IsClickable": "Y",
						"Goto": "QuizAnswer",
						"Item": ""
					},
					"behaviors": {
						"Tween": {
							"properties": {
								"enabled": true
							}
						}
					},
					"world": {
						"x": 1740,
						"y": 991,
						"width": 300,
						"height": 103,
						"originX": 0.5,
						"originY": 0.5,
						"color": [
							1,
							1,
							1,
							1
						],
						"angle": 0,
						"zElevation": 0
					}
				},
				{
					"type": "Text",
					"properties": {
						"text": "Text",
						"enable-bbcode": true,
						"font": "Palatino",
						"size": 30,
						"line-height": 0,
						"bold": false,
						"italic": false,
						"color": [
							0,
							0,
							0,
							1
						],
						"horizontal-alignment": "left",
						"vertical-alignment": "center",
						"wrapping": "word",
						"text-direction": "ltr",
						"icon-set": -1,
						"initially-visible": true,
						"origin": "center",
						"read-aloud": false
					},
					"uid": 142,
					"instanceVariables": {
						"Item": 0
					},
					"behaviors": {},
					"world": {
						"x": 930,
						"y": 1234,
						"width": 1313.1664463250092,
						"height": 293.7769132561117,
						"originX": 0.5,
						"originY": 0.5,
						"color": [
							1,
							1,
							1,
							1
						],
						"angle": 0,
						"zElevation": 0
					}
				},
				{
					"type": "Sprite",
					"properties": {
						"initially-visible": true,
						"initial-animation": "Animation 1",
						"initial-frame": 28,
						"enable-collisions": true,
						"live-preview": false
					},
					"uid": 146,
					"instanceVariables": {
						"IsClickable": "Y",
						"Goto": "FormulaChoose",
						"Item": ""
					},
					"behaviors": {
						"Tween": {
							"properties": {
								"enabled": true
							}
						}
					},
					"world": {
						"x": 185,
						"y": 994,
						"width": 300,
						"height": 104,
						"originX": 0.5,
						"originY": 0.5,
						"color": [
							1,
							1,
							1,
							1
						],
						"angle": 0,
						"zElevation": 0
					}
				},
				{
					"type": "Sprite",
					"properties": {
						"initially-visible": true,
						"initial-animation": "Animation 1",
						"initial-frame": 40,
						"enable-collisions": true,
						"live-preview": false
					},
					"uid": 160,
					"instanceVariables": {
						"IsClickable": "Y",
						"Goto": "Reset",
						"Item": "Reset"
					},
					"behaviors": {
						"Tween": {
							"properties": {
								"enabled": true
							}
						}
					},
					"world": {
						"x": 1803,
						"y": 118,
						"width": 167,
						"height": 167,
						"originX": 0.5,
						"originY": 0.5,
						"color": [
							1,
							1,
							1,
							1
						],
						"angle": 0,
						"zElevation": 0
					}
				},
				{
					"type": "Sprite",
					"properties": {
						"initially-visible": false,
						"initial-animation": "Animation 1",
						"initial-frame": 22,
						"enable-collisions": true,
						"live-preview": false
					},
					"uid": 161,
					"instanceVariables": {
						"IsClickable": "",
						"Goto": "",
						"Item": "1"
					},
					"behaviors": {
						"Tween": {
							"properties": {
								"enabled": true
							}
						}
					},
					"world": {
						"x": 300,
						"y": 600,
						"width": 182,
						"height": 174,
						"originX": 0.5,
						"originY": 0.5,
						"color": [
							1,
							1,
							1,
							1
						],
						"angle": 0,
						"zElevation": 0
					}
				},
				{
					"type": "Sprite",
					"properties": {
						"initially-visible": false,
						"initial-animation": "Animation 1",
						"initial-frame": 22,
						"enable-collisions": true,
						"live-preview": false
					},
					"uid": 162,
					"instanceVariables": {
						"IsClickable": "",
						"Goto": "",
						"Item": "2"
					},
					"behaviors": {
						"Tween": {
							"properties": {
								"enabled": true
							}
						}
					},
					"world": {
						"x": 704,
						"y": 600,
						"width": 182,
						"height": 174,
						"originX": 0.5,
						"originY": 0.5,
						"color": [
							1,
							1,
							1,
							1
						],
						"angle": 0,
						"zElevation": 0
					}
				},
				{
					"type": "Sprite",
					"properties": {
						"initially-visible": false,
						"initial-animation": "Animation 1",
						"initial-frame": 22,
						"enable-collisions": true,
						"live-preview": false
					},
					"uid": 163,
					"instanceVariables": {
						"IsClickable": "",
						"Goto": "",
						"Item": "3"
					},
					"behaviors": {
						"Tween": {
							"properties": {
								"enabled": true
							}
						}
					},
					"world": {
						"x": 1076,
						"y": 600,
						"width": 182,
						"height": 174,
						"originX": 0.5,
						"originY": 0.5,
						"color": [
							1,
							1,
							1,
							1
						],
						"angle": 0,
						"zElevation": 0
					}
				},
				{
					"type": "Sprite",
					"properties": {
						"initially-visible": false,
						"initial-animation": "Animation 1",
						"initial-frame": 22,
						"enable-collisions": true,
						"live-preview": false
					},
					"uid": 164,
					"instanceVariables": {
						"IsClickable": "",
						"Goto": "",
						"Item": "4"
					},
					"behaviors": {
						"Tween": {
							"properties": {
								"enabled": true
							}
						}
					},
					"world": {
						"x": 1441,
						"y": 600,
						"width": 182,
						"height": 174,
						"originX": 0.5,
						"originY": 0.5,
						"color": [
							1,
							1,
							1,
							1
						],
						"angle": 0,
						"zElevation": 0
					}
				},
				{
					"type": "Sprite",
					"properties": {
						"initially-visible": false,
						"initial-animation": "Animation 1",
						"initial-frame": 22,
						"enable-collisions": true,
						"live-preview": false
					},
					"uid": 165,
					"instanceVariables": {
						"IsClickable": "",
						"Goto": "",
						"Item": "5"
					},
					"behaviors": {
						"Tween": {
							"properties": {
								"enabled": true
							}
						}
					},
					"world": {
						"x": 1801,
						"y": 600,
						"width": 182,
						"height": 174,
						"originX": 0.5,
						"originY": 0.5,
						"color": [
							1,
							1,
							1,
							1
						],
						"angle": 0,
						"zElevation": 0
					}
				},
				{
					"type": "Text2",
					"properties": {
						"text": "",
						"enable-bbcode": true,
						"font": "Palatino",
						"size": 30,
						"line-height": 0,
						"bold": false,
						"italic": false,
						"color": [
							0,
							0,
							0,
							1
						],
						"horizontal-alignment": "left",
						"vertical-alignment": "center",
						"wrapping": "word",
						"text-direction": "ltr",
						"icon-set": -1,
						"initially-visible": true,
						"origin": "center",
						"read-aloud": false
					},
					"uid": 211,
					"instanceVariables": {
						"Item": 0
					},
					"behaviors": {},
					"world": {
						"x": 684,
						"y": 50,
						"width": 1313.1664463250092,
						"height": 293.7769132561117,
						"originX": 0.5,
						"originY": 0.5,
						"color": [
							1,
							1,
							1,
							1
						],
						"angle": 0,
						"zElevation": 0
					}
				}
			],
			"sid": 354093022939665,
			"effectTypes": [],
			"isInitiallyVisible": true,
			"isInitiallyInteractive": true,
			"isHTMLElementsLayer": false,
			"color": [
				1,
				1,
				1,
				1
			],
			"backgroundColor": [
				0.3686274509803922,
				0.3686274509803922,
				0.3686274509803922,
				1
			],
			"isTransparent": false,
			"parallaxX": 1,
			"parallaxY": 1,
			"scaleRate": 1,
			"forceOwnTexture": false,
			"renderingMode": "3d",
			"drawOrder": "z-order",
			"useRenderCells": false,
			"blendMode": "normal",
			"zElevation": 0,
			"global": false
		}
	],
	"sid": 417908212223773,
	"nonworld-instances": [],
	"effectTypes": [],
	"width": 3840,
	"height": 2160,
	"unboundedScrolling": false,
	"vpX": 0.5,
	"vpY": 0.5,
	"projection": "perspective",
	"eventSheet": "Event sheet 1"
}