{"propertiesBar":{"properties":[{"name":"About","expanded":true,"children":[]},{"name":"Colors","expanded":true,"children":[]},{"name":"Startup","expanded":true,"children":[]},{"name":"Display","expanded":true,"children":[{"name":"Viewport size","expanded":false,"children":[]}]},{"name":"Advanced","expanded":true,"children":[]},{"name":"Compatibility settings","expanded":true,"children":[]},{"name":"Editor","expanded":true,"children":[]}],"scrollPosition":0},"openTabs":{"active":{"name":"Forms","type":"layout"},"open":[{"name":"Mainmenu","type":"layout"},{"name":"Forms","type":"layout"},{"name":"Learn","type":"layout"},{"name":"Pretest","type":"layout"},{"name":"PretestAnswer","type":"layout"},{"name":"FormulaChoose","type":"layout"},{"name":"CRuleStart","type":"layout"},{"name":"LRuleStart","type":"layout"},{"name":"PRuleStart","type":"layout"},{"name":"CRuleLearn","type":"layout"},{"name":"LRuleLearn","type":"layout"},{"name":"PRuleLearn","type":"layout"},{"name":"Event sheet 1","type":"eventSheet"},{"name":"PRuleLearn2","type":"layout"},{"name":"Exercise","type":"layout"},{"name":"Exercise2","type":"layout"},{"name":"QuizAnswer","type":"layout"},{"name":"Quiz","type":"layout"},{"name":"Congrats","type":"layout"}]},"previewEffects":true,"previewBrowser":"default","pauseOnUnfocus":false,"projectBar":{"name":"<root>","children":[{"name":"Mf4u","expanded":true,"children":[{"name":"Layouts","expanded":true,"children":[{"name":"Mainmenu","expanded":true,"children":[]},{"name":"Forms","expanded":true,"children":[]},{"name":"Learn","expanded":true,"children":[]},{"name":"Pretest","expanded":true,"children":[]},{"name":"PretestAnswer","expanded":true,"children":[]},{"name":"FormulaChoose","expanded":true,"children":[]},{"name":"CRuleStart","expanded":true,"children":[]},{"name":"LRuleStart","expanded":true,"children":[]},{"name":"PRuleStart","expanded":true,"children":[]},{"name":"CRuleLearn","expanded":true,"children":[]},{"name":"LRuleLearn","expanded":true,"children":[]},{"name":"PRuleLearn","expanded":true,"children":[]},{"name":"PRuleLearn2","expanded":true,"children":[]},{"name":"Exercise","expanded":true,"children":[]},{"name":"Exercise2","expanded":true,"children":[]},{"name":"Quiz","expanded":true,"children":[]},{"name":"QuizAnswer","expanded":true,"children":[]},{"name":"Congrats","expanded":true,"children":[]}]},{"name":"Event sheets","expanded":true,"children":[{"name":"Event sheet 1","expanded":true,"children":[]}]},{"name":"Scripts","expanded":true,"children":[]},{"name":"Object types","expanded":true,"children":[{"name":"AJAX","expanded":true,"children":[]},{"name":"Audio","expanded":true,"children":[]},{"name":"Awan","expanded":true,"children":[]},{"name":"Bg","expanded":true,"children":[]},{"name":"DebugText","expanded":true,"children":[]},{"name":"Garisan","expanded":true,"children":[]},{"name":"Particles","expanded":true,"children":[]},{"name":"Sprite","expanded":true,"children":[]},{"name":"TempatJawapan","expanded":true,"children":[]},{"name":"Text","expanded":true,"children":[]},{"name":"Text2","expanded":true,"children":[]},{"name":"TextInput","expanded":true,"children":[]},{"name":"Touch","expanded":true,"children":[]}]},{"name":"Families","expanded":true,"children":[]},{"name":"Timelines","expanded":true,"children":[{"name":"Eases","expanded":false,"children":[]},{"name":"Timeline 1","expanded":true,"children":[]}]},{"name":"Flowcharts","expanded":true,"children":[]},{"name":"Sounds","expanded":true,"children":[{"name":"18ogos","expanded":true,"children":[{"name":"Let-s continue with more 1.webm","expanded":true,"children":[]},{"name":"Now it-s your turn to pra 1.webm","expanded":true,"children":[]},{"name":"Now let-s test our overa 1.webm","expanded":true,"children":[]},{"name":"Welcome to the Constant R 3 new.webm","expanded":true,"children":[]},{"name":"Welcome to the Line Rule 1 new.webm","expanded":true,"children":[]},{"name":"Welcome to the Power Rule 1 (1).webm","expanded":true,"children":[]}]},{"name":"Effect","expanded":true,"children":[{"name":"ApplouseEffect.webm","expanded":true,"children":[]},{"name":"catEffect.webm","expanded":true,"children":[]},{"name":"ClickEffect.webm","expanded":true,"children":[]},{"name":"Fireworks.webm","expanded":true,"children":[]},{"name":"Ting.webm","expanded":true,"children":[]}]},{"name":"Assalamualaikum and Hi st 4.webm","expanded":true,"children":[]},{"name":"Here you will learn thre 2.webm","expanded":true,"children":[]},{"name":"Let-s begin our learning 1.webm","expanded":true,"children":[]},{"name":"Math Formula For You or M 5.webm","expanded":true,"children":[]},{"name":"Now that you-re familiar 1.webm","expanded":true,"children":[]},{"name":"To start let-s take a qu 2.webm","expanded":true,"children":[]}]},{"name":"Music","expanded":true,"children":[]},{"name":"Videos","expanded":true,"children":[]},{"name":"Fonts","expanded":true,"children":[]},{"name":"Icons & screenshots","expanded":true,"children":[{"name":"icon-128.png","expanded":true,"children":[]},{"name":"icon-16.png","expanded":true,"children":[]},{"name":"icon-256.png","expanded":true,"children":[]},{"name":"icon-32.png","expanded":true,"children":[]},{"name":"icon-512.png","expanded":true,"children":[]},{"name":"icon-64.png","expanded":true,"children":[]},{"name":"loading-logo.png","expanded":true,"children":[]}]},{"name":"Files","expanded":true,"children":[]}]}]},"propertiesBarActiveObject":{"name":"instances","type":"array"}}